name,Occurrence,order,Main page,Store Link,Accessible,Multiplayer,Social,Creator,HMD,Origin,Store,Price,Number of Reviews,Temp_reviews_no_n/a,Normalized reviews,Web Visitor Count,Normalized visitors,Z-score,Order_formula,Main Focus,Online Count,Rating,summary,Download Count,#Player in the Most Popular Room,Platform Type,Platform availability,Hints for room creation,Room creation,Room creation detailed,Official Creator Documentation Main Page,Official First Step Guide,Unofficial Tutorials,Creator Description,Main Page Web Metric,Monthly Active Users,Events,Scholar Articles
Microsoft Mesh,,15,https://www.microsoft.com/en-us/microsoft-teams/microsoft-mesh,https://www.meta.com/en-gb/experiences/microsoft-mesh/6750166401689690/,Yes,Yes,Yes,Yes,,quest_query_data_metaverse,Quest,0,75,75,-0.2678234305,3491000000,5.874353327,5.606529896,,,,38,"Microsoft Mesh erm&#xf6;glicht es Ihrer flexiblen Belegschaft, sich wie nie zuvor in einem immersiven 3D-Raum zu verbinden, sodass virtuelle Besprechungen und Events sich mehr wie pers&#xf6;nliche Treffen anf&#xfc;hlen. Treten Sie &#xfc;ber die Microsoft Mesh-App Microsoft Teams-Besprechungen bei. Greifen Sie auf Mesh auf PC-, Meta Quest 2-, Meta Quest 3- und Meta Quest Pro-Ger&#xe4;te zu.",,,,,,,,,,,,,,,
VRChat,,1,vrchat.com,https://store.steampowered.com/app/438100/VRChat/?snr=1_7_7_151_150_1,Yes,Yes,Yes,Yes,,steam_query_data_metaverse,Steam,,223788,223788,5.663577982,9072000,-0.1787561089,5.484821874,,,,74%,,,,,,,,,,,,,,,,
Rec Room,,4,https://recroom.com/,https://store.steampowered.com/app/471710/Rec_Room/?snr=1_7_7_151_150_1,Yes,Yes,Yes,Yes,,steam_query_data_vr_multiplayer,Steam,,65671,65671,1.471352241,330865,-0.1939520138,1.277400228,,,,90%,,,,,,,,,,,,,,,,
Roblox,,7,https://www.roblox.com/,https://www.meta.com/en-gb/experiences/roblox/5804350719675181/,Yes,Yes,Yes,Yes,,quest_query_data_metaverse,Quest,0,7029,7029,-0.08344896219,728800000,1.07244505,0.9889960875,,,,76,"Roblox lets you explore and share experiences with friends. With over 66 million daily active users and a huge variety of 3D immersive experiences created by a global community, there&#x2019;s always something new to discover.",,,,,,,,,,,,,,,
Yeeps: Hide and Seek,,2,https://godsofgravityvr.com/pages/yeeps-hide-and-seek,https://www.oculus.com/experiences/quest/7276525889052788/,Yes,Yes,Yes,Yes,Quest,QuestDB,Quest,Free,43140,43140,0.8739779036,3297,-0.1945214699,0.6794564337,,"Social, Action",,,,,,,,"Create Anything
Block-based building isn’t just for pillows. Enter Creative Mode to unleash your creativity and build entire worlds from the ground up",,,,,,,,,,
GRAB,,7,https://grabvr.quest/,https://www.meta.com/en-gb/experiences/grab/4104088956355944/,Yes,Yes,Yes,Yes,,quest_query_data_social,Quest,0,10615,10615,0.01162823702,0,-0.1945272015,-0.1828989645,,,,98,"Experience the thrill of VR platforming in GRAB, where you can parkour through user-created levels with friends and build your own.",,,,,,,,,,,,,,,
Meta Horizon Worlds,,8,https://www.meta.com/en-gb/experiences/meta-horizon-worlds/2532035600194083/,https://www.meta.com/en-gb/experiences/meta-horizon-worlds/2532035600194083/,Yes,Yes,Yes,Yes,Yes,Google search,Meta,Free,"9,113","9,113",-0.02819495127,19610000,-0.160436469,-0.1886314203,,#N/A,,,,,,,,,,,,,,,,,,
Penguin Paradise,,21,http://www.savastudios.xyz/,https://www.oculus.com/experiences/quest/5817303821616533/,Yes,Yes,Yes,Yes,Quest,QuestDB,Quest,Free,4421,4421,-0.1525960162,0,-0.1945272015,-0.3471232176,,"Adventure, Battle Royale",,,,,,,,"World Masters - You are in charge! Build your own penguin paradise world, invite your friends to join, and play mini games.",,,,,,,,,,
DigiGods: Build and Battle,,22,https://www.digigods.gg/,https://www.oculus.com/experiences/quest/6859397944122034/,Yes,Yes,Yes,Yes,Quest,QuestDB,Quest,Free,4170,4170,-0.1592508898,0,-0.1945272015,-0.3537780913,,"Social, Casual",,,,,,,,"CREATE, PLAY, & SHARE in a physics-based sandbox environment where you can shoot, parkour, or simulate any type of gameplay you desire, taking the best of VR goofiness.",,,,,,,,,,
Remio,,19,https://www.remiovr.com/,https://www.meta.com/en-gb/experiences/remio/5120897861344596/,Yes,Yes,Yes,Yes,,quest_query_data_social,Quest,0,3517,3517,-0.1765641668,1845,-0.1945239941,-0.3710881608,,,,94,"Play lots of free games!

Complete Obstacles and Puzzle Races!

Make epic YouTube content!

Role play!

Be birds or spiders!

Live in cities and build houses!

Join our Discord: https://discord.com/invite/YrZwpCANQN",,,,,,,,,,,,,,,
Acadicus,,18,https://acadicus.com/,https://acadicus.com/getting-started-with-acadicus/,Yes,Yes,No,,Yes,Google search,Main page,Free,N/A,,,,,,,Teaching,,,,,,,,,,,,,,,,,,
ChilloutVR,,8,https://abinteractive.net/,https://store.steampowered.com/app/661130/ChilloutVR/?snr=1_7_7_151_150_1,Yes,Yes,Yes,Yes,,steam_query_data_metaverse,Steam,,2332,2332,-0.2079825943,13447,-0.1945038247,-0.402486419,,,,81%,,,,,,,,,,,,,,,,
VRChat,,3,https://hello.vrchat.com/,,Yes,Yes,,,Yes,Google search,"Steam, SteamVR, Pico, Meta, Google Play, Rift,Viveport",Free,,,,,,,,,,,,,,,,,,,,,,,,,,
VRChat,,2,https://hello.vrchat.com/,https://store.steampowered.com/app/438100/VRChat/?snr=1_7_7_151_150_1,,Yes,Yes,Yes,,steam_query_data_vr_multiplayer,Steam,,223785,,,,,,,,,74%,,,,,,,,,,,,,,,,
Neos VR,,14,https://neos.com/,https://store.steampowered.com/app/740250/Neos_VR/,Yes,Yes,Yes,Yes,Yes,Google search,Steam,Free,2245,2245,-0.2102892636,6153,-0.1945165049,-0.4048057685,,,,,,,,,,,,,,,,,,,,
Rec Room,,3,,https://www.oculus.com/experiences/quest/2173678582678296/,Yes,Yes,,,Quest,QuestDB,Quest,Free,31771,,,,,,,"Sports, Arcade",,,,,,,,,,,,,,,,,,
VRChat,,2,,https://store.steampowered.com/app/438100/VRChat/?curator_clanid=4777282,Yes,Yes,,,Yes,SteamDB,Steam,Free,"224,520",,,,,,,Social,23119,,,,,,,,,,,,,,,,,
Rec Room,,4,https://recroom.com/,#N/A,Yes,Yes,,,Yes,Google search,"Steam, SteamVR, Pico, Meta, Google Play, Rift,Viveport",#N/A,,,,,,,,#N/A,,,,,,,,,,,,,,,,,,
VRChat,,5,,https://www.oculus.com/experiences/quest/1856672347794301/,Yes,Yes,,,Quest,QuestDB,Quest,Free,27170,,,,,,,"Social, ",,,,,,,,,,,,,,,,,,
Villa: AI Creation & Collaboration,,36,https://www.villa.rocks/,https://www.oculus.com/experiences/quest/4784171281624823/,Yes,Yes,Yes,Yes,Quest,QuestDB,Quest,Free,2192,2192,-0.211694476,1652,-0.1945243296,-0.4062188056,,"Social, Productivity",,,,,,,,,,,,,,,,,,
AltspaceVR,,54,http://www.altvr.com/,https://www.oculus.com/experiences/quest/2133027990157329/,Yes,Yes,Yes,Yes,Quest,QuestDB,Quest,Free,1106,1106,-0.2404880729,1307,-0.1945249293,-0.4350130022,,"Social, ",,,,,,,,,,,,,,,,,,
Rec Room,,6,,https://store.steampowered.com/app/438100/VRChat/?curator_clanid=4777282,Yes,Yes,,,Yes,SteamDB,Steam,Free,,,,,,,,"Social, Games",946,,,,,,,,,,,,,,,,,
Resonite,,16,https://resonite.com/,https://store.steampowered.com/app/2519830/Resonite/?snr=1_7_7_151_150_1,Yes,Yes,Yes,Yes,,steam_query_data_vr_multiplayer,Steam,,1041,1041,-0.2422114465,118901,-0.1943204997,-0.4365319462,,,,82%,,,,,,,,,,,,,,,,
Meta Horizon Worlds,,2,https://www.meta.com/en-gb/experiences/meta-horizon-worlds/2532035600194083/,https://www.meta.com/en-gb/experiences/meta-horizon-worlds/2532035600194083/,Yes,Yes,Yes,Yes,,quest_query_data_metaverse,Quest,0,9082,,,,,,,,,72,"Willkommen bei Meta Horizon Worlds! Ganz gleich, ob du eine Community, Games, Events oder von allem etwas suchst &#x2013; diese App ist der ideale Ort daf&#xfc;r. Mit immer wieder neuen Welten und Quests gibt es stets etwas zu entdecken.",,,,,,,,,,,,,,,
Capuchin,,11,https://capuchinvr.com/,https://www.oculus.com/experiences/quest/5409297455797322/,Yes,Yes,Yes,No,Quest,QuestDB,Quest,Free,8570,,,,,,,"Adventure, Action",,,,,,,,,,,,,,,,,,
Multiverse,,1,https://www.multiverseupdates.com/,https://www.meta.com/en-gb/experiences/multiverse/1976071352472244/,Yes,Yes,Yes,Yes,,quest_query_data_metaverse,Quest,0,1001,1001,-0.2432719842,3783,-0.194520625,-0.4377926091,,,,70,"Multiverse &#x2013; das Metaversum F&#xfc;r die Menschen, Von den Menschen.",,,,,,,,,,,,,,,
Vegas Infinite by PokerStars,,9,https://www.vegasinfinite.com/,https://store.steampowered.com/app/886250/Vegas_Infinite_by_PokerStars/?snr=1_7_7_151_150_1,,,No,,,steam_query_data_vr_multiplayer,Steam,,5852,,,,,,,,,81%,,,,,,,,,,,,,,,,
Roblox,,2,https://www.meta.com/en-gb/experiences/roblox/5804350719675181/,https://www.meta.com/en-gb/experiences/roblox/5804350719675181/,Yes,Yes,,,,quest_query_data_social,Quest,0,7029,,,,,,,,,76,"Roblox lets you explore and share experiences with friends. With over 66 million daily active users and a huge variety of 3D immersive experiences created by a global community, there&#x2019;s always something new to discover.",,,,,,,,,,,,,,,
Vegas Infinite by PokerStars,,88,https://www.pokerstars.com/poker/learn/category/pokerstars-vr/,https://store.steampowered.com/app/886250/Vegas_Infinite_by_PokerStars/,Yes,Yes,No,,Yes,Google search,Steam,Free,5910,,,,,,,#N/A,,,,,,,,,,,,,,,,,,
Gun Raiders,,18,https://gunraiders.com/,https://www.oculus.com/experiences/quest/3982869578392875/,Yes,Yes,Yes,No,Quest,QuestDB,Quest,Free,5412,,,,,,,"Shooting, Action",,,,,,,,"Hub & Chill
For those looking for something slower pace, hang out in the hub with other players and make new friends.",,,,,,,,,,
Zenith: Nexus,,34,https://zenithmmo.com/,https://store.steampowered.com/app/1403370/Zenith_Nexus/?snr=1_7_7_151_150_1,,Yes,No,,,steam_query_data_vr_multiplayer,Steam,,4393,,,,,,,,,69%,,,,,,,,,,,,,,,,
Meta Horizon Worlds,,10,,https://www.oculus.com/experiences/quest/2532035600194083/,Yes,Yes,,,Quest,QuestDB,Quest,Free,8683,,,,,,,"Social, ",,,,,,,,,,,,,,,,,,
Bigscreen Beta,,1,https://www.bigscreenvr.com/,https://www.meta.com/en-gb/experiences/2497738113633933/,Yes,,Yes,No,Yes,Google search,Meta,Free,"4,498",,,,,,,,,,,,,,,,,,,,,,,,,
VRChat,,10,https://www.meta.com/en-gb/experiences/vrchat/1856672347794301/,https://www.meta.com/en-gb/experiences/vrchat/1856672347794301/,Yes,Yes,,,,quest_query_data_social,Quest,0,27507,,,,,,,,,74,Make Friends and Explore an Endless Stream of Community Made Worlds and Avatars,,,,,,,,,,,,,,,
Spatial,,33,https://www.spatial.io/,https://www.meta.com/en-gb/experiences/spatial/2927141310670477/,Yes,Yes,Yes,Yes,,quest_query_data_social,Quest,0,557,557,-0.255043952,1628000,-0.1916970275,-0.4467409794,,,,72,"Join millions worldwide to explore 3D virtual worlds, customize your identity, and collaborate with friends. With stunning graphics and live voice and text chat, Spatial is the perfect platform to unlock your imagination! Explore endless immersive worlds, customize your avatar, connect with millions of creators, and build your own worlds with no coding or fees. Your World Awaits!

Linkin.bio/spatial_io
https://support.spatial.io/hc/en-us
https://www.spatial.io/terms
https://www.spatial.io/guide",,,,,,,,,,,,,,,
Bigscreen Beta,,15,https://www.bigscreenvr.com/,https://store.steampowered.com/app/457550/Bigscreen_Beta/?snr=1_7_7_151_150_1,,Yes,Yes,No,,steam_query_data_vr_multiplayer,Steam,,3068,,,,,,,,,85%,,,,,,,,,,,,,,,,
Sansar,,33,https://www.sansar.com/,https://store.steampowered.com/app/586110/Sansar/?snr=1_7_7_151_150_1,Yes,Yes,Yes,Yes,,steam_query_data_metaverse,Steam,,615,615,-0.2535061724,65619,-0.194413127,-0.4479192994,,,,52%,,,,,,,,,,,,,,,,
WGT Golf,,10,https://www.wgt.com/,https://store.steampowered.com/app/1182020/WGT_Golf/?snr=1_7_7_151_150_1,,,Yes,No,,steam_query_data_vr_multiplayer,Steam,,2611,,,,,,,,,62%,,,,,,,,,,,,,,,,
beanvr,,12,-,"https://www.meta.com/en-gb/experiences/pcvr/1117067631733272/
https://store.steampowered.com/app/638920/BeanVRThe_Social_VR_APP/
https://www.viveport.com/apps/3dda2260-a5cc-470b-b880-5cd7f35bc48d?hl=en-US",No,Yes,,,Yes,Google search,"Meta
Steam
Vive","Not downloadable
Free
Free",32,,,,,,,,,,,,,,,,,,,,,,,,,
Derby,,27,https://throwback.studio/,https://www.meta.com/en-gb/experiences/derby/5981971501867491/,Yes,Yes,Yes,Yes,,quest_query_data_social,Quest,0,454,454,-0.2577748364,0,-0.1945272015,-0.4523020378,,,,84,"Derby is the best place to meet friends, play ball, and make fun videos.

Enter a social virtual park, unleash your swing and throw heat!

Casually compete with friends in a 1v1, or become a champ on the leaderboards.

Earn Peanuts to spend in the Snack Shack on a rotating selection of swag. 

Become a member to earn exclusive rewards, and craft your own private park to host insane fan lobbies with friends.

Hit dingers, become a star, and change the game! It&#x2019;s all possible in Derby.",,,,,,,,,,,,,,,
Immersed,,31,https://immersed.com/,https://www.oculus.com/experiences/quest/2849273531812512/,Yes,Yes,Yes,No,Quest,QuestDB,Quest,Free,2618,,,,,,,"Productivity, Utilities",,,,,,,,,,,,,,,,,,
Roblox,,14,,https://www.oculus.com/experiences/quest/5804350719675181/,Yes,Yes,,,Quest,QuestDB,Quest,Free,6657,,,,,,,"Arcade, Social",,,,,,,,,,,,,,,,,,
Cebus,,34,https://sites.google.com/view/sl-studios/home,https://www.oculus.com/experiences/quest/6404015439622172/,Yes,Yes,Yes,No,Quest,QuestDB,Quest,Free,2312,,,,,,,"Adventure, Horror",,,,,,,,"For those who prefer a more relaxed experience, our sandbox mode allows you to explore and interact with the world at your own pace.",,,,,,,,,,
Viveport Verse,,113,https://www.viverse.com/,https://www.viveport.com/apps/2e307556-9387-42e0-9c39-fa472758c410?hl=en-US,Yes,Yes,Yes,Yes,Yes,Google search,Main page,Free,N/A,285,-0.2622556079,173418,-0.1942257254,-0.4564813332,,,,,,,,,,,,,,,,,,,,
FRAME,First,49,https://framevr.io/,https://framevr.io/,Yes,Yes,Yes,Yes,Yes,Google search,Online,Free,N/A,285,-0.2622556079,34281,-0.1944676061,-0.456723214,,,,,,,,,,,,,,,,,,,,
Somnium Space,First,124,https://somniumspace.com/,https://somniumspace.com/,Yes,Yes,Yes,Yes,Yes,Google search,,Free,N/A,285,-0.2622556079,25677,-0.1944825637,-0.4567381715,,,,,,,,,,,,,,,,,,,,
Sinespace,First,101,https://sine.space/,https://sine.space/vr,Yes,Yes,Yes,Yes,Yes,Google search,,Free,N/A,285,-0.2622556079,4242,-0.194519827,-0.4567754349,,,,,,,,,,,,,,,,,,,,
Oasis VR,First,61,,https://store.steampowered.com/app/1163130/Oasis_VR/?snr=1_7_7_151_150_2,,Yes,,,,steam_query_data_vr_multiplayer,Steam,,1885,,,,,,,,,84%,,,,,,,,,,,,,,,,
Cube Runners,First,5,https://www.meta.com/en-gb/experiences/cube-runners/8390456747663346/,https://www.meta.com/en-gb/experiences/cube-runners/8390456747663346/,Yes,Yes,Yes,No,,quest_query_data_social,Quest,0,2106,,,,,,,,,82,Cube Runners A Fun Multiplayer Game.,,,,,,,,,,,,,,,
Monkeys Place,First,39,https://luwigames.com/index.html,https://www.oculus.com/experiences/quest/6198284860201271/,Yes,Yes,Yes,No,Quest,QuestDB,Quest,Free,1902,,,,,,,"Casual, Simulation",,,,,,,,,,,,,,,,,,
Oasis,First,80,,https://store.steampowered.com/app/1163130/Oasis_VR/,Yes,Yes,,,Yes,Google search,Steam,Free,1884,,,,,,,#N/A,,,,,,,,,,,,,,,,,,
DOWNSHOT,First,40,https://www.downshotvr.com/,https://www.oculus.com/experiences/quest/9166521666722742/,Yes,Yes,Yes,No,Quest,QuestDB,Quest,Free,1871,,,,,,,"Fighting, Shooting",,,,,,,,"Fully physics based multiplayer. Built in mod support. Spawnable weapons, blades, tools, props, enemies, and more. Highly optimized for incredible multiplayer sandbox performance. Explore vast and breathtaking levels. Chat with friends over built in voice chat. Versatile weapons with many uses. Experimental gravity and scaling physics! More content coming soon!",,,,,,,,,,
The Under Presents,First,41,https://tenderclaws.com/,https://www.oculus.com/experiences/quest/1917371471713228/,Yes,Yes,Yes,No,Quest,QuestDB,Quest,Free,1797,,,,,,,"Theatre, Experimental",,,,,,,,,,,,,,,,,,
AChat,First,19,,https://store.steampowered.com/app/1245610/AChat/?curator_clanid=4777282,No,Yes,,,Yes,SteamDB,Steam,Free,,,,,,,,"Social, Sexual Content",42,,,,,,,,,,,,,,,,,
Meta Horizon Worlds,First,42,https://www.oculus.com/,https://www.oculus.com/experiences/quest/3002729676463989/,Yes,Yes,Yes,Yes,Quest,QuestDB,Quest,Free,1721,,,,,,,"Sports, Music",,,,,,,,,,,,,,,,,,
Sail,First,46,https://www.sail-vr.com/,https://www.oculus.com/experiences/quest/4861702420530349/,Yes,Yes,Yes,No,Quest,QuestDB,Quest,Free,1552,,,,,,,"Adventure, RPG (Role Playing Games)",,,,,,,,"- Social Lobbies: Join forces with friends or make new ones in the pirate social lobbies.
",,,,,,,,,,
Monkeys Realm,First,48,https://luwigames.com/,https://www.oculus.com/experiences/quest/5764893640283538/,Yes,Yes,Yes,No,Quest,QuestDB,Quest,Free,1428,,,,,,,"Adventure, Action",,,,,,,,you can play minigames or just jump around and have fun in different maps,,,,,,,,,,
Bigscreen Beta,First,20,,https://www.oculus.com/experiences/quest/2497738113633933/,Yes,Yes,,,Quest,QuestDB,Quest,Free,4439,,,,,,,"Utilities, Media & Streaming",,,,,,,,,,,,,,,,,,
ChilloutVR,First,20,,https://store.steampowered.com/app/661130/ChilloutVR/?snr=1_7_7_151_150_1,,Yes,,,,steam_query_data_vr_multiplayer,Steam,,2332,,,,,,,,,81%,,,,,,,,,,,,,,,,
Meta Quest TV,First,45,,https://www.oculus.com/experiences/quest/1931356740318898/,Yes,No,,,Quest,QuestDB,Quest,Free,1626,,,,,,,"Media & Streaming, ",,,,,,,,,,,,,,,,,,
Monkey Mischief,First,69,,https://store.steampowered.com/app/3098490/Monkey_Mischief/?curator_clanid=4777282,No,Yes,,,Yes,SteamDB,Steam,Free,,,,,,,,"Games, Social",0,,,,,,,,,,,,,,,,,
Yep!,First,73,,https://store.steampowered.com/app/3058320/Yep/?curator_clanid=4777282,No,Yes,,,Yes,SteamDB,Steam,Free,,,,,,,,"Music, Social",0,,,,,,,,,,,,,,,,,
3DXChat,First,84,,https://store.steampowered.com/app/2257780/3DXChat/?curator_clanid=4777282,No,Yes,,,Yes,SteamDB,Steam,Free,,,,,,,,"Social, Sexual Content",0,,,,,,,,,,,,,,,,,
Paper Play VR,First,87,,https://store.steampowered.com/app/2601840/Paper_Play_VR/?curator_clanid=4777282,Demo,Yes,,,Yes,SteamDB,Steam,Free,,,,,,,,"Social, Games",0,,,,,,,,,,,,,,,,,
CoreVR,First,91,,https://store.steampowered.com/app/2864660/CoreVR/?curator_clanid=4777282,No,Yes,,,Yes,SteamDB,Steam,Free,,,,,,,,Social,0,,,,,,,,,,,,,,,,,
MikoVerse,First,93,,https://store.steampowered.com/app/1914710/MikoVerse/?curator_clanid=4777282,Book,Yes,,,Yes,SteamDB,Steam,Free,,,,,,,,Social,0,,,,,,,,,,,,,,,,,
World Xplore,First,96,,https://store.steampowered.com/app/2708960/World_Xplore/?curator_clanid=4777282,No,Yes,,,Yes,SteamDB,Steam,Free,,,,,,,,Social,0,,,,,,,,,,,,,,,,,
District VR,First,100,,https://store.steampowered.com/app/2732650/District_VR/?curator_clanid=4777282,No,Yes,,,Yes,SteamDB,Steam,Free,,,,,,,,"Music, Social",0,,,,,,,,,,,,,,,,,
Trivia Crack World,First,105,,https://steamdb.info/app/2690890/,No,Yes,,,Yes,SteamDB,Steam,Free,,,,,,,,"Games, Social",0,,,,,,,,,,,,,,,,,
大千 VAST,First,117,,https://store.steampowered.com/app/2562450/_VAST/?curator_clanid=4777282,Book,Yes,,,Yes,SteamDB,Steam,Free,,,,,,,,Social,0,,,,,,,,,,,,,,,,,
Scenez,First,129,,https://store.steampowered.com/app/2154520/Scenez/?curator_clanid=4777282,No,Yes,,,Yes,SteamDB,Steam,Free,,,,,,,,"Music, Social",0,,,,,,,,,,,,,,,,,
PoligonVR,First,130,,https://store.steampowered.com/app/2336430/PoligonVR/?curator_clanid=4777282,No,Yes,,,Yes,SteamDB,Steam,Free,,,,,,,,Social,0,,,,,,,,,,,,,,,,,
Virtex Stadium,First,134,,https://store.steampowered.com/app/1690050/Virtex_Stadium/?curator_clanid=4777282,Book,Yes,,,Yes,SteamDB,Steam,Free,,,,,,,,Social,0,,,,,,,,,,,,,,,,,
GT:VR,First,150,,https://store.steampowered.com/app/2234300/GTVR/?curator_clanid=4777282,Book,Yes,,,Yes,SteamDB,Steam,Free,,,,,,,,Social,0,,,,,,,,,,,,,,,,,
ChilloutVR,,21,,https://store.steampowered.com/app/661130/ChilloutVR/?curator_clanid=4777282,Yes,Yes,,,Yes,SteamDB,Steam,Free,,,,,,,,Social,39,,,,,,,,,,,,,,,,,
SIX 3D: Metaverse,First,153,,https://store.steampowered.com/app/2177350/SIX_3D_Metaverse/?curator_clanid=4777282,No,Yes,,,Yes,SteamDB,Steam,Free,,,,,,,,"Social, Games",0,,,,,,,,,,,,,,,,,
Many Worlds VR,First,170,,https://store.steampowered.com/app/1496000/Many_Worlds_VR/?curator_clanid=4777282,No,Yes,,,Yes,SteamDB,Steam,Free,,,,,,,,Social,0,,,,,,,,,,,,,,,,,
RhyVerse,First,175,,https://store.steampowered.com/app/1954260/RhyVerse/?curator_clanid=4777282,Book,Yes,,,Yes,SteamDB,Steam,Free,,,,,,,,Social,0,,,,,,,,,,,,,,,,,
Virtual Tokyo Tower,First,177,,https://store.steampowered.com/app/1959860/Virtual_Tokyo_Tower/?curator_clanid=4777282,No,Yes,,,Yes,SteamDB,Steam,Free,,,,,,,,"Social, Events",0,,,,,,,,,,,,,,,,,
Betaverse,First,184,,https://store.steampowered.com/app/1542350/Betaverse/?curator_clanid=4777282,No,Yes,,,Yes,SteamDB,Steam,Free,,,,,,,,"Social, Games",0,,,,,,,,,,,,,,,,,
Galaxity : Terminal21 VR,First,186,,https://store.steampowered.com/app/1881830/Galaxity__Terminal21_VR/?curator_clanid=4777282,No,Yes,,,Yes,SteamDB,Steam,Free,,,,,,,,"Social, Shopping",0,,,,,,,,,,,,,,,,,
PLANET THETA,First,193,,https://store.steampowered.com/app/1840020/PLANET_THETA/?curator_clanid=4777282,No,Yes,,,Yes,SteamDB,Steam,Free,,,,,,,,Social,0,,,,,,,,,,,,,,,,,
MageCosmos,First,198,,https://store.steampowered.com/app/1617080/MageCosmos/?curator_clanid=4777282,No,Yes,,,Yes,SteamDB,Steam,Free,,,,,,,,Social,0,,,,,,,,,,,,,,,,,
Immersion Sector,First,199,,https://store.steampowered.com/app/1676360/Immersion_Sector/?curator_clanid=4777282,No,Yes,,,Yes,SteamDB,Steam,Free,,,,,,,,Social,0,,,,,,,,,,,,,,,,,
COMICOMI VR云漫展,First,205,,https://store.steampowered.com/app/1681610/COMICOMI_VR/?curator_clanid=4777282,No,Yes,,,Yes,SteamDB,Steam,Free,,,,,,,,Social,0,,,,,,,,,,,,,,,,,
ToyPark - physics-based social VR platform,First,212,,https://store.steampowered.com/app/1723460/ToyPark__physicsbased_social_VR_platform/?curator_clanid=4777282,No,Yes,,,Yes,SteamDB,Steam,Free,,,,,,,,Social,0,,,,,,,,,,,,,,,,,
Dance Central,First,49,https://www.dancecentral.com/,https://www.oculus.com/experiences/quest/2453152771391571/,Yes,Yes,Yes,No,Quest,QuestDB,Quest,Free,1377,,,,,,,"Sports, Music & Rhythm",,,,,,,,"meet up with friends in the multiplayer lounge to party, chat, and dance your hearts out",,,,,,,,,,
Galaxity : Bangkok VR,First,218,,https://store.steampowered.com/app/1650920/Galaxity__Bangkok_VR/?curator_clanid=4777282,No,Yes,,,Yes,SteamDB,Steam,Free,,,,,,,,Social,0,,,,,,,,,,,,,,,,,
Go Clubbing,First,219,,https://store.steampowered.com/app/1627250/Go_Clubbing/?curator_clanid=4777282,No,Yes,,,Yes,SteamDB,Steam,Free,,,,,,,,Social,0,,,,,,,,,,,,,,,,,
Eden,First,227,,https://store.steampowered.com/app/1229910/Eden/?curator_clanid=4777282,No,Yes,,,Yes,SteamDB,Steam,Free,,,,,,,,Social,0,,,,,,,,,,,,,,,,,
KowloonVR,First,229,,https://store.steampowered.com/app/1522520/KowloonVR/?curator_clanid=4777282,No,Yes,,,Yes,SteamDB,Steam,Free,,,,,,,,Social,0,,,,,,,,,,,,,,,,,
Discovery,First,230,,https://store.steampowered.com/app/1530530/Discovery/?curator_clanid=4777282,No,Yes,,,Yes,SteamDB,Steam,Free,,,,,,,,Social,0,,,,,,,,,,,,,,,,,
Wings VR,First,245,,https://store.steampowered.com/app/1204900/Wings_VR/?curator_clanid=4777282,No,Yes,,,Yes,SteamDB,Steam,Free,,,,,,,,Social,0,,,,,,,,,,,,,,,,,
Windfall,First,262,,https://store.steampowered.com/app/841290/Windfall/?curator_clanid=4777282,No,Yes,,,Yes,SteamDB,Steam,Free,,,,,,,,Social,0,,,,,,,,,,,,,,,,,
Overte,First,83,https://overte.org/,https://overte.org/index.html,Yes,Yes,Yes,Yes,Yes,Google search,,Free,N/A,285,-0.2622556079,1683,-0.1945242757,-0.4567798836,,,,,,,,,,,,,,,,,,,,
Bigscreen Beta,,23,,https://store.steampowered.com/app/457550/Bigscreen_Beta/?curator_clanid=4777282,Yes,Yes,,,Yes,SteamDB,Steam,Free,,,,,,,,Social,35,,,,,,,,,,,,,,,,,
Hibow,First,53,https://chesstar.com/hibowen.html,https://www.oculus.com/experiences/quest/3687705861311054/,Yes,Yes,No,No,Quest,QuestDB,Quest,Free,1110,,,,,,,"Shooting, Battle Royale",,,,,,,,"Multiplayer lobby, social upgrade",,,,,,,,,,
Yeeps: Hide and Seek,First,23,https://www.meta.com/en-gb/experiences/yeeps-hide-and-seek/7276525889052788/,https://www.meta.com/en-gb/experiences/yeeps-hide-and-seek/7276525889052788/,Yes,Yes,,,,quest_query_data_social,Quest,0,53273,,,,,,,,,98,"Yeeps: Hide and Seek takes the best movement VR has to offer and builds on it, literally! Your belly is full of stuffing used to craft anything from pillows for building to bombs for destruction. Pull items from your vast imagination and toss them into the world. The game&#x2019;s intuitive block-based building makes it easy to express your creativity at any skill level.",,,,,,,,,,,,,,,
War Thunder,First,1,,https://store.steampowered.com/app/236390/War_Thunder/?snr=1_7_7_151_150_1,,No,,,,steam_query_data_vr_multiplayer,Steam,,529170,,,,,,,,,73%,,,,,,,,,,,,,,,,
Third Room,First,75,https://thirdroom.io/landing,thirdroom.io,Yes,Yes,Yes,Yes,Yes,Google search,,Free,N/A,285,-0.2622556079,1183,-0.1945251449,-0.4567807528,,,,,,,,,,,,,,,,,,,,
DCS World Steam Edition,First,3,,https://store.steampowered.com/app/223750/DCS_World_Steam_Edition/?snr=1_7_7_151_150_1,,No,,,,steam_query_data_vr_multiplayer,Steam,,34035,,,,,,,,,85%,,,,,,,,,,,,,,,,
Remio,First,25,,https://www.oculus.com/experiences/quest/5120897861344596/,Yes,Yes,,,Quest,QuestDB,Quest,Free,3143,,,,,,,"Social, ",,,,,,,,Live in cities and build houses!,,,,,,,,,,
Scary Ghost VR Demo: Multiplayer,First,5,,https://store.steampowered.com/app/3063780/Scary_Ghost_VR_Multiplayer/?snr=1_7_7_151_150_1,,No,,,,steam_query_data_vr_multiplayer,Steam,,0,,,,,,,,,-,,,,,,,,,,,,,,,,
Real Pool 3D - Poolians,First,6,,https://store.steampowered.com/app/670290/Real_Pool_3D__Poolians/?snr=1_7_7_151_150_1,,No,,,,steam_query_data_vr_multiplayer,Steam,,13824,,,,,,,,,77%,,,,,,,,,,,,,,,,
RaceRoom Racing Experience,First,7,,https://store.steampowered.com/app/211500/RaceRoom_Racing_Experience/?snr=1_7_7_151_150_1,,No,,,,steam_query_data_vr_multiplayer,Steam,,21607,,,,,,,,,74%,,,,,,,,,,,,,,,,
One-armed cook,First,8,,https://store.steampowered.com/app/1977530/Onearmed_cook/?snr=1_7_7_151_150_1,,No,,,,steam_query_data_vr_multiplayer,Steam,,24426,,,,,,,,,92%,,,,,,,,,,,,,,,,
Vircadia,First,112,https://vircadia.com/,https://app.vircadia.com/#/,Yes,Yes,Yes,Yes,,Google search,,Free,N/A,285,-0.2622556079,899,-0.1945256386,-0.4567812465,,,,,,,,,,,,,,,,,,,,
Cards & Tankards,First,30,https://cardsandtankards.com/,https://store.steampowered.com/app/1506850/Cards__Tankards/?snr=1_7_7_151_150_1,,Yes,Yes,No,,steam_query_data_vr_multiplayer,Steam,,769,,,,,,,,,89%,,,,,,,,,,,,,,,,
McOsu,First,11,,https://store.steampowered.com/app/607260/McOsu/?snr=1_7_7_151_150_1,,No,,,,steam_query_data_vr_multiplayer,Steam,,6005,,,,,,,,,88%,,,,,,,,,,,,,,,,
SCP: Labrat,First,12,,https://store.steampowered.com/app/1402020/SCP_Labrat/?snr=1_7_7_151_150_1,,No,,,,steam_query_data_vr_multiplayer,Steam,,3646,,,,,,,,,82%,,,,,,,,,,,,,,,,
Google Earth VR,First,13,,https://store.steampowered.com/app/348250/Google_Earth_VR/?snr=1_7_7_151_150_1,,No,,,,steam_query_data_vr_multiplayer,Steam,,3815,,,,,,,,,94%,,,,,,,,,,,,,,,,
Propagation VR,First,14,,https://store.steampowered.com/app/1363430/Propagation_VR/?snr=1_7_7_151_150_1,,No,,,,steam_query_data_vr_multiplayer,Steam,,5343,,,,,,,,,94%,,,,,,,,,,,,,,,,
Half + Half,First,4,https://www.meta.com/en-gb/experiences/half-half/2035353573194060/,https://www.meta.com/en-gb/experiences/half-half/2035353573194060/,Yes,Yes,Yes,No,,quest_query_data_social,Quest,0,886,,,,,,,,,78,"Half + Half is a multiplayer game about fun &amp; connection. Glide or Swim through open-ended spaces. Play human tetris with friends, or Hide &amp; Seek where you&#x2019;re two inches tall.",,,,,,,,,,,,,,,
Kong,First,59,https://sites.google.com/view/kongvr/home,https://www.oculus.com/experiences/quest/5930522500329653/,Yes,Yes,No,No,Quest,QuestDB,Quest,Free,885,,,,,,,"Arcade, Social",,,,,,,,Try out countdown or just chill in casual,,,,,,,,,,
Tales of Escape,First,17,,https://store.steampowered.com/app/587860/Tales_of_Escape/?snr=1_7_7_151_150_1,,No,,,,steam_query_data_vr_multiplayer,Steam,,2034,,,,,,,,,62%,,,,,,,,,,,,,,,,
Epic Roller Coasters,First,18,,https://store.steampowered.com/app/787790/Epic_Roller_Coasters/?snr=1_7_7_151_150_1,,No,,,,steam_query_data_vr_multiplayer,Steam,,656,,,,,,,,,64%,,,,,,,,,,,,,,,,
Rise of Flight United,First,19,,https://store.steampowered.com/app/244050/Rise_of_Flight_United/?snr=1_7_7_151_150_1,,No,,,,steam_query_data_vr_multiplayer,Steam,,2467,,,,,,,,,55%,,,,,,,,,,,,,,,,
Monke Buddys,First,62,https://sites.google.com/view/monkebuddysvr/home,https://www.oculus.com/experiences/quest/5282789891825317/,Yes,Yes,No,No,Quest,QuestDB,Quest,Free,729,,,,,,,"Adventure, Action",,,,,,,,,,,,,,,,,,
Zaccaria Pinball,First,21,,https://store.steampowered.com/app/444930/Zaccaria_Pinball/?snr=1_7_7_151_150_1,,No,,,,steam_query_data_vr_multiplayer,Steam,,1475,,,,,,,,,83%,,,,,,,,,,,,,,,,
SinVR,First,22,,https://store.steampowered.com/app/966870/SinVR/?snr=1_7_7_151_150_1,,No,,,,steam_query_data_vr_multiplayer,Steam,,1255,,,,,,,,,59%,,,,,,,,,,,,,,,,
IronWolf: Free Non-VR Edition,First,23,,https://store.steampowered.com/app/2530670/IronWolf_Free_NonVR_Edition/?snr=1_7_7_151_150_1,,No,,,,steam_query_data_vr_multiplayer,Steam,,435,,,,,,,,,94%,,,,,,,,,,,,,,,,
Tabletopia,First,24,,https://store.steampowered.com/app/402560/Tabletopia/?snr=1_7_7_151_150_1,,No,,,,steam_query_data_vr_multiplayer,Steam,,1577,,,,,,,,,63%,,,,,,,,,,,,,,,,
Hyper Dash,First,25,,https://store.steampowered.com/app/1386890/Hyper_Dash/?snr=1_7_7_151_150_1,,No,,,,steam_query_data_vr_multiplayer,Steam,,299,,,,,,,,,87%,,,,,,,,,,,,,,,,
Horizon Workrooms,First,61,https://forwork.meta.com/de/en/horizon-workrooms/,https://www.meta.com/en-gb/experiences/2514011888645651/?utm_source=forwork.meta.com&utm_medium=oculusredirect,Yes,Yes,Yes,No,Yes,Google search,Meta,Free,724,,,,,,,,,,,,,,,,,,,,,,,,,
Chaos,First,27,,https://store.steampowered.com/app/1230410/Chaos/?snr=1_7_7_151_150_1,,No,,,,steam_query_data_vr_multiplayer,Steam,,3862,,,,,,,,,88%,,,,,,,,,,,,,,,,
Monkey Mischief,,29,,https://www.oculus.com/experiences/quest/5077064592389695/,Yes,Yes,,,Quest,QuestDB,Quest,Free,2676,,,,,,,"Action, Horror",,,,,,,,,,,,,,,,,,
FPS Game: Dev Test,First,29,,https://store.steampowered.com/app/1901200/FPS_Game_Dev_Test/?snr=1_7_7_151_150_1,,No,,,,steam_query_data_vr_multiplayer,Steam,,1397,,,,,,,,,85%,,,,,,,,,,,,,,,,
Neos VR,First,29,https://store.steampowered.com/app/740250/Neos_VR/?snr=1_7_7_151_150_1,https://store.steampowered.com/app/740250/Neos_VR/?snr=1_7_7_151_150_1,,Yes,,,,steam_query_data_metaverse,Steam,,2246,,,,,,,,,54%,,,,,,,,,,,,,,,,
Surgeon Simulator VR: Meet The Medic,First,31,,https://store.steampowered.com/app/457420/Surgeon_Simulator_VR_Meet_The_Medic/?snr=1_7_7_151_150_1,,No,,,,steam_query_data_vr_multiplayer,Steam,,518,,,,,,,,,76%,,,,,,,,,,,,,,,,
Aces High III,First,32,,https://store.steampowered.com/app/651090/Aces_High_III/?snr=1_7_7_151_150_1,,No,,,,steam_query_data_vr_multiplayer,Steam,,385,,,,,,,,,59%,,,,,,,,,,,,,,,,
Blaston,First,33,,https://store.steampowered.com/app/1427890/Blaston/?snr=1_7_7_151_150_1,,No,,,,steam_query_data_vr_multiplayer,Steam,,553,,,,,,,,,91%,,,,,,,,,,,,,,,,
Horizon Workrooms,,64,https://forwork.meta.com/gb/horizon-workrooms/,https://www.oculus.com/experiences/quest/2514011888645651/,Yes,Yes,Yes,No,Quest,QuestDB,Quest,Free,711,,,,,,,"Productivity, Business",,,,,,,,,,,,,,,,,,
Desert Bus VR,First,35,,https://store.steampowered.com/app/638110/Desert_Bus_VR/?snr=1_7_7_151_150_1,,No,,,,steam_query_data_vr_multiplayer,Steam,,1698,,,,,,,,,88%,,,,,,,,,,,,,,,,
Star Wars: Droid Repair Bay,First,36,,https://store.steampowered.com/app/726910/Star_Wars_Droid_Repair_Bay/?snr=1_7_7_151_150_1,,No,,,,steam_query_data_vr_multiplayer,Steam,,504,,,,,,,,,89%,,,,,,,,,,,,,,,,
VRLand,First,119,https://vrland.io/,https://vrland.io/,Yes,Yes,Yes,Yes,,Google search,,Free,N/A,285,-0.2622556079,789,-0.1945258299,-0.4567814377,,,,,,,,,,,,,,,,,,,,
GRAB,First,38,,https://store.steampowered.com/app/1701130/GRAB/?snr=1_7_7_151_150_1,,No,,,,steam_query_data_vr_multiplayer,Steam,,88,,,,,,,,,90%,,,,,,,,,,,,,,,,
Shattered Lights,First,39,,https://store.steampowered.com/app/1057720/Shattered_Lights/?snr=1_7_7_151_150_1,,No,,,,steam_query_data_vr_multiplayer,Steam,,415,,,,,,,,,87%,,,,,,,,,,,,,,,,
DAVIGO KNIGHT'S PASS,First,40,,https://store.steampowered.com/app/1116540/DAVIGO_VR_vs_PC/?snr=1_7_7_151_150_1,,No,,,,steam_query_data_vr_multiplayer,Steam,,0,,,,,,,,,-,,,,,,,,,,,,,,,,
Sam & Dan: Floaty Flatmates,First,41,,https://store.steampowered.com/app/978270/Sam__Dan_Floaty_Flatmates/?snr=1_7_7_151_150_1,,No,,,,steam_query_data_vr_multiplayer,Steam,,691,,,,,,,,,92%,,,,,,,,,,,,,,,,
Fly Dangerous,First,42,,https://store.steampowered.com/app/1781750/Fly_Dangerous/?snr=1_7_7_151_150_1,,No,,,,steam_query_data_vr_multiplayer,Steam,,341,,,,,,,,,79%,,,,,,,,,,,,,,,,
X8,First,43,,https://store.steampowered.com/app/1763510/X8/?snr=1_7_7_151_150_1,,No,,,,steam_query_data_vr_multiplayer,Steam,,173,,,,,,,,,83%,,,,,,,,,,,,,,,,
Protonwar,First,44,,https://store.steampowered.com/app/461410/Protonwar/?snr=1_7_7_151_150_1,,No,,,,steam_query_data_vr_multiplayer,Steam,,104,,,,,,,,,80%,,,,,,,,,,,,,,,,
SCP: Blackout,First,45,,https://store.steampowered.com/app/963400/SCP_Blackout/?snr=1_7_7_151_150_1,,No,,,,steam_query_data_vr_multiplayer,Steam,,298,,,,,,,,,68%,,,,,,,,,,,,,,,,
Ship Ahoy Open BETA,First,46,,https://store.steampowered.com/app/757380/Ship_Ahoy_Open_BETA/?snr=1_7_7_151_150_1,,No,,,,steam_query_data_vr_multiplayer,Steam,,49,,,,,,,,,83%,,,,,,,,,,,,,,,,
Nemesis Perspective,First,47,,https://store.steampowered.com/app/537140/Nemesis_Perspective/?snr=1_7_7_151_150_1,,No,,,,steam_query_data_vr_multiplayer,Steam,,130,,,,,,,,,89%,,,,,,,,,,,,,,,,
Paintball Playground,First,48,,https://store.steampowered.com/app/2808630/Paintball_Playground/?snr=1_7_7_151_150_1,,No,,,,steam_query_data_vr_multiplayer,Steam,,33,,,,,,,,,54%,,,,,,,,,,,,,,,,
Drop In - VR F2P,First,56,,https://store.steampowered.com/app/1144800/Drop_In__VR_F2P/?snr=1_7_7_151_150_2,,Yes,,,,steam_query_data_vr_multiplayer,Steam,,568,,,,,,,,,82%,,,,,,,,,,,,,,,,
Rec Room,First,31,https://www.meta.com/en-gb/experiences/rec-room/2173678582678296/,https://www.meta.com/en-gb/experiences/rec-room/2173678582678296/,Yes,Yes,,,,quest_query_data_social,Quest,0,32073,,,,,,,,,84,"Rec Room ist der beste Ort, um gemeinsam zu bauen und Spiele zu spielen. Triff dich mit Freunden aus der ganzen Welt, um zu chatten, abzuh&#xe4;ngen, MILLIONEN von Spielern erstellte R&#xe4;ume zu erkunden oder etwas Neues und Erstaunliches zu bauen, um es mit uns allen zu teilen
Rec Room ist kostenlos und l&#xe4;sst sich &#xfc;bergreifend auf allen Ger&#xe4;ten spielen, vom Handy bis zum VR-Headset. Es ist die soziale App, die man wie ein Videospiel spielt!",,,,,,,,,,,,,,,
The Ranger: Lost Tribe,First,51,,https://store.steampowered.com/app/673070/The_Ranger_Lost_Tribe/?snr=1_7_7_151_150_2,,No,,,,steam_query_data_vr_multiplayer,Steam,,362,,,,,,,,,80%,,,,,,,,,,,,,,,,
PAYDAY 2 VR,First,52,,https://store.steampowered.com/app/826090/PAYDAY_2_VR/?snr=1_7_7_151_150_2,,No,,,,steam_query_data_vr_multiplayer,Steam,,1255,,,,,,,,,71%,,,,,,,,,,,,,,,,
Dead and Buried II,First,68,,https://www.oculus.com/experiences/quest/2134077359973067/,Yes,Yes,,,Quest,QuestDB,Quest,Free,671,,,,,,,"Shooting, Action",,,,,,,,- Social: make new friends in the Town and spin up matches together.,,,,,,,,,,
Dungeon Full Dive: Player Edition,First,54,,https://store.steampowered.com/app/2839600/Dungeon_Full_Dive_Player_Edition/?snr=1_7_7_151_150_2,,No,,,,steam_query_data_vr_multiplayer,Steam,,42,,,,,,,,,50%,,,,,,,,,,,,,,,,
Sophie's Guardian,First,55,,https://store.steampowered.com/app/530830/Sophies_Guardian/?snr=1_7_7_151_150_2,,No,,,,steam_query_data_vr_multiplayer,Steam,,72,,,,,,,,,73%,,,,,,,,,,,,,,,,
Ready Player One: OASIS beta,First,62,,https://store.steampowered.com/app/779650/Ready_Player_One_OASIS_beta/?snr=1_7_7_151_150_2,,Yes,,,,steam_query_data_vr_multiplayer,Steam,,519,,,,,,,,,58%,,,,,,,,,,,,,,,,
Snowday,First,57,,https://store.steampowered.com/app/515700/Snowday/?snr=1_7_7_151_150_2,,No,,,,steam_query_data_vr_multiplayer,Steam,,20,,,,,,,,,85%,,,,,,,,,,,,,,,,
Test Subject 901,First,58,,https://store.steampowered.com/app/914450/Test_Subject_901/?snr=1_7_7_151_150_2,,No,,,,steam_query_data_vr_multiplayer,Steam,,46,,,,,,,,,80%,,,,,,,,,,,,,,,,
Robot Tag,First,70,https://sites.google.com/view/robot-tag-official/home?authuser=0,https://www.oculus.com/experiences/quest/5918504334849265/,Yes,Yes,Yes,No,Quest,QuestDB,Quest,Free,629,,,,,,,"RPG (Role Playing Games), Action",,,,,,,,,,,,,,,,,,
Scary Buddies,First,60,,https://store.steampowered.com/app/1552210/Scary_Buddies/?snr=1_7_7_151_150_2,,No,,,,steam_query_data_vr_multiplayer,Steam,,19,,,,,,,,,78%,,,,,,,,,,,,,,,,
Neo Art Space,First,213,https://www.neoartspace.com/,https://store.steampowered.com/app/1714400/Neo_Art_Space/?curator_clanid=4777282,Yes,Yes,Yes,Yes,Yes,SteamDB,Steam,Free,N/A,285,-0.2622556079,235,-0.1945267929,-0.4567824008,,Art. Social,0,,,,,,,,,,,,,,,,,
Spatial,First,30,https://www.meta.com/en-gb/experiences/spatial/2927141310670477/,https://www.meta.com/en-gb/experiences/spatial/2927141310670477/,Yes,Yes,,,,quest_query_data_metaverse,Quest,0,557,,,,,,,,,72,"Join millions worldwide to explore 3D virtual worlds, customize your identity, and collaborate with friends. With stunning graphics and live voice and text chat, Spatial is the perfect platform to unlock your imagination! Explore endless immersive worlds, customize your avatar, connect with millions of creators, and build your own worlds with no coding or fees. Your World Awaits!

Linkin.bio/spatial_io
https://support.spatial.io/hc/en-us
https://www.spatial.io/terms
https://www.spatial.io/guide",,,,,,,,,,,,,,,
Overload Playable Teaser 3.0,First,63,,https://store.steampowered.com/app/450220/Overload_Playable_Teaser_30/?snr=1_7_7_151_150_2,,No,,,,steam_query_data_vr_multiplayer,Steam,,670,,,,,,,,,94%,,,,,,,,,,,,,,,,
VR TRIBES,First,64,,https://store.steampowered.com/app/1927440/VR_TRIBES/?snr=1_7_7_151_150_2,,No,,,,steam_query_data_vr_multiplayer,Steam,,10,,,,,,,,,50%,,,,,,,,,,,,,,,,
BOSS FIGHTERS,First,65,,https://store.steampowered.com/app/1784650/BOSS_FIGHTERS/?snr=1_7_7_151_150_2,,No,,,,steam_query_data_vr_multiplayer,Steam,,0,,,,,,,,,-,,,,,,,,,,,,,,,,
Fish Game,First,73,https://fishgamevr.com/,https://www.oculus.com/experiences/quest/6556848877722096/,Yes,No,,,Quest,QuestDB,Quest,Free,516,,,,,,,"Casual, Simulation",,,,,,,,"Join public rooms and chat with new fish, maybe you'll even find a new friend!
If you aren't in the mood to talk with new fish, you can always make a private room and send the code to your friends.",,,,,,,,,,
BMW M Hybrid V8,First,67,,https://store.steampowered.com/app/2973280/BMW_M_Hybrid_V8/?snr=1_7_7_151_150_2,,No,,,,steam_query_data_vr_multiplayer,Steam,,56,,,,,,,,,89%,,,,,,,,,,,,,,,,
The Art of Fight | 4vs4 Fast-Paced FPS,First,68,,https://store.steampowered.com/app/531270/The_Art_of_Fight__4vs4_FastPaced_FPS/?snr=1_7_7_151_150_2,,No,,,,steam_query_data_vr_multiplayer,Steam,,359,,,,,,,,,67%,,,,,,,,,,,,,,,,
Alcove,First,2,https://www.rendever.com/alcove,https://www.meta.com/en-gb/experiences/alcove/3895528293794893/?utm_source=www.rendever.com&utm_medium=oculusredirect,Yes,Yes,Yes,No,Yes,Google search,Meta,Free,485,,,,,,,#N/A,,,,,,,,,,,,,,,,,,
Alcove,,19,https://www.rendever.com/alcove,https://www.meta.com/en-gb/experiences/3895528293794893/,Yes,Yes,Yes,No,Yes,Google search,Meta,Free,485,,,,,,,Social,,,,,,,,,,,,,,,,,,
War Online: Pacific,First,71,,https://store.steampowered.com/app/990060/War_Online_Pacific/?snr=1_7_7_151_150_2,,No,,,,steam_query_data_vr_multiplayer,Steam,,70,,,,,,,,,48%,,,,,,,,,,,,,,,,
Under Pressure,First,72,,https://store.steampowered.com/app/2524980/Under_Pressure/?snr=1_7_7_151_150_2,,No,,,,steam_query_data_vr_multiplayer,Steam,,71,,,,,,,,,94%,,,,,,,,,,,,,,,,
Caliban Below,First,73,,https://store.steampowered.com/app/649890/Caliban_Below/?snr=1_7_7_151_150_2,,No,,,,steam_query_data_vr_multiplayer,Steam,,215,,,,,,,,,93%,,,,,,,,,,,,,,,,
Conductor: Creative Joy Engine,First,74,,https://store.steampowered.com/app/1518940/Conductor_Creative_Joy_Engine/?snr=1_7_7_151_150_2,,No,,,,steam_query_data_vr_multiplayer,Steam,,55,,,,,,,,,85%,,,,,,,,,,,,,,,,
Cop Academy,First,75,,https://store.steampowered.com/app/982710/Cop_Academy/?snr=1_7_7_151_150_2,,No,,,,steam_query_data_vr_multiplayer,Steam,,25,,,,,,,,,88%,,,,,,,,,,,,,,,,
Cube Runners,,37,,https://www.oculus.com/experiences/quest/8390456747663346/,Yes,Yes,,,Quest,QuestDB,Quest,Free,2051,,,,,,,"Adventure, Social",,,,,,,,"Join public rooms, chat with new people, maybe you'll even find a new friend!",,,,,,,,,,
Alcove,,45,https://www.meta.com/en-gb/experiences/alcove/3895528293794893/,https://www.meta.com/en-gb/experiences/alcove/3895528293794893/,Yes,Yes,Yes,No,,quest_query_data_social,Quest,0,485,,,,,,,,,74,"A portal to new worlds, a virtual home filled with endless experiences to discover and explore, a place to connect with friends and family. World travel, casual games, media customization, adventure, and relaxation.",,,,,,,,,,,,,,,
spatial,,10,https://www.spatial.io/,"https://apps.apple.com/us/app/spatial/id1528403747
https://play.google.com/store/apps/details?id=io.spatial.spatial&pli=1
https://www.meta.com/en-gb/experiences/2927141310670477/",Yes,,,,Yes,Google search,"App Store
Google Play
Meta","Free
Free
Free",557,,,,,,,,,,,,,,,,,,,,,,,,,
Dodge the Wall!,First,79,,https://store.steampowered.com/app/1061600/Dodge_the_Wall/?snr=1_7_7_151_150_2,,No,,,,steam_query_data_vr_multiplayer,Steam,,27,,,,,,,,,77%,,,,,,,,,,,,,,,,
Primal Reign,First,80,,https://store.steampowered.com/app/636580/Primal_Reign/?snr=1_7_7_151_150_2,,No,,,,steam_query_data_vr_multiplayer,Steam,,55,,,,,,,,,70%,,,,,,,,,,,,,,,,
Fovos VR,First,81,,https://store.steampowered.com/app/576650/Fovos_VR/?snr=1_7_7_151_150_2,,No,,,,steam_query_data_vr_multiplayer,Steam,,113,,,,,,,,,62%,,,,,,,,,,,,,,,,
The Tavern of Magic,First,82,,https://store.steampowered.com/app/777250/The_Tavern_of_Magic/?snr=1_7_7_151_150_2,,No,,,,steam_query_data_vr_multiplayer,Steam,,13,,,,,,,,,46%,,,,,,,,,,,,,,,,
VirZOOM Arcade,First,83,,https://store.steampowered.com/app/448710/VirZOOM_Arcade/?snr=1_7_7_151_150_2,,No,,,,steam_query_data_vr_multiplayer,Steam,,33,,,,,,,,,78%,,,,,,,,,,,,,,,,
Vroom Kaboom,First,84,,https://store.steampowered.com/app/620070/Vroom_Kaboom/?snr=1_7_7_151_150_2,,No,,,,steam_query_data_vr_multiplayer,Steam,,115,,,,,,,,,54%,,,,,,,,,,,,,,,,
War Robots VR: The Skirmish,First,85,,https://store.steampowered.com/app/672640/War_Robots_VR_The_Skirmish/?snr=1_7_7_151_150_2,,No,,,,steam_query_data_vr_multiplayer,Steam,,775,,,,,,,,,79%,,,,,,,,,,,,,,,,
大千 VAST,,37,https://store.steampowered.com/app/2562450/_VAST/?snr=1_7_7_151_150_1,https://store.steampowered.com/app/2562450/_VAST/?snr=1_7_7_151_150_1,,Yes,,,,steam_query_data_metaverse,Steam,,0,,,,,,,,,-,,,,,,,,,,,,,,,,
Villa: AI Creation & Collaboration,First,37,https://www.meta.com/en-gb/experiences/villa-ai-creation-collaboration/4784171281624823/,https://www.meta.com/en-gb/experiences/villa-ai-creation-collaboration/4784171281624823/,Yes,Yes,,,,quest_query_data_social,Quest,0,2280,,,,,,,,,74,"Fly, explore, create and host realistic worlds, exhibits, and workspaces, each to thousands of simultaneous users. No code required! Unlimited fullbody (with legs) avatars. Games, Exhibits, happy hours, socials, standups, meetups, offsites, client meetings, conferences on the beach, vineyard, or your own DIY virtual world. &#039;Like Westworld in 3D&#039;. For creators, gamers, engineers, PMs, execs, students, who&#039;ve had it with 2D, love 3D, and appreciate collaboration in immersion.",,,,,,,,,,,,,,,
Wooorld,First,75,https://www.meta.com/en-gb/experiences/wooorld/4360608937312293/,https://www.meta.com/en-gb/experiences/wooorld/4360608937312293/,Yes,Yes,Yes,No,,quest_query_data_social,Quest,0,455,,,,,,,,,70,"Dive into Wooorld, an immersive social platform bringing a 3D map of the world into your room in Mixed Reality. Explore cities, landmarks, natural wonders with rich content from Wikipedia and Google Maps. Challenge yourself with the location guessing game &quot;Where in the Wooorld&quot;. Plan trips with the help of a global community of explorers. Enjoy AI-powered Tours, customizations, safety &amp; accessibility features.

Enjoy Wooorld for Free, or unlock premium features with Explorer+ &amp; Player+ add-ons.",,,,,,,,,,,,,,,
Tivoli Cloud VR,First,108,https://tivolicloud.github.io/,https://tivolicloud.github.io/,Yes,Yes,Yes,Yes,Yes,Google search,Main page,Free,N/A,285,-0.2622556079,157,-0.1945269285,-0.4567825364,,,,,,,,,,,,,,,,,,,,
Home Legacy,First,275,,https://store.steampowered.com/app/394120/Home_Legacy/?curator_clanid=4777282,Yes,Yes,,,Yes,SteamDB,Steam,Free,445,,,,,,,Social,0,,,,,,,,,,,,,,,,,
Museum of Other Realities,First,37,https://www.museumor.com/,https://store.steampowered.com/app/613900/Museum_of_Other_Realities/?snr=1_7_7_151_150_1,,Yes,Yes,No,,steam_query_data_vr_multiplayer,Steam,,403,,,,,,,,,91%,,,,,,,,,,,,,,,,
Sky Strikers VR,First,92,,https://store.steampowered.com/app/2250690/Sky_Strikers_VR/?snr=1_7_7_151_150_2,,No,,,,steam_query_data_vr_multiplayer,Steam,,40,,,,,,,,,92%,,,,,,,,,,,,,,,,
Grapple Tournament,First,93,,https://store.steampowered.com/app/1384320/Grapple_Tournament/?snr=1_7_7_151_150_2,,No,,,,steam_query_data_vr_multiplayer,Steam,,335,,,,,,,,,91%,,,,,,,,,,,,,,,,
RaceTrap,First,94,,https://store.steampowered.com/app/2668330/RaceTrap/?snr=1_7_7_151_150_2,,No,,,,steam_query_data_vr_multiplayer,Steam,,13,,,,,,,,,92%,,,,,,,,,,,,,,,,
ENDLESS BECOMING - APARTMENT,First,95,,https://store.steampowered.com/app/1669160/ENDLESS_BECOMING__APARTMENT/?snr=1_7_7_151_150_2,,No,,,,steam_query_data_vr_multiplayer,Steam,,82,,,,,,,,,75%,,,,,,,,,,,,,,,,
Covert Syndrome,First,96,,https://store.steampowered.com/app/589460/Covert_Syndrome/?snr=1_7_7_151_150_2,,No,,,,steam_query_data_vr_multiplayer,Steam,,145,,,,,,,,,68%,,,,,,,,,,,,,,,,
Tribe XR | DJ Academy,First,26,https://www.tribexr.com/,https://store.steampowered.com/app/877850/Tribe_XR__DJ_Academy/?snr=1_7_7_151_150_1,,No,,,,steam_query_data_vr_multiplayer,Steam,,272,,,,,,,,,83%,,,,,,,,,,,,,,,,
Honeypot Espionage,First,98,,https://store.steampowered.com/app/599780/Honeypot_Espionage/?snr=1_7_7_151_150_2,,No,,,,steam_query_data_vr_multiplayer,Steam,,0,,,,,,,,,-,,,,,,,,,,,,,,,,
Voyage Senki VR 海洋传说 VR,First,99,,https://store.steampowered.com/app/747210/Voyage_Senki_VR__VR/?snr=1_7_7_151_150_2,,No,,,,steam_query_data_vr_multiplayer,Steam,,42,,,,,,,,,47%,,,,,,,,,,,,,,,,
ZuseRunners,First,12,https://www.meta.com/en-gb/experiences/zuserunners/6289885221105652/,https://www.meta.com/en-gb/experiences/zuserunners/6289885221105652/,Yes,Yes,No,No,,quest_query_data_social,Quest,0,409,,,,,,,,,82,(ZuseRunners) is a fun Multiplayer Game To Play With New People And Make New Friends,,,,,,,,,,,,,,,
vSpatial,First,98,,https://www.oculus.com/experiences/quest/2540393919317658/,Yes,No,,,Quest,QuestDB,Quest,Free,267,,,,,,,"Business, Utilities",,,,,,,,,,,,,,,,,,
Metaverse Construction Kit,First,2,https://store.steampowered.com/app/422630/Metaverse_Construction_Kit/?snr=1_7_7_151_150_1,https://store.steampowered.com/app/422630/Metaverse_Construction_Kit/?snr=1_7_7_151_150_1,,No,,,,steam_query_data_metaverse,Steam,,226,,,,,,,,,67%,,,,,,,,,,,,,,,,
MalovMetaArt Metaverse,First,3,https://store.steampowered.com/app/2224020/MalovMetaArt_Metaverse/?snr=1_7_7_151_150_1,https://store.steampowered.com/app/2224020/MalovMetaArt_Metaverse/?snr=1_7_7_151_150_1,,No,,,,steam_query_data_metaverse,Steam,,27,,,,,,,,,81%,,,,,,,,,,,,,,,,
XRWorkout,First,63,https://www.meta.com/en-gb/experiences/xrworkout/8266372770101746/,https://www.meta.com/en-gb/experiences/xrworkout/8266372770101746/,Yes,Yes,Yes,No,,quest_query_data_metaverse,Quest,0,246,,,,,,,,,78,"The ultimate full body fitness game that follows YOUR rules. Pushing the boundaries of movement in VR with hand tracking and rhythm based bodyweight exercises.
Join or build circles that workout together around the globe with multiplayer group workouts. 
With a unique mixed reality passthrough workout for smaller spaces and a true gym in a bag if you take it on your next trip.",,,,,,,,,,,,,,,
Metaverse Keeper Demo,First,5,https://store.steampowered.com/app/698870/Metaverse_Keeper/?snr=1_7_7_151_150_1,https://store.steampowered.com/app/698870/Metaverse_Keeper/?snr=1_7_7_151_150_1,,No,,,,steam_query_data_metaverse,Steam,,0,,,,,,,,,-,,,,,,,,,,,,,,,,
SinVR,,42,,https://store.steampowered.com/app/966870/SinVR/?curator_clanid=4777282,Yes,Yes,,,Yes,SteamDB,Steam,Free,,,,,,,,"Sexual Content, Social",3,,,,,,,,,,,,,,,,,
Star Renegades: Guardian of the Metaverse,First,7,https://store.steampowered.com/app/1677780/Star_Renegades_Guardian_of_the_Metaverse/?snr=1_7_7_151_150_1,https://store.steampowered.com/app/1677780/Star_Renegades_Guardian_of_the_Metaverse/?snr=1_7_7_151_150_1,,No,,,,steam_query_data_metaverse,Steam,,0,,,,,,,,,-,,,,,,,,,,,,,,,,
Arkio,First,6,https://www.arkio.is/,https://www.meta.com/en-gb/experiences/arkio/2280319701979278/,Yes,Yes,Yes,Yes,,quest_query_data_metaverse,Quest,0,204,204,-0.2644031966,31159,-0.1944730335,-0.4588762302,,,,76,"Design interiors, buildings, virtual spaces and more with Arkio on Meta Quest. Try new design ideas and collaborate with others using VR, desktop and mobile to make better design decisions faster. With room import and passthrough you can design, mix and share realities like never before. Bring mixed reality in Arkio to life with color passthrough on Meta Quest 3 &amp; Pro. Upload and download large models directly using Arkio Cloud. Import and export seamlessly from Revit, Rhino, SketchUp and Unity.",,,,,,,,,,,,,,,
Hyper Online: Avatar VTuber Studio,First,9,https://store.steampowered.com/app/2828790/Hyper_Online_Avatar_VTuber_Studio/?snr=1_7_7_151_150_1,https://store.steampowered.com/app/2828790/Hyper_Online_Avatar_VTuber_Studio/?snr=1_7_7_151_150_1,,No,,,,steam_query_data_metaverse,Steam,,49,,,,,,,,,53%,,,,,,,,,,,,,,,,
WWII Online,First,10,https://store.steampowered.com/app/251950/WWII_Online/?snr=1_7_7_151_150_1,https://store.steampowered.com/app/251950/WWII_Online/?snr=1_7_7_151_150_1,,No,,,,steam_query_data_metaverse,Steam,,3638,,,,,,,,,49%,,,,,,,,,,,,,,,,
Many Worlds VR,,44,https://store.steampowered.com/app/1496000/Many_Worlds_VR/?snr=1_7_7_151_150_1,https://store.steampowered.com/app/1496000/Many_Worlds_VR/?snr=1_7_7_151_150_1,,Yes,,,,steam_query_data_metaverse,Steam,,0,,,,,,,,,-,,,,,,,,,,,,,,,,
MagicCraft,First,12,https://store.steampowered.com/app/2395760/MagicCraft/?snr=1_7_7_151_150_1,https://store.steampowered.com/app/2395760/MagicCraft/?snr=1_7_7_151_150_1,,No,,,,steam_query_data_metaverse,Steam,,67,,,,,,,,,76%,,,,,,,,,,,,,,,,
Nero Score - PC benchmark & performance test,First,13,https://store.steampowered.com/app/1942030/Nero_Score__PC_benchmark__performance_test/?snr=1_7_7_151_150_1,https://store.steampowered.com/app/1942030/Nero_Score__PC_benchmark__performance_test/?snr=1_7_7_151_150_1,,No,,,,steam_query_data_metaverse,Steam,,19,,,,,,,,,52%,,,,,,,,,,,,,,,,
BackRooms,First,14,https://store.steampowered.com/app/1906190/BackRooms/?snr=1_7_7_151_150_1,https://store.steampowered.com/app/1906190/BackRooms/?snr=1_7_7_151_150_1,,No,,,,steam_query_data_metaverse,Steam,,0,,,,,,,,,-,,,,,,,,,,,,,,,,
Cluster,First,31,https://cluster.mu/,https://www.meta.com/en-gb/experiences/cluster/4178943235565629/,Yes,Yes,Yes,Yes,Yes,Google search,Meta,Free,95,95,-0.2672931617,924660,-0.1929197391,-0.4602129008,,,,,,,,,,,,,,,,,,,,
KoreanWarMemorial,First,16,https://store.steampowered.com/app/2252190/KoreanWarMemorial/?snr=1_7_7_151_150_1,https://store.steampowered.com/app/2252190/KoreanWarMemorial/?snr=1_7_7_151_150_1,,No,,,,steam_query_data_metaverse,Steam,,17,,,,,,,,,82%,,,,,,,,,,,,,,,,
Planet-A,First,17,https://store.steampowered.com/app/1918590/PlanetA/?snr=1_7_7_151_150_1,https://store.steampowered.com/app/1918590/PlanetA/?snr=1_7_7_151_150_1,,No,,,,steam_query_data_metaverse,Steam,,12,,,,,,,,,83%,,,,,,,,,,,,,,,,
Reborn,First,125,,https://www.oculus.com/experiences/quest/9100500193300999/,Yes,Yes,,,Quest,QuestDB,Quest,Free,156,,,,,,,"Social, Casual",,,,,,,,From building epic game worlds with your squad to jamming out at live vtuber concerts with hundreds of fans – the possibilities are ENDLESS.,,,,,,,,,,
vTime XR,First,7,https://vtime.net/,https://www.meta.com/en-gb/experiences/vtime-xr/1961984627245151/,Yes,Yes,Yes,No,Yes,Google search,Meta,0,148,,,,,,,#N/A,,,,,,,,,,,,,,,,,,
Endless Battlefield,First,20,https://store.steampowered.com/app/1795880/Endless_Battlefield/?snr=1_7_7_151_150_1,https://store.steampowered.com/app/1795880/Endless_Battlefield/?snr=1_7_7_151_150_1,,No,,,,steam_query_data_metaverse,Steam,,55,,,,,,,,,43%,,,,,,,,,,,,,,,,
CGI™: The Game,First,21,https://store.steampowered.com/app/2251930/CGI_The_Game/?snr=1_7_7_151_150_1,https://store.steampowered.com/app/2251930/CGI_The_Game/?snr=1_7_7_151_150_1,,No,,,,steam_query_data_metaverse,Steam,,11,,,,,,,,,81%,,,,,,,,,,,,,,,,
Ashes Of Idunn: Tales Of Fimbulwinter,First,22,https://store.steampowered.com/app/2997410/Ashes_Of_Idunn_Tales_Of_Fimbulwinter/?snr=1_7_7_151_150_1,https://store.steampowered.com/app/2997410/Ashes_Of_Idunn_Tales_Of_Fimbulwinter/?snr=1_7_7_151_150_1,,No,,,,steam_query_data_metaverse,Steam,,18,,,,,,,,,66%,,,,,,,,,,,,,,,,
ENGAGE,First,4,https://www.meta.com/en-gb/experiences/engage/3092079454190601/,https://www.meta.com/en-gb/experiences/engage/3092079454190601/,Yes,Yes,,,,quest_query_data_metaverse,Quest,0,140,,,,,,,,,72,"ENGAGE is a business-focused spatial computing platform
Designed for corporations, professionals, education organizations, and event organizers.

It is used for remote training, collaboration, events, and marketing and enables our clients to directly engage with employees, customers, and suppliers in virtual locations and digital twins.

ENGAGE clients include companies across many different business verticals, including KPMG, Pfizer, 3M, Stanford University, Lenovo, HSBC, KIA, and many more.",,,,,,,,,,,,,,,
MageCosmos,,47,https://store.steampowered.com/app/1617080/MageCosmos/?snr=1_7_7_151_150_1,https://store.steampowered.com/app/1617080/MageCosmos/?snr=1_7_7_151_150_1,,Yes,,,,steam_query_data_metaverse,Steam,,0,,,,,,,,,-,,,,,,,,,,,,,,,,
"Medicalholodeck. Anatomy, Medical Imaging (DICOM), and Automatic Segmentation in VR and AR. For Medical Education and Professionals.",First,25,https://store.steampowered.com/app/754010/Medicalholodeck_Anatomy_Medical_Imaging_DICOM_and_Automatic_Segmentation_in_VR_and_AR_For_Medical_Education_and_Professionals/?snr=1_7_7_151_150_1,https://store.steampowered.com/app/754010/Medicalholodeck_Anatomy_Medical_Imaging_DICOM_and_Automatic_Segmentation_in_VR_and_AR_For_Medical_Education_and_Professionals/?snr=1_7_7_151_150_1,,No,,,,steam_query_data_metaverse,Steam,,53,,,,,,,,,75%,,,,,,,,,,,,,,,,
Riff XR,First,32,https://store.steampowered.com/app/2182790/Riff_XR/?snr=1_7_7_151_150_1,https://store.steampowered.com/app/2182790/Riff_XR/?snr=1_7_7_151_150_1,,Yes,Yes,No,,steam_query_data_metaverse,Steam,,124,,,,,,,,,67%,,,,,,,,,,,,,,,,
Parts Unknown,First,27,https://store.steampowered.com/app/2255760/Parts_Unknown/?snr=1_7_7_151_150_1,https://store.steampowered.com/app/2255760/Parts_Unknown/?snr=1_7_7_151_150_1,,No,,,,steam_query_data_metaverse,Steam,,15,,,,,,,,,53%,,,,,,,,,,,,,,,,
GRAB,,47,https://www.meta.com/en-gb/experiences/grab/4104088956355944/,https://www.meta.com/en-gb/experiences/grab/4104088956355944/,Yes,Yes,,,,quest_query_data_metaverse,Quest,0,10615,,,,,,,,,98,"Experience the thrill of VR platforming in GRAB, where you can parkour through user-created levels with friends and build your own.",,,,,,,,,,,,,,,
Soundscape VR: 2017,First,18,https://store.steampowered.com/app/636930/Soundscape_VR_2017/?snr=1_7_7_151_150_1,https://store.steampowered.com/app/636930/Soundscape_VR_2017/?snr=1_7_7_151_150_1,,Yes,Yes,No,,steam_query_data_metaverse,Steam,,110,,,,,,,,,70%,,,,,,,,,,,,,,,,
Curatours,First,30,https://store.steampowered.com/app/1532110/Curatours/?snr=1_7_7_151_150_1,https://store.steampowered.com/app/1532110/Curatours/?snr=1_7_7_151_150_1,,No,,,,steam_query_data_metaverse,Steam,,14,,,,,,,,,92%,,,,,,,,,,,,,,,,
Modules,First,31,https://store.steampowered.com/app/2266160/Modules/?snr=1_7_7_151_150_1,https://store.steampowered.com/app/2266160/Modules/?snr=1_7_7_151_150_1,,No,,,,steam_query_data_metaverse,Steam,,47,,,,,,,,,82%,,,,,,,,,,,,,,,,
ToyPark - physics-based social VR platform,,48,https://store.steampowered.com/app/1723460/ToyPark__physicsbased_social_VR_platform/?snr=1_7_7_151_150_1,https://store.steampowered.com/app/1723460/ToyPark__physicsbased_social_VR_platform/?snr=1_7_7_151_150_1,,Yes,,,,steam_query_data_metaverse,Steam,,0,,,,,,,,,-,,,,,,,,,,,,,,,,
vTime XR,,47,https://www.meta.com/en-gb/experiences/vtime-xr/1961984627245151/,https://www.meta.com/en-gb/experiences/vtime-xr/1961984627245151/,Yes,Yes,Yes,No,,quest_query_data_social,Quest,0,147,,,,,,,,,70,"Meet, chat, watch content, and share your photos with real people from around the globe in vTime XR - the world&#039;s first cross-reality (XR) social network
 
Socialize with friends from anywhere in the world, inside stunning virtual destinations or your own 360 photos
  
&#x2022; Chat in amazing destinations 
&#x2022; Watch incredible content in Theaters 
&#x2022; Share photos and 360 images
&#x2022; Millions of customization combinations
&#x2022; DM friends with vText",,,,,,,,,,,,,,,
Undefeated Samurai,First,34,https://store.steampowered.com/app/1795030/Undefeated_Samurai/?snr=1_7_7_151_150_1,https://store.steampowered.com/app/1795030/Undefeated_Samurai/?snr=1_7_7_151_150_1,,No,,,,steam_query_data_metaverse,Steam,,0,,,,,,,,,-,,,,,,,,,,,,,,,,
Arkio,,49,,https://store.steampowered.com/app/1053760/Arkio/?snr=1_7_7_151_150_1,,,,,,steam_query_data_vr_multiplayer,Steam,,35,,,,,,,,,94%,,,,,,,,,,,,,,,,
Anarchy Arcade,First,36,https://store.steampowered.com/app/266430/Anarchy_Arcade/?snr=1_7_7_151_150_1,https://store.steampowered.com/app/266430/Anarchy_Arcade/?snr=1_7_7_151_150_1,,No,,,,steam_query_data_metaverse,Steam,,2216,,,,,,,,,68%,,,,,,,,,,,,,,,,
Scenez,,49,https://store.steampowered.com/app/2154520/Scenez/?snr=1_7_7_151_150_1,https://store.steampowered.com/app/2154520/Scenez/?snr=1_7_7_151_150_1,,Yes,,,,steam_query_data_metaverse,Steam,,0,,,,,,,,,-,,,,,,,,,,,,,,,,
VRChat,First,49,https://www.meta.com/en-gb/experiences/vrchat/1856672347794301/,https://www.meta.com/en-gb/experiences/vrchat/1856672347794301/,Yes,Yes,,,,quest_query_data_metaverse,Quest,0,27507,,,,,,,,,74,Make Friends and Explore an Endless Stream of Community Made Worlds and Avatars,,,,,,,,,,,,,,,
ChilloutVR,,28,https://store.steampowered.com/app/1435530/ChilloutVR__Mature_Content_Access/?snr=1_7_7_151_150_1,https://store.steampowered.com/app/661130/ChilloutVR/,,Yes,Yes,Yes,,steam_query_data_metaverse,Steam,,103,,,,,,,,,97%,,,,,,,,,,,,,,,,
Devas Vs Asuras,First,40,https://store.steampowered.com/app/2678790/Devas_Vs_Asuras/?snr=1_7_7_151_150_1,https://store.steampowered.com/app/2678790/Devas_Vs_Asuras/?snr=1_7_7_151_150_1,,No,,,,steam_query_data_metaverse,Steam,,0,,,,,,,,,-,,,,,,,,,,,,,,,,
Angelic: The Chaos Theatre,First,41,https://store.steampowered.com/app/1440570/Angelic_The_Chaos_Theatre/?snr=1_7_7_151_150_1,https://store.steampowered.com/app/1440570/Angelic_The_Chaos_Theatre/?snr=1_7_7_151_150_1,,No,,,,steam_query_data_metaverse,Steam,,0,,,,,,,,,-,,,,,,,,,,,,,,,,
Animals,First,42,https://store.steampowered.com/app/3103760/Animals/?snr=1_7_7_151_150_1,https://store.steampowered.com/app/3103760/Animals/?snr=1_7_7_151_150_1,,No,,,,steam_query_data_metaverse,Steam,,0,,,,,,,,,-,,,,,,,,,,,,,,,,
Party Park Demo,First,43,https://store.steampowered.com/app/2168430/Party_Park/?snr=1_7_7_151_150_1,https://store.steampowered.com/app/2168430/Party_Park/?snr=1_7_7_151_150_1,,No,,,,steam_query_data_metaverse,Steam,,0,,,,,,,,,-,,,,,,,,,,,,,,,,
Sansar,First,50,,https://store.steampowered.com/app/586110/Sansar/?curator_clanid=4777282,Yes,Yes,,,Yes,SteamDB,Steam,Free,,,,,,,,"Social, Events",1,,,,,,,,,,,,,,,,,
WoofChat,First,45,https://store.steampowered.com/app/2518520/WoofChat/?snr=1_7_7_151_150_1,https://store.steampowered.com/app/2518520/WoofChat/?snr=1_7_7_151_150_1,,No,,,,steam_query_data_metaverse,Steam,,0,,,,,,,,,-,,,,,,,,,,,,,,,,
Flipside,First,13,https://www.meta.com/en-gb/experiences/flipside/2305425142915253/,https://www.meta.com/en-gb/experiences/flipside/2305425142915253/,Yes,Yes,Yes,No,,quest_query_data_social,Quest,0,108,,,,,,,,,78,"Flipside is the metaverse social media platform for next-gen creators and their fans.

Watch a steady stream of spatial content, which you can like, subscribe, share, and even remix. Connect with friends over multiplayer and watch together!

Next-gen creators make spatial recordings using Flipside&#x2019;s built-in virtual TV studio, then share them to your channel and build a fanbase of subscribers.

Download Flipside today!",,,,,,,,,,,,,,,
Neos VR,,51,,https://store.steampowered.com/app/740250/Neos_VR/?curator_clanid=4777282,Yes,Yes,,,Yes,SteamDB,Steam,Free,,,,,,,,Social,1,,,,,,,,,,,,,,,,,
ENGAGE,,1,https://www.meta.com/en-gb/experiences/engage/3092079454190601/,https://www.meta.com/en-gb/experiences/engage/3092079454190601/,Yes,Yes,,,,quest_query_data_social,Quest,0,140,,,,,,,,,72,"ENGAGE is a business-focused spatial computing platform
Designed for corporations, professionals, education organizations, and event organizers.

It is used for remote training, collaboration, events, and marketing and enables our clients to directly engage with employees, customers, and suppliers in virtual locations and digital twins.

ENGAGE clients include companies across many different business verticals, including KPMG, Pfizer, 3M, Stanford University, Lenovo, HSBC, KIA, and many more.",,,,,,,,,,,,,,,
ENGAGE,,42,https://engagevr.io/,"https://www.meta.com/en-gb/experiences/3092079454190601/
https://store.steampowered.com/app/449130/ENGAGE/",Yes,Yes,Yes,Yes,Yes,Google search,"Meta
Steam","Free
Free",140,140,-0.2661000568,87196,-0.1943756168,-0.4604756736,,,,,,,,,,,,,,,,,,,,
Angelic: The Chaos Theatre Open Alpha,First,50,https://store.steampowered.com/app/1440570/Angelic_The_Chaos_Theatre/?snr=1_7_7_151_150_1,https://store.steampowered.com/app/1440570/Angelic_The_Chaos_Theatre/?snr=1_7_7_151_150_1,,No,,,,steam_query_data_metaverse,Steam,,0,,,,,,,,,-,,,,,,,,,,,,,,,,
Cards & Tankards,,52,https://www.meta.com/en-gb/experiences/cards-tankards/3073319699437112/,https://www.meta.com/en-gb/experiences/cards-tankards/3073319699437112/,Yes,Yes,,,,quest_query_data_social,Quest,0,1487,,,,,,,,,84,"&quot;The best VR card game I&#039;ve ever played&quot; - Ben Plays VR
&quot;My go to VR game whenever I want to have some friendly competition&quot; - Matteo311

Grab a drink, invite your friends and ready your deck!

Cards &amp; Tankards is VR&#x2019;s first social collectible card game. Collect over 230 cards, battle against other players or the computer and enjoy the immersive atmosphere of playing at your local card store from the comfort of your home!",,,,,,,,,,,,,,,
Parts Unknown 2024,First,52,https://store.steampowered.com/app/2822630/Parts_Unknown_2024/?snr=1_7_7_151_150_2,https://store.steampowered.com/app/2822630/Parts_Unknown_2024/?snr=1_7_7_151_150_2,,No,,,,steam_query_data_metaverse,Steam,,0,,,,,,,,,-,,,,,,,,,,,,,,,,
Death Damnation Demo,First,53,https://store.steampowered.com/app/1915450/Death_Damnation__Zombies_Ghosts_and_Vampires/?snr=1_7_7_151_150_2,https://store.steampowered.com/app/1915450/Death_Damnation__Zombies_Ghosts_and_Vampires/?snr=1_7_7_151_150_2,,No,,,,steam_query_data_metaverse,Steam,,0,,,,,,,,,-,,,,,,,,,,,,,,,,
Disco Samurai Demo,First,54,https://store.steampowered.com/app/2576410/Disco_Samurai/?snr=1_7_7_151_150_2,https://store.steampowered.com/app/2576410/Disco_Samurai/?snr=1_7_7_151_150_2,,No,,,,steam_query_data_metaverse,Steam,,0,,,,,,,,,-,,,,,,,,,,,,,,,,
Press Lex to Metaverx Demo,First,55,https://store.steampowered.com/app/2091740/Press_Lex_to_Metaverx/?snr=1_7_7_151_150_2,https://store.steampowered.com/app/2091740/Press_Lex_to_Metaverx/?snr=1_7_7_151_150_2,,No,,,,steam_query_data_metaverse,Steam,,0,,,,,,,,,-,,,,,,,,,,,,,,,,
NeverRage Demo,First,56,https://store.steampowered.com/app/1761730/NeverRage/?snr=1_7_7_151_150_2,https://store.steampowered.com/app/1761730/NeverRage/?snr=1_7_7_151_150_2,,No,,,,steam_query_data_metaverse,Steam,,0,,,,,,,,,-,,,,,,,,,,,,,,,,
Cloud House - Virtual Arts Space,First,57,https://store.steampowered.com/app/2206960/Cloud_House__Virtual_Arts_Space/?snr=1_7_7_151_150_2,https://store.steampowered.com/app/2206960/Cloud_House__Virtual_Arts_Space/?snr=1_7_7_151_150_2,,No,,,,steam_query_data_metaverse,Steam,,0,,,,,,,,,-,,,,,,,,,,,,,,,,
VirtualCast,First,28,https://virtualcast.jp/,https://store.steampowered.com/app/947890/VirtualCast/?snr=1_7_7_151_150_1,,Yes,Yes,Yes,,steam_query_data_vr_multiplayer,Steam,,99,99,-0.2671871079,143247,-0.1942781757,-0.4614652836,,,,78%,,,,,,,,,,,,,,,,
Sultan Of Egypt Trailer Demo,First,59,https://store.steampowered.com/app/1911200/Sultan_Of_Egypt/?snr=1_7_7_151_150_2,https://store.steampowered.com/app/1911200/Sultan_Of_Egypt/?snr=1_7_7_151_150_2,,No,,,,steam_query_data_metaverse,Steam,,0,,,,,,,,,-,,,,,,,,,,,,,,,,
Mist Slayer Demo,First,60,https://store.steampowered.com/app/2088650/Mist_Slayer/?snr=1_7_7_151_150_2,https://store.steampowered.com/app/2088650/Mist_Slayer/?snr=1_7_7_151_150_2,,No,,,,steam_query_data_metaverse,Steam,,0,,,,,,,,,-,,,,,,,,,,,,,,,,
Flipside,,5,https://www.meta.com/en-gb/experiences/flipside/2305425142915253/,https://www.meta.com/en-gb/experiences/flipside/2305425142915253/,Yes,Yes,,,,quest_query_data_metaverse,Quest,0,108,,,,,,,,,78,"Flipside is the metaverse social media platform for next-gen creators and their fans.

Watch a steady stream of spatial content, which you can like, subscribe, share, and even remix. Connect with friends over multiplayer and watch together!

Next-gen creators make spatial recordings using Flipside&#x2019;s built-in virtual TV studio, then share them to your channel and build a fanbase of subscribers.

Download Flipside today!",,,,,,,,,,,,,,,
ENGAGE,,15,https://engagevr.io/,https://store.steampowered.com/app/449130/ENGAGE/?snr=1_7_7_151_150_1,,Yes,Yes,Yes,,steam_query_data_metaverse,Steam,,76,,,,,,,,,82%,,,,,,,,,,,,,,,,
Half + Half,,55,https://halfandhalf.fun/,https://www.meta.com/en-gb/experiences/2035353573194060/,Yes,,,,Yes,Google search,Meta,Free,,,,,,,,,,,,,,,,,,,,,,,,,,
Multiverse,First,56,,https://www.oculus.com/experiences/quest/1976071352472244/,Yes,Yes,,,Quest,QuestDB,Quest,Free,992,,,,,,,"Lifestyle, Social",,,,,,,,,,,,,,,,,,
Zoe,First,17,https://www.meta.com/en-gb/experiences/zoe/5464660053555314/,https://www.meta.com/en-gb/experiences/zoe/5464660053555314/,Yes,Yes,,,,quest_query_data_metaverse,Quest,0,102,,,,,,,,,72,"For ages 13 and up

Zoe enables the rapid creation of interactive 3D scenes through a no-code interface and automation. Invite your friends, students, colleagues and clients to collaborate, learn and create together in real-time. 
What can I create with Zoe?
Zoe has been used to host immersive workshops, virtual classrooms, project-based-learning activities, meetups, events, interactive art, marketing campaigns, and even mini-games for therapy.",,,,,,,,,,,,,,,
Wolvic,First,6,https://www.meta.com/en-gb/experiences/wolvic/5917120145021341/,https://www.meta.com/en-gb/experiences/wolvic/5917120145021341/,Yes,No,,,,quest_query_data_social,Quest,0,195,,,,,,,,,72,"Wolvic is a secure, open source, and accessible web browser that brings all of the web&#x2019;s vast information and applications to the world of XR, and enables rich immersive WebXR experiences on the web itself. With interfaces and interaction support designed for immersive headsets, Wolvic brings you the best of both the web and XR.",,,,,,,,,,,,,,,
Drop In - VR F2P,,58,,https://store.steampowered.com/app/1144800/Drop_In__VR_F2P/?curator_clanid=4777282,Yes,Yes,,,Yes,SteamDB,Steam,Free,,,,,,,,"Social, Games",1,,,,,,,,,,,,,,,,,
Aim XR,First,8,https://www.meta.com/en-gb/experiences/aim-xr/4245506092131005/,https://www.meta.com/en-gb/experiences/aim-xr/4245506092131005/,Yes,No,,,,quest_query_data_social,Quest,0,1259,,,,,,,,,86,"Fast-paced multiplayer, run-and-gun shooter. 6v6 players",,,,,,,,,,,,,,,
BIG BALLERS VR,First,9,https://www.meta.com/en-gb/experiences/big-ballers-vr/3947713001963656/,https://www.meta.com/en-gb/experiences/big-ballers-vr/3947713001963656/,Yes,No,,,,quest_query_data_social,Quest,0,15198,,,,,,,,,96,"&#x1f410; BECOME THE G.O.A.T &#x1f410; 

Rank up in the fastest growing VR sports game, BIG BALLERS VR. Play with up to 12 players and perform crazy windmill contact dunks in basketball, slug dingers in baseball, and clutch it with game-winning touchdown catches. Try our MR Fitness mode too.  

&#x1f3c8; EASY TO LEARN &#x2013; HARD TO MASTER &#x26be;&#xfe0f;&#x1f3c0;&#x1f3d0;

Our world-class physics engine gives you realistic natural gameplay while being easy to grasp yet challenging to master.

&#x1f624; WILL YOU RISE TO THE CHALLENGE &#x1f624;

Play free now!",,,,,,,,,,,,,,,
VirtualCast,,11,https://store.steampowered.com/app/947890/VirtualCast/?snr=1_7_7_151_150_1,https://store.steampowered.com/app/947890/VirtualCast/?snr=1_7_7_151_150_1,,Yes,,,,steam_query_data_metaverse,Steam,,99,,,,,,,,,78%,,,,,,,,,,,,,,,,
Gods of Gravity,First,11,https://www.meta.com/en-gb/experiences/gods-of-gravity/3919415921458774/,https://www.meta.com/en-gb/experiences/gods-of-gravity/3919415921458774/,Yes,No,,,,quest_query_data_social,Quest,0,2026,,,,,,,,,88,"Gods of Gravity is a social, arcade-style RTS game where you compete in an epic showdown of celestial gods. Scoop up ships and fling them to capture a nearby planet, or open wormholes to teleport them across the solar system. Hold planets and moons to boost your production. Mine asteroids for the powerful resources within. And if you dare, capture the sun for the ultimate buff. Then send a massive fleet to conquer your enemy&#x2019;s home planet. Last god standing wins.",,,,,,,,,,,,,,,
MeetinVR,First,14,https://www.meta.com/en-gb/experiences/meetinvr/1760132027421053/,https://www.meta.com/en-gb/experiences/meetinvr/1760132027421053/,Yes,Yes,Yes,No,,quest_query_data_metaverse,Quest,0,86,,,,,,,,,70,"MeetinVR enables best-in-class metaverse meetings and collaboration. 

Whether you want to meet with your team or with your customers, MeetinVR provides the ideal platform for workshops, training, and education.",,,,,,,,,,,,,,,
MeetinVR,,3,https://www.meta.com/en-gb/experiences/meetinvr/1760132027421053/,https://www.meta.com/en-gb/experiences/meetinvr/1760132027421053/,Yes,Yes,,,,quest_query_data_social,Quest,0,86,,,,,,,,,70,"MeetinVR enables best-in-class metaverse meetings and collaboration. 

Whether you want to meet with your team or with your customers, MeetinVR provides the ideal platform for workshops, training, and education.",,,,,,,,,,,,,,,
No More Rainbows,First,14,https://www.meta.com/en-gb/experiences/no-more-rainbows/5446476285387663/,https://www.meta.com/en-gb/experiences/no-more-rainbows/5446476285387663/,Yes,No,,,,quest_query_data_social,Quest,19.99,5865,,,,,,,,,96,"No More Rainbows bringt den Spa&#xdf; eines klassischen Plattformspiels in die VR. Nutzen Sie intuitive Fortbewegungsmechaniken, um nur mit Ihren H&#xe4;nden zu rennen, zu springen und zu klettern.

SIE SIND DAS BIEST! Toben Sie durch farbenfrohe Welten, um Ihre entweihte Unterwelt zur&#xfc;ckzuerobern. Erweitern Sie Ihr Erlebnis im Deathmatch-Modus oder erklimmen Sie den Sieg im Chicken Catch - Es ist ein Kampf ohne Regeln!",,,,,,,,,,,,,,,
Innerworld,First,15,https://www.meta.com/en-gb/experiences/innerworld/5406767536033508/,https://www.meta.com/en-gb/experiences/innerworld/5406767536033508/,Yes,No,,,,quest_query_data_social,Quest,0,486,,,,,,,,,86,"Welcome to Innerworld: a virtual world where you can learn evidence-based mental health tools and receive support in a place where you can feel safe being yourself. Start your mental health journey today.
 
Work through life&#x2019;s biggest challenges with guides certified in Cognitive Behavioral Immersion: a transformative approach to mental health support. 

Let&#x2019;s find our way together.

Innerworld is currently for people who are able to speak English.",,,,,,,,,,,,,,,
Horror,First,16,https://www.meta.com/en-gb/experiences/horror/6904307006303740/,https://www.meta.com/en-gb/experiences/horror/6904307006303740/,Yes,No,,,,quest_query_data_social,Quest,0,116,,,,,,,,,86,"&#x1f47b;Treten Sie Discord bei: https://discord.com/invite/UpFwwnV6PZ, um KOSTENLOSE SCHL&#xdc;SSEL f&#xfc;r das VOLLST&#xc4;NDIGE SPIEL zu gewinnen!&#x1f47b;

Ein VR-Horror- und R&#xe4;tselspiel, das Echtzeit-Voice-Chat und Online-Spiel f&#xfc;r zwei Spieler unterst&#xfc;tzt. Lass uns gemeinsam dieses mysteri&#xf6;se Einkaufszentrum betreten, die Geheimnisse aufdecken, die Wahrheit erforschen und die Angst und Aufregung des Unbekannten erleben. Z&#xf6;gern Sie nicht, sich mit uns auf eine wahre Reise des Grauens zu begeben!",,,,,,,,,,,,,,,
SHOOTOUT,First,17,https://www.meta.com/en-gb/experiences/shootout/5555992527808989/,https://www.meta.com/en-gb/experiences/shootout/5555992527808989/,Yes,No,,,,quest_query_data_social,Quest,0,736,,,,,,,,,82,"SHOOTOUT is a free to play multiplayer shooter where you get to build your own weapons and abilities!

Explore the depth that this game has to offer and strategize in a PvE arena and then jump into 3v3 PvP Game Modes to battle it out with other players. 

Started off a match wanting to be a support but midway realize that you want to change your playstyle? You would have 19 parts to combine freely that make up over 1000 combinations!",,,,,,,,,,,,,,,
PokerVR - Pure simple Poker,First,18,https://www.meta.com/en-gb/experiences/pokervr-pure-simple-poker/2257223740990488/,https://www.meta.com/en-gb/experiences/pokervr-pure-simple-poker/2257223740990488/,Yes,No,,,,quest_query_data_social,Quest,0,7683,,,,,,,,,86,"Play poker like a pro, Poker VR features multi table tournaments and cash games. Play solo or take part in team events where every weekend 4 teams compete against each other for a different objective. 

Unwind after a long day and play poker for poker; relax and meet 1000s of people from all around the world that join in for the passion of this game.",,,,,,,,,,,,,,,
MYX,First,184,https://gamejolt.com/@FunderStudios,https://www.oculus.com/experiences/quest/8008994102505637/,Yes,Yes,Yes,No,Quest,QuestDB,Quest,Free,80,,,,,,,"Music, Social",,,,,,,,,,,,,,,,,,
Retreat,First,20,https://www.meta.com/en-gb/experiences/retreat/6514531415240007/,https://www.meta.com/en-gb/experiences/retreat/6514531415240007/,Yes,No,,,,quest_query_data_social,Quest,0,55,,,,,,,,,62,"Ready to level up your skills, have fun, and meet new people? You don&#039;t want to miss this amazing opportunity! Think of it like an adult summer camp - with courses from top experts in Art &amp; Creativity, Career &amp; Entrepreneurship, Financial Well-Being to Holistic Wellness. Get exclusive access and ask questions directly from world renowned instructors who are sharing decades worth of their expertise through immersive experiences. Upgrade your real world Avatar, that is you!",,,,,,,,,,,,,,,
First Touch for Meta Quest Touch Pro controllers,First,21,https://www.meta.com/en-gb/experiences/first-touch-for-meta-quest-touch-pro-controllers/5808929989145615/,https://www.meta.com/en-gb/experiences/first-touch-for-meta-quest-touch-pro-controllers/5808929989145615/,Yes,No,,,,quest_query_data_social,Quest,0,85,,,,,,,,,82,"Grab your Meta Quest Touch Pro controllers and learn how they can improve your experience with this short tutorial. Enter your studio and enjoy the simple pleasure of painting in a nice, relaxing environment.",,,,,,,,,,,,,,,
Half + Half,,60,,https://www.oculus.com/experiences/quest/2035353573194060/,Yes,Yes,,,Quest,QuestDB,Quest,Free,885,,,,,,,"Arcade, Social",,,,,,,,"Half + Half is a multiplayer game about fun & connection. The game includes five unique multiplayer spaces that are designed to help you connect with people you know, and also to connect with people you don’t, even if only for a short while.",,,,,,,,,,
Zoe,,22,https://zoeimmersive.com/,https://www.meta.com/en-gb/experiences/zoe/5464660053555314/,Yes,Yes,Yes,Yes,,quest_query_data_social,Quest,0,102,102,-0.2671075676,13448,-0.194503823,-0.4616113906,,,,72,"For ages 13 and up

Zoe enables the rapid creation of interactive 3D scenes through a no-code interface and automation. Invite your friends, students, colleagues and clients to collaborate, learn and create together in real-time. 
What can I create with Zoe?
Zoe has been used to host immersive workshops, virtual classrooms, project-based-learning activities, meetups, events, interactive art, marketing campaigns, and even mini-games for therapy.",,,,,,,,,,,,,,,
Instagram (Beta),First,24,https://www.meta.com/en-gb/experiences/instagram-beta/6102857836422862/,https://www.meta.com/en-gb/experiences/instagram-beta/6102857836422862/,Yes,No,,,,quest_query_data_social,Quest,0,254,,,,,,,,,56,"Bringing you closer to the people and things you love. &#x2014; Instagram from Facebook

Connect with friends, share what you&#x2019;re up to, or see what&#039;s new from others all over the world. Explore our community where you can feel free to be yourself and share everything from your daily moments to life&#039;s highlights.",,,,,,,,,,,,,,,
Immerse - Language Learning,First,25,https://www.meta.com/en-gb/experiences/immerse-language-learning/3181432891940455/,https://www.meta.com/en-gb/experiences/immerse-language-learning/3181432891940455/,Yes,No,,,,quest_query_data_social,Quest,0,532,,,,,,,,,84,"&#x1f525; Don&#039;t just study Spanish, French, or English &#x2014; learn how to SPEAK it fluently with coworkers, friends, and family!

&#x2764;&#xfe0f; Immerse is the fastest growing immersive language learning platform trusted by thousands of members around the world!

&#x1f4aa; Get unlimited access to live group classes and AI-powered conversation practice for a fraction of the cost of online tutoring or traveling abroad.

&#x1f911; Subscriptions start as low as $25/mo. Must be 18 or older. 

&#x1f973; Start your 14 day free trial today!",,,,,,,,,,,,,,,
Facebook (Beta),First,26,https://www.meta.com/en-gb/experiences/facebook-beta/6126469507395223/,https://www.meta.com/en-gb/experiences/facebook-beta/6126469507395223/,Yes,No,,,,quest_query_data_social,Quest,0,138,,,,,,,,,52,"The Facebook app helps you connect with friends, family and communities of people who share your interests. Connecting with your friends and family, as well as discovering new ones, is easy with features such as Groups, Watch and Marketplace.",,,,,,,,,,,,,,,
SurrealVR,First,76,https://surrealvr.com/,https://store.steampowered.com/app/461180/SurrealVR/?snr=1_7_7_151_150_2,,Yes,Yes,No,,steam_query_data_vr_multiplayer,Steam,,75,,,,,,,,,61%,,,,,,,,,,,,,,,,
Death Game Hotel,First,28,https://www.meta.com/en-gb/experiences/death-game-hotel/7371422382882960/,https://www.meta.com/en-gb/experiences/death-game-hotel/7371422382882960/,Yes,No,,,,quest_query_data_social,Quest,19.99,38,,,,,,,,,92,"Death Game Hotel: A Battle for Life Begins Here!
Dive into the uncharted thrill and strategy with SWERY&#039;s indie studio White Owls&#039; latest creation. This VR online multiplayer tabletop game pits your life in a death game gamble.
Single or multiplayer, your choice dictates your fate. Master unique game modes and use cunning cheats to win.
Experience the realism VR brings, enjoying exhilarating times with friends or players worldwide. #DeathGame #SWERYNewRelease #VRGame",,,,,,,,,,,,,,,
Multiverse,,29,https://www.meta.com/en-gb/experiences/multiverse/1976071352472244/,https://www.meta.com/en-gb/experiences/multiverse/1976071352472244/,Yes,No,,,,quest_query_data_social,Quest,0,1001,,,,,,,,,70,"Multiverse &#x2013; das Metaversum F&#xfc;r die Menschen, Von den Menschen.",,,,,,,,,,,,,,,
Pillow,First,30,https://www.meta.com/en-gb/experiences/pillow/5655932521164368/,https://www.meta.com/en-gb/experiences/pillow/5655932521164368/,Yes,No,,,,quest_query_data_social,Quest,9.99,285,,,,,,,,,82,"Discover an entirely new way to use your headset with Pillow, the ONLY immersive app designed to be used lying down!

Relax in bed in mixed reality as you experience four amazing interactive dreams, all playable in singleplayer or 2-player co-op! Wind down with short immersive mixed reality dreams designed to bring tranquility to your routine.",,,,,,,,,,,,,,,
Pluto,First,41,https://www.pluto.app/,https://store.steampowered.com/app/389980/Pluto/?curator_clanid=4777282,Yes,Yes,Yes,No,Yes,SteamDB,Steam,Free,75,,,,,,,Social,3,,,,,,,,,,,,,,,,,
APES,First,32,https://www.meta.com/en-gb/experiences/apes/5770576536320136/,https://www.meta.com/en-gb/experiences/apes/5770576536320136/,Yes,No,,,,quest_query_data_social,Quest,0,452,,,,,,,,,82,"Run around as a super goofy ape with friends (if you have any.) or strangers!
From a Gleaming Cave to a Tropical Getaway, so much is in store for you in APES.",,,,,,,,,,,,,,,
EmbodyMe,First,40,https://vr.embodyme.com/,"https://www.meta.com/en-gb/experiences/pcvr/1400181626701009/?utm_source=vr.embodyme.com&utm_medium=oculusredirect
https://store.steampowered.com/app/604530/EmbodyMe_Beta/",Yes,Yes,Yes,No,Yes,Google search,"Meta
Steam","Free
Free",66,,,,,,,,,,,,,,,,,,,,,,,,,
Swarm,First,34,https://www.meta.com/en-gb/experiences/swarm/2236053486488156/,https://www.meta.com/en-gb/experiences/swarm/2236053486488156/,Yes,No,,,,quest_query_data_social,Quest,24.99,2813,,,,,,,,,96,"&#x201e;SPIDER-MAN MIT KNARREN &#x2013; daf&#xfc;r wurde VR gemacht!&#x201c;

&#x201e;SWARM&#x201c; ist ein rasanter Wurfhaken-Shooter im Arcade-Stil mit schnellen Sessions, farbenfrohen Welten und global umk&#xe4;mpften Bestenlisten, der dich zur&#xfc;ck in die glorreichen Tage der Arcade-Spiele f&#xfc;hrt.",,,,,,,,,,,,,,,
MultiBrush,First,35,https://www.meta.com/en-gb/experiences/multibrush/3438333449611263/,https://www.meta.com/en-gb/experiences/multibrush/3438333449611263/,Yes,No,,,,quest_query_data_social,Quest,19.99,133,,,,,,,,,84,"Multiplayer meets Tilt Brush!
Enjoy creating in VR, now with friends.",,,,,,,,,,,,,,,
Monkey Doo,First,36,https://www.meta.com/en-gb/experiences/monkey-doo/5635852399856124/,https://www.meta.com/en-gb/experiences/monkey-doo/5635852399856124/,Yes,No,,,,quest_query_data_social,Quest,0,7236,,,,,,,,,92,"&#x1f412;&#x1faf5;Fan Made Update!

Live in the heart of the Bermuda Triangle with all your Monkey friends! Swing on vines, throw doo at your enemies, and climb everything! 

- Huge Maps: Explore the Bermuda Jungle, Floating Forests, Ancient Ruins, Lava Chasm, and more

- Unique Gamemodes: Be the first to collect 10 bananas or work together to fend off hordes of crocs -- new modes are coming all the time

- Monkey Apparel: Customize your body color, equip face &amp; head cosmetics, and stylize your doo",,,,,,,,,,,,,,,
Arthur,First,74,https://www.arthur.digital/,https://www.meta.com/en-gb/experiences/arthur/2108767382537806/,Yes,Yes,Yes,Yes,,quest_query_data_social,Quest,0,56,56,-0.2683271859,11723,-0.1945068218,-0.4628340077,,,,74,"Arthur is your virtual office space. It allows you to meet, collaborate and manage your work. In Arthur, you can get into the same room with your team, partners or clients, without any travel. 

Make it your own. Customize the spaces to your needs. Maximize your remote productivity and enjoy all of your favourite tools, such as pinboards, 3D flowcharts, presentations, MR Desks and tracked keyboards.",,,,,,,,,,,,,,,
Sky Climb,First,38,https://www.meta.com/en-gb/experiences/sky-climb/6439300372853604/,https://www.meta.com/en-gb/experiences/sky-climb/6439300372853604/,Yes,No,,,,quest_query_data_social,Quest,14.99,191,,,,,,,,,90,"&#x1f325;&#xfe0f; Soar through the skies like never before and restore balance to the universe with Sky Climb!&#x1f4ab; 

This first-person adventure brings classic platforming to VR, featuring an intuitive arm-based locomotion mechanism that allows you to fling yourself from one cube to another in low gravity.

&#x1f7ea;  SINGLE PLAYER CAMPAIGN with 74 levels and bosses

&#x1f7ea;  MULTIPLAYER CHAMPIONSHIP online mode

&#x1f7ea;  CHARACTER CUSTOMIZATIONS

&#x1f7ea;  BUILDER MODE available in Mixed Reality",,,,,,,,,,,,,,,
Catan VR,First,39,https://www.meta.com/en-gb/experiences/catan-vr/3882524545155280/,https://www.meta.com/en-gb/experiences/catan-vr/3882524545155280/,Yes,No,,,,quest_query_data_social,Quest,14.99,482,,,,,,,,,78,"NOW ON QUEST &amp; QUEST 2! Catan VR is an immersive take on Klaus Teuber&#x2019;s landmark title that revolutionized modern board gaming. Trade, Build and Settle on Oculus Rift, Oculus Go and Oculus Quest.",,,,,,,,,,,,,,,
Pickleball One,First,40,https://www.meta.com/en-gb/experiences/pickleball-one/5276176159145627/,https://www.meta.com/en-gb/experiences/pickleball-one/5276176159145627/,Yes,No,,,,quest_query_data_social,Quest,29.99,181,,,,,,,,,82,"Dive into America&#039;s fastest-growing sport while making new friends with Pickleball One. Perfect for both newcomers and experienced players, our user-friendly interface allows you to master pickleball solo or join others. Whether you&#039;re learning the basics or diving deep into the game, Pickleball One has something for everyone. Experience the ultimate social sports and fitness platform, complete with in-depth fitness and training modules, immersive wall drills, practice sessions, and workouts.",,,,,,,,,,,,,,,
GYM CLASS - BASKETBALL VR,First,41,https://www.meta.com/en-gb/experiences/gym-class-basketball-vr/3661420607275144/,https://www.meta.com/en-gb/experiences/gym-class-basketball-vr/3661420607275144/,Yes,No,,,,quest_query_data_social,Quest,0,58382,,,,,,,,,98,"&#x1f3c0;&#x1f3c8;&#x26be; GYM CLASS is the top VR basketball &amp; sports game. Experience NBA licensed team courts with full-court games, social worlds for pickup games with friends, and football &amp; baseball stadiums. Rated best on Quest, GC delivers top-notch simulation physics, environments, gameplay, avatars, and cosmetics. Tag your opponents in a fast-paced match, or play rec games - GC is where ballers unite.",,,,,,,,,,,,,,,
Eleven Table Tennis,First,42,https://www.meta.com/en-gb/experiences/eleven-table-tennis/1995434190525828/,https://www.meta.com/en-gb/experiences/eleven-table-tennis/1995434190525828/,Yes,No,,,,quest_query_data_social,Quest,29.99,10179,,,,,,,,,92,"The ultimate Table Tennis simulator. Play opponents in online multiplayer or practice against the advanced AI. With physics designed to be as real as ever achieved in a Table Tennis simulator, you will forget you are in VR.",,,,,,,,,,,,,,,
Gorilla Tag,First,43,https://www.meta.com/en-gb/experiences/gorilla-tag/4979055762136823/,https://www.meta.com/en-gb/experiences/gorilla-tag/4979055762136823/,Yes,No,,,,quest_query_data_social,Quest,0,125441,,,,,,,,,92,"Run, jump, and climb using only your hands. Play with friends in a virtual gorilla world through six different environments - Forest, Canyons, Caves, Mountain, City, and Clouds.

Hang out in Casual mode or play a game of Tag, Hunt, Team Paintball, or make it up as you go.  Meet and learn from new monkes or create private rooms for friends-only lobbies.

Express yourself with flair.  A rotating inventory of Cosmetic items are available at the shop in the City.

Reject Humanity.

Move like Monke.",,,,,,,,,,,,,,,
Vegas Infinite,First,44,https://www.meta.com/en-gb/experiences/vegas-infinite/2370815932930055/,https://www.meta.com/en-gb/experiences/vegas-infinite/2370815932930055/,Yes,No,,,,quest_query_data_social,Quest,0,28061,,,,,,,,,78,"Vegas Infinite, formerly PokerStars VR, is a world of entertainment with no limits. Hang out with friends and play poker, blackjack, roulette, slots, and craps for free in stunning environments with realistic chip and card movements, and an endless supply of interactive props and apparel.

Vegas Infinite is not a gambling site and does not present an opportunity to win real money. 18+ only. Please play responsibly.",,,,,,,,,,,,,,,
Hypatia,First,62,http://www.timefirevr.com/,"https://www.meta.com/en-gb/experiences/pcvr/1281935801880251/
https://store.steampowered.com/app/401970/Hypatia/",Yes,Yes,Yes,No,Yes,Google search,"Meta
Steam",Free,66,,,,,,,,,,,,,,,,,,,,,,,,,
Blacktop Hoops,First,46,https://www.meta.com/en-gb/experiences/blacktop-hoops/4416817901687071/,https://www.meta.com/en-gb/experiences/blacktop-hoops/4416817901687071/,Yes,No,,,,quest_query_data_social,Quest,29.99,19831,,,,,,,,,98,"Blacktop Hoops is the ultimate VR basketball game and sports experience. Embark on a hoops journey in career mode, ball against bots, hang out with friends in online courts, or climb the rankings in competitive pickup games. Design your perfect avatar with millions of unique combinations. Go wild with crazy modifiers like slow-mo, big head, and mega jump. Do you have what it takes to become the GOAT? &#x1f410;",,,,,,,,,,,,,,,
BeanVR—The Social VR APP,First,87,,https://store.steampowered.com/app/638920/BeanVRThe_Social_VR_APP/?snr=1_7_7_151_150_2,,Yes,Yes,No,,steam_query_data_vr_multiplayer,Steam,,50,,,,,,,,,46%,,,,,,,,,,,,,,,,
Cook-Out,First,48,https://www.meta.com/en-gb/experiences/cook-out/2004774962957063/,https://www.meta.com/en-gb/experiences/cook-out/2004774962957063/,Yes,No,,,,quest_query_data_social,Quest,15.99,1167,,,,,,,,,90,"Bindet die Sch&#xfc;rzen um &#x2026; Gleich wird&#039;s chaotisch!

Bei Cook-Out: Das Sandwich-M&#xe4;rchen arbeiten die Spieler des Mehrspieler-VR-Spiels von Resolution Games zusammen, um sich ihren Weg durch ein verr&#xfc;cktes und skurriles Abenteuer zu bahnen, die Kunden zufriedenzustellen, und in immer hektischeren Levels vorw&#xe4;rtszukommen. Aber bestellt es nur, wenn ihr es auch essen k&#xf6;nnt, denn diese Kunden haben gepfefferte W&#xfc;nsche.",,,,,,,,,,,,,,,
Among Us VR,First,49,https://www.meta.com/en-gb/experiences/among-us-vr/4948428055244413/,https://www.meta.com/en-gb/experiences/among-us-vr/4948428055244413/,Yes,No,,,,quest_query_data_social,Quest,9.99,6428,,,,,,,,,76,"L&#xe4;utet den Alarm! Jetzt ist es nicht mehr blo&#xdf; eine Frage von Crewmitgliedern gegen Hochstapler. Jetzt hei&#xdf;t es Bohnen gegen die Umgebung!

Among Us VR ist ein Partyspiel zum Thema Teamwork und Verrat. Schnapp dir deine Crew und dein Headset und st&#xfc;rz dich in die VR-Version des erfolgreichen Spiels. Spiele mit 4-10 Spielern und erledigt Aufgaben, um euer Schiff zusammenzuhalten. Aber Achtung! Ein oder mehrere zuf&#xe4;llige Spieler sind Hochstapler, die alle sabotieren und t&#xf6;ten wollen.",,,,,,,,,,,,,,,
TOTALLY BASEBALL,First,50,https://www.meta.com/en-gb/experiences/totally-baseball/3256881337690839/,https://www.meta.com/en-gb/experiences/totally-baseball/3256881337690839/,Yes,No,,,,quest_query_data_social,Quest,19.99,2004,,,,,,,,,78,Play the full sport of Baseball (every position) on your own or with your friends!  (No subscription needed!),,,,,,,,,,,,,,,
Windlands 2,First,51,https://www.meta.com/en-gb/experiences/windlands-2/5418402731545943/,https://www.meta.com/en-gb/experiences/windlands-2/5418402731545943/,Yes,No,,,,quest_query_data_social,Quest,24.99,130,,,,,,,,,88,"Ein First-Person-Erkundungsspiel mit Enterhaken. Kehre zur&#xfc;ck nach Windlands, alleine oder mit Freunden. Streife mit Enterhaken und Bogen bewaffnet durch die Ruinen einer zerfallenen Welt. Begib dich auf eine Reise zur Vernichtung der gigantischen Titanen und rette die Welt vor einer uralten Gefahr.",,,,,,,,,,,,,,,
Amigo VR,First,77,,https://store.steampowered.com/app/622310/Amigo_VR/?snr=1_7_7_151_150_2,,No,,,,steam_query_data_vr_multiplayer,Steam,,48,,,,,,,,,52%,,,,,,,,,,,,,,,,
BEAT ARENA,First,53,https://www.meta.com/en-gb/experiences/beat-arena/2301375123298882/,https://www.meta.com/en-gb/experiences/beat-arena/2301375123298882/,Yes,No,,,,quest_query_data_social,Quest,29.99,204,,,,,,,,,84,"Klimpere, schlage und jamme drauflos! Hauche deinem VR-Gig Leben ein!

Performe auf der B&#xfc;hne in einer Band als Pianist, Gitarrist, Bassist oder Schlagzeuger, alles in VR!
Schnapp dir die Spieldaten deiner Freunde und genie&#xdf;t gemeinsam eine VR-Jam-Session!
* Das Zielalter von &#x201e;BEAT ARENA&#x201c; ist 13 Jahre und &#xe4;lter.

Enth&#xe4;lt unz&#xe4;hlige geliebte BEMANI-Tracks, aber auch ganz neue Originalst&#xfc;cke.
Spiele deine Lieblingssongs aus der BEMANI-Serie in VR!",,,,,,,,,,,,,,,
Racket Club,First,54,https://www.meta.com/en-gb/experiences/racket-club/6022041731249559/,https://www.meta.com/en-gb/experiences/racket-club/6022041731249559/,Yes,No,,,,quest_query_data_social,Quest,24.99,599,,,,,,,,,90,"Racket Club kombiniert Tennis und Padel, um eine neue Schl&#xe4;gersportart f&#xfc;r VR zu schaffen. Treten Sie dem Club bei und spielen Sie den Ball!",,,,,,,,,,,,,,,
Survival Nation,First,55,https://www.meta.com/en-gb/experiences/survival-nation/6198564290223186/,https://www.meta.com/en-gb/experiences/survival-nation/6198564290223186/,Yes,No,,,,quest_query_data_social,Quest,29.99,625,,,,,,,,,82,"Survival Nation is an open-world online RPG survival game designed for VR. In this game, you will kill hundreds of zombies, acquire weapons, learn new skills, craft, explore the world, complete quests, and most importantly, fight for survival. Will you join a Survival Nation?",,,,,,,,,,,,,,,
Joyverse,First,56,https://www.meta.com/en-gb/experiences/joyverse/5547974825318365/,https://www.meta.com/en-gb/experiences/joyverse/5547974825318365/,Yes,Yes,,,,quest_query_data_social,Quest,9.99,25,,,,,,,,,72,"Design Your Room
Powered by Spacejoy, pioneers in design e-commerce, Joyverse is your gateway to groundbreaking interior design in the Oculus Store.

- Design Your Actual Space: Add furniture and decor in your own room in Mixed Reality.
- Designer Furniture: Access handpicked furniture/decor from top brands.
- AI-Driven: Learn with our AI Virtual Assistant.
- Multiplayer Creativity: Collaborate with friends to design a space.

Ready to dive into design like never before? Download Joyverse Now!",,,,,,,,,,,,,,,
Spaceteam VR,First,57,https://www.meta.com/en-gb/experiences/spaceteam-vr/2531338473623578/,https://www.meta.com/en-gb/experiences/spaceteam-vr/2531338473623578/,Yes,No,,,,quest_query_data_social,Quest,12.99,126,,,,,,,,,60,A co-op party game. Work together as a Spaceteam and figure out who should do with that flange!?,,,,,,,,,,,,,,,
MiRacle Pool,First,58,https://www.meta.com/en-gb/experiences/miracle-pool/7067612163334384/,https://www.meta.com/en-gb/experiences/miracle-pool/7067612163334384/,Yes,No,,,,quest_query_data_social,Quest,14.99,925,,,,,,,,,96,"&#x1f3b1; The Premier Pool Simulator with the most realistic ball physics and easy cue stick handling, all made for mixed reality! Game Modes include: Single Player, Multiplayer, Private Matches, Mini Games, Daily Challenges and Practice Mode. Earn XP, rank up and unlock new table designs, balls, cues and more! Play in any size room you have!",,,,,,,,,,,,,,,
OrbusVR: Reborn,First,59,https://www.meta.com/en-gb/experiences/orbusvr-reborn/2352932654734987/,https://www.meta.com/en-gb/experiences/orbusvr-reborn/2352932654734987/,Yes,No,,,,quest_query_data_social,Quest,19.99,2068,,,,,,,,,78,"With more than 100+ hours of unique content and a strong in-game community, Orbus is a VR experience like no other!

In OrbusVR, you&#x2019;ll find everything you love about an MMORPG, including:

&#x2022; 8 playable classes
&#x2022; Fishing, crafting &amp; artificing
&#x2022; Opt-in World PvP &amp; Battlegrounds
&#x2022; 5-player dungeons &amp; 10-player raids
&#x2022; Dungeon queue, group finder &amp; other social features
&#x2022; Pet dragons, player trading and more!

Immerse yourself in a world of discovery. Join the OrbusVR community today!",,,,,,,,,,,,,,,
Galaxy Kart,First,60,https://www.meta.com/en-gb/experiences/galaxy-kart/5598654356882558/,https://www.meta.com/en-gb/experiences/galaxy-kart/5598654356882558/,Yes,No,,,,quest_query_data_social,Quest,17.99,90,,,,,,,,,86,"Ein Arcade-Kart-Rennspiel, bei dem der Kampf und die Nutzung der individuellen F&#xe4;higkeiten jedes Fahrers im Mittelpunkt stehen. In einer Galaxie voller verr&#xfc;ckter Rennfahrer entscheidet eine fantastische Meisterschaft dar&#xfc;ber, wer der beste Fahrer von allen ist! Nicht nur die Rennfahrer k&#xf6;nnen auf den Strecken Waffen bekommen, jeder von ihnen verf&#xfc;gt auch &#xfc;ber individuelle F&#xe4;higkeiten!",,,,,,,,,,,,,,,
First Steps for Quest 2,First,61,https://www.meta.com/en-gb/experiences/first-steps-for-quest-2/3675568169182204/,https://www.meta.com/en-gb/experiences/first-steps-for-quest-2/3675568169182204/,Yes,No,,,,quest_query_data_social,Quest,0,1588,,,,,,,,,94,"Mache deine ersten Schritte in der VR und lerne deine Controller in dieser kurzen Erfahrung kennen, die dir die ganze Kraft von Oculus zeigt.",,,,,,,,,,,,,,,
Carly and the Reaperman,First,62,https://www.meta.com/en-gb/experiences/carly-and-the-reaperman/3285668754893704/,https://www.meta.com/en-gb/experiences/carly-and-the-reaperman/3285668754893704/,Yes,No,,,,quest_query_data_social,Quest,19.99,157,,,,,,,,,82,"Niemand kann ganz ohne Hilfe aus der Unterwelt entkommen. Schnappt euch einen Freund und rennt, springt und l&#xf6;st R&#xe4;tsel mit ihm auf dem Weg in die Freiheit in diesem preisgekr&#xf6;nten Koop-R&#xe4;tsel-Platformer!",,,,,,,,,,,,,,,
Bounce Shot,First,63,https://www.meta.com/en-gb/experiences/bounce-shot/5315620021784200/,https://www.meta.com/en-gb/experiences/bounce-shot/5315620021784200/,Yes,No,,,,quest_query_data_social,Quest,3.99,131,,,,,,,,,86,"The party never stops with Bounce Shot!!!

Clear your opponents cups first and win! Challenge your friends or make new ones, with rooms that allow up to 8 players to join. 

Bounce Shot, a version of a popular American collegiate game, can be played  1v1  or in teams of 2. Each team then takes turns attempting to throw balls into the opponent&#039;s cups. If a ball lands in a cup, the cup is removed from the table. The first team to eliminate all of the opponent&#039;s cups is the winner.",,,,,,,,,,,,,,,
Tank Arena: Ultimate League,First,64,https://www.meta.com/en-gb/experiences/tank-arena-ultimate-league/23911676798446391/,https://www.meta.com/en-gb/experiences/tank-arena-ultimate-league/23911676798446391/,Yes,No,,,,quest_query_data_social,Quest,5.99,54,,,,,,,,,82,"- Tank Arena: Ultimate League bringt aufregende Updates!
- Deathmatch-Revolution: Von Pulse Tower zu einem Deathmatch.
- Neues Lounge-Erlebnis: Steige im Ranking auf und spiele Mini-Games.
- Training Ground: Teste 8 Panzer und ihre F&#xe4;higkeiten.
- Epische Features: Bildet 4er-Teams f&#xfc;r futuristische K&#xe4;mpfe.
- Soziale Interaktion: Triff neue Freunde im Lounge und f&#xfc;ge sie hinzu.",,,,,,,,,,,,,,,
Acron: Attack of the Squirrels!,First,65,https://www.meta.com/en-gb/experiences/acron-attack-of-the-squirrels/2345082335516570/,https://www.meta.com/en-gb/experiences/acron-attack-of-the-squirrels/2345082335516570/,Yes,No,,,,quest_query_data_social,Quest,19.99,1768,,,,,,,,,92,"ACHTUNG: Es handelt sich um ein VR-Spiel mit hohem Suchtpotenzial und muss mit mindestens einer weiteren Person gespielt werden, die dem Spiel &#xfc;ber ein Mobilger&#xe4;t beitritt. Das ben&#xf6;tigte Handyspiel f&#xfc;r iOS und Android ist kostenlos.

Hast du das Zeug dazu, die goldenen Eicheln in diesem nussig-verr&#xfc;ckten Multiplayer-Partyspiel von Resolution Games zu besch&#xfc;tzen? Oder bist du eher hibbelig wie ein Eichh&#xf6;rnchen?",,,,,,,,,,,,,,,
Out of Scale: A Kurzgesagt Adventure,First,66,https://www.meta.com/en-gb/experiences/out-of-scale-a-kurzgesagt-adventure/7270665009617359/,https://www.meta.com/en-gb/experiences/out-of-scale-a-kurzgesagt-adventure/7270665009617359/,Yes,No,,,,quest_query_data_social,Quest,14.99,105,,,,,,,,,82,"Journey through 5 levels of scale ranging from molecular to mountain to clean up the aftermath of a lab test gone, well, slightly wrong. On your adventure, you&#x2019;ll be joined by STEVE, the lab&#x2019;s AI assistant, and will be the first to try out his newest invention, Shrink-o-gen. Scanning and scaling your way through the environment, you&#x2019;ll learn about the different rules that apply to each realm, and have to deal with giant ants, fungi &amp; tardigrades taking over the city.",,,,,,,,,,,,,,,
Mannequin,First,67,https://www.meta.com/en-gb/experiences/mannequin/7028027297235918/,https://www.meta.com/en-gb/experiences/mannequin/7028027297235918/,Yes,No,,,,quest_query_data_social,Quest,19.99,197,,,,,,,,,94,"Mannequin ist ein Stealth-VR-Spiel f&#xfc;r bis zu 2 gegen 3 Spieler.

Zwei Elite-Agenten jagen Mannequins: Aliens, die sich als menschliche Statuen tarnen.

Sie &#xfc;berfallen unachtsame Agenten und k&#xf6;nnen sie mit der kleinsten Ber&#xfc;hrung einfrieren lassen. Agenten nutzen daher High-Tech-Scanner, um die Mannequins zu enttarnen und zu erschie&#xdf;en. Wer ist Freund, wer ist Feind? Wer versehentlich einen Menschen trifft, kann nicht mehr schie&#xdf;en! Welches Team gewinnt das Katz-und-Maus-Spiel?",,,,,,,,,,,,,,,
Gravity League,First,68,https://www.meta.com/en-gb/experiences/gravity-league/5934280436582748/,https://www.meta.com/en-gb/experiences/gravity-league/5934280436582748/,Yes,No,,,,quest_query_data_social,Quest,0,425,,,,,,,,,86,"Welcome to the future of ball games! 

In a world where gravity is no longer a limitation, the Gravity League has become the ultimate test of skill and endurance for athletes from all corners of the galaxy.

The rules are simple: 2 players, 1 ball, zero gravity - the first player to get 11 goals wins.

So strap on your Gravity Gloves and get ready to take on the competition!",,,,,,,,,,,,,,,
Loco Dojo Unleashed,First,69,https://www.meta.com/en-gb/experiences/loco-dojo-unleashed/2097356583640894/,https://www.meta.com/en-gb/experiences/loco-dojo-unleashed/2097356583640894/,Yes,No,,,,quest_query_data_social,Quest,19.99,174,,,,,,,,,76,"Enter the whimsical wooden world of Loco Dojo &amp; step up to Grand Sensei&#x2019;s &#x2018;Table of Trials&#x2019; to pit your silliest skills against friends or strangers in this hilariously competitive multiplayer party game. Take turns to spin the wheel &amp; move your counter around the dojo&#x2019;s game board, acquiring strategic prizes &amp; launching ludicrous trials in which to compete with your rival players to prove yourself as a master of martial madness! No friends? No problem! Solo Dojo and Ten Trials Tests awaits you!",,,,,,,,,,,,,,,
Real VR Fishing,First,70,https://www.meta.com/en-gb/experiences/real-vr-fishing/2582932495064035/,https://www.meta.com/en-gb/experiences/real-vr-fishing/2582932495064035/,Yes,No,,,,quest_query_data_social,Quest,19.99,7134,,,,,,,,,92,"Real VR Fishing ist eine entspannende Angelarkade mit fantastischer Grafik und Szenerie, die du mit Freunden genie&#xdf;en kannst.

Angel, wie es dir gef&#xe4;llt! Erlebe Stippangeln oder Nervenkitzel beim Raubfischangeln. Wassertiefe und verbesserte Angelmechanik verleihen dem Spiel mehr Tiefe.",,,,,,,,,,,,,,,
Snow Wars,First,71,https://www.meta.com/en-gb/experiences/snow-wars/4886562978130328/,https://www.meta.com/en-gb/experiences/snow-wars/4886562978130328/,Yes,No,,,,quest_query_data_social,Quest,12.99,38,,,,,,,,,74,"Snow Wars VR is a multiplayer, casual VR shooter set in a charming winter landscape. Experience beautiful handcrafted graphics and wield several unique weapons, each with different mechanics. Immerse yourself in four engaging modes, each featuring unique terrain and tactical advantages. For solo enthusiasts, the game includes the challenging &quot;Defend the Portal&quot; mode. Join the snowy fun with up to 8 players!",,,,,,,,,,,,,,,
Figmin XR | Mixed Reality,First,72,https://www.meta.com/en-gb/experiences/figmin-xr-mixed-reality/6849182851823457/,https://www.meta.com/en-gb/experiences/figmin-xr-mixed-reality/6849182851823457/,Yes,Yes,,,,quest_query_data_social,Quest,19.99,143,,,,,,,,,88,"Create, Collect &amp; Play in Mixed Reality!

Figmin XR is a fun spatial computing application that lets you create your own mixed reality scenes. Multiplayer supported.",,,,,,,,,,,,,,,
First Steps,First,73,https://www.meta.com/en-gb/experiences/first-steps/1863547050392688/,https://www.meta.com/en-gb/experiences/first-steps/1863547050392688/,Yes,No,,,,quest_query_data_social,Quest,0,1003,,,,,,,,,96,"Mache deine ersten Schritte in der VR und lerne deine Controller in dieser kurzen Erfahrung kennen, die dir die ganze Kraft von Oculus zeigt.",,,,,,,,,,,,,,,
Highway Madness,First,78,,https://store.steampowered.com/app/735460/Highway_Madness/?snr=1_7_7_151_150_2,,No,,,,steam_query_data_vr_multiplayer,Steam,,46,,,,,,,,,69%,,,,,,,,,,,,,,,,
InnerWorld,,65,https://www.inner.world/home/,https://www.meta.com/en-gb/experiences/5406767536033508/,Yes,,,,Yes,Google search,Meta,Free,,,,,,,,,,,,,,,,,,,,,,,,,,
ForeVR Darts,First,76,https://www.meta.com/en-gb/experiences/forevr-darts/3831620133609128/,https://www.meta.com/en-gb/experiences/forevr-darts/3831620133609128/,Yes,No,,,,quest_query_data_social,Quest,9.99,592,,,,,,,,,80,"Alle deine Lieblings-Darts-Spiele: 01 Series, Double-Out 01 Series, Count-Up und Cricket!

Alle k&#xf6;nnen mitspielen &#x2013; leichte und mittlere Zielassistenten helfen beim Werfen! Auf &#x201e;Schwierig&#x201c; k&#xf6;nnen Profis Darts in VR auf realistische Weise erleben!

+ 4 Hallen
+ 65 Dartpfeile
+ 3-stufiger Zielassistent
+ 5 herausforderbare Profi-NSC in jeder Halle
+ YouTube-Jukebox
+ Reihum-Spiel

Erlebe die vollendete Handverfolgungs-Technologie von Oculus im besten Spiel, das mit H&#xe4;nden gespielt wird: Darts!",,,,,,,,,,,,,,,
MarineVerse Cup,First,77,https://www.meta.com/en-gb/experiences/marineverse-cup/2465388190184288/,https://www.meta.com/en-gb/experiences/marineverse-cup/2465388190184288/,Yes,No,,,,quest_query_data_social,Quest,19.99,177,,,,,,,,,88,"Try sailing, learn &amp; race in iconic sailing locations. Master various sailboats.

Join a vibrant community and connect with fellow sailors.

MarineVerse Cup is crafted for simulation enthusiasts. Start with a Dinghy and progress to a Yacht.

When you are ready, test your skills in a competitive setting.

After the race, unwind in Free Sailing mode and watch a sunset in VR.

Happy Sailing!",,,,,,,,,,,,,,,
GOLF+,First,78,https://www.meta.com/en-gb/experiences/golf/2412327085529357/,https://www.meta.com/en-gb/experiences/golf/2412327085529357/,Yes,No,,,,quest_query_data_social,Quest,29.99,45260,,,,,,,,,96,"The ultimate VR Golf experience and the official VR Golf game of the PGA TOUR!

**Available on QUEST 2, 3, and Pro**

&#x26f3;&#xfe0f; Iconic Courses: 3 Free courses and 15+ real-world destinations available for purchase including Pebble Beach.
&#x1f3cc;&#xfe0f; Multiplayer: Play with friends, or join public rounds.
&#x1f4c8; Performance Feedback: Stats, strokes gained data, and handicap system.
&#x1f3c6; Competitive Play: Compete on the GOLF+ TOUR.
&#x1f3af; Diverse Modes: Match Play to Skins, to weekly challenges and Topgolf Las Vegas.",,,,,,,,,,,,,,,
Star Trek: Bridge Crew,First,79,https://www.meta.com/en-gb/experiences/star-trek-bridge-crew/2507216576060698/,https://www.meta.com/en-gb/experiences/star-trek-bridge-crew/2507216576060698/,Yes,No,,,,quest_query_data_social,Quest,29.99,2177,,,,,,,,,58,"Das speziell f&#xfc;r VR entwickelte Spiel &#x201e;Star Trek: Bridge Crew&#x201c; versetzt Sie und Ihre Freunde in das Herz eines Raumschiffs, wo jede Aktion and jede Entscheidung, die ihr gemeinsam als Offiziere der F&#xf6;deration trefft, das Schicksal Ihres Schiffes und Ihrer Crew entscheidet.",,,,,,,,,,,,,,,
BIG SHOTS,First,80,https://www.meta.com/en-gb/experiences/big-shots/6621849171203339/,https://www.meta.com/en-gb/experiences/big-shots/6621849171203339/,Yes,No,,,,quest_query_data_social,Quest,19.99,47,,,,,,,,,82,"R&#xfc;stet euch aus, schlie&#xdf;t euch zusammen und vernichtet eure Gegner! Werde zum ultimativen Mech-Piloten in BIG SHOTS!",,,,,,,,,,,,,,,
Ghostbusters: Rise of the Ghost Lord,First,81,https://www.meta.com/en-gb/experiences/ghostbusters-rise-of-the-ghost-lord/4746232908818706/,https://www.meta.com/en-gb/experiences/ghostbusters-rise-of-the-ghost-lord/4746232908818706/,Yes,No,,,,quest_query_data_social,Quest,29.99,540,,,,,,,,,80,"WHO THEY GONNA CALL? YOU!

Schnall dein Proton-Pack um und erlebe mit Meta Quest, wie viel Spa&#xdf; und Nervenkitzel die Geisterjagd bringt!

WERDE EIN GHOSTBUSTER!
Benutze ikonisches Equipment wie den PKE Geisterschocker und den Protonen-Strahler, wenn du die Geister bei diesem ultimativen Kampf gegen eine entsetzliche neue Bedrohung findest, vernichtest und f&#xe4;ngst.

Ghostbusters &#x2122; &amp; &#xa9; 2023 Columbia Pictures Industries, Inc. All Rights Reserved.",,,,,,,,,,,,,,,
The Flip,First,82,https://www.meta.com/en-gb/experiences/the-flip/5419048904872022/,https://www.meta.com/en-gb/experiences/the-flip/5419048904872022/,Yes,No,,,,quest_query_data_social,Quest,24.99,73,,,,,,,,,90,"Schlie&#xdf; dich in The Flip, einem Koop-VR-Shooter in einer von Zombies &#xfc;berrannten Stadt, mit Freunden zu einem spannungsgeladenen Abenteuer zusammen. Finde Waffen und passe deinen Avatar an, w&#xe4;hrend du gegen Kreep und seine Monster um das &#xdc;berleben k&#xe4;mpfst. In The Flip, das f&#xfc;r gemeinsames Spielen und einen schnellen Einstieg konzipiert ist, trittst du mit bis zu vier Personen an und kannst jederzeit loslegen oder aufh&#xf6;ren. Dreh den Spie&#xdf; um und bek&#xe4;mpfe die Zombieapokalypse!",,,,,,,,,,,,,,,
ForeVR Pool,First,83,https://www.meta.com/en-gb/experiences/forevr-pool/4760607174068295/,https://www.meta.com/en-gb/experiences/forevr-pool/4760607174068295/,Yes,No,,,,quest_query_data_social,Quest,19.99,623,,,,,,,,,78,"Fordere Freunde, Familie und Profi-NSC zu einem 8-Ball-Billardspiel heraus! Hol dir die coolsten Poolbillard-Hallen der Welt direkt ins Wohnzimmer. 

Sei bereit: ZIELEN, FIXIEREN UND STOSSEN!

&#x1f3b1; 50 Queues und 5 Hallen
&#x1f3b1; Optional: Zielassistenten-Zielhilfe sowie Spieleinstellungen
&#x1f3b1; &#xd6;ffentliche und private 1-vs.-1-Mehrspielerpartien + Schnelles Spiel und lokales Reihum-Spiel
&#x1f3b1; Bald verf&#xfc;gbar: 2-vs.-2-Mehrspieler!
&#x1f3b1; 12 Profi-NSC warten auf deine Herausforderung!
&#x1f3b1; YouTube-Jukebox!",,,,,,,,,,,,,,,
Pararea,First,35,https://store.steampowered.com/app/671310/ParareaSocial_VR_for_Everyone_Beta/?snr=1_7_7_151_150_1,https://store.steampowered.com/app/671310/ParareaSocial_VR_for_Everyone_Beta/?snr=1_7_7_151_150_1,Yes,Yes,Yes,No,,steam_query_data_metaverse,Steam,,41,,,,,,,,,56%,,,,,,,,,,,,,,,,
Keep Talking and Nobody Explodes,First,85,https://www.meta.com/en-gb/experiences/keep-talking-and-nobody-explodes/2010043642376517/,https://www.meta.com/en-gb/experiences/keep-talking-and-nobody-explodes/2010043642376517/,Yes,No,,,,quest_query_data_social,Quest,14.99,563,,,,,,,,,90,"Du befindest dich alleine in einem Raum mit einer Bombe. Deine Freunde haben das Handbuch, um sie zu entsch&#xe4;rfen, aber sie k&#xf6;nnen die Bombe nicht sehen, also m&#xfc;sst ihr euch absprechen - und zwar schnell!  Dieses lokale Mehrspielerspiel erfordert zwei oder mehr Spieler. Es wird nur ein VR-Headset mit dem Spiel ben&#xf6;tigt.  Ein kostenloses Handbuch zur Bombenentsch&#xe4;rfung, das unter www.bombmanual.com/de verf&#xfc;gbar ist, wird ben&#xf6;tigt.",,,,,,,,,,,,,,,
Teleporter: World of Gamers (Alpha),First,53,https://teleporter.gg/,https://store.steampowered.com/app/1232510/Teleporter_World_of_Gamers_Alpha/?snr=1_7_7_151_150_2,Yes,Yes,Yes,Yes,,steam_query_data_vr_multiplayer,Steam,,56,56,-0.2683271859,968,-0.1945255187,-0.4628527045,,,,83%,,,,,,,,,,,,,,,,
Pararea,,85,http://www.pararea.com/,https://store.steampowered.com/app/671310/ParareaSocial_VR_for_Everyone_Beta/,Yes,Yes,Yes,No,Yes,Google search,Steam,Free,41,,,,,,,#N/A,,,,,,,,,,,,,,,,,,
Softspace,First,3,https://www.meta.com/en-gb/experiences/softspace/4586808061416562/,https://www.meta.com/en-gb/experiences/softspace/4586808061416562/,Yes,No,,,,quest_query_data_metaverse,Quest,0,74,,,,,,,,,68,"Softspace is an intuitive AR workspace where you lay out and organize notes, images, and websites. Connect related concepts, search the web for inspiration, and even get creative suggestions from our AI. This powerful productivity and creativity tool helps you develop the ideas at the heart of your best work.",,,,,,,,,,,,,,,
InSpaze,First,67,https://hellospace.group/,https://apps.apple.com/us/app/inspaze/id6473711864?platform=vision,Yes,Yes,Yes,No,Yes,Google search,Apple,Free,37,,,,,,,#N/A,,,,,,,,,,,,,,,,,,
Naer,First,77,https://www.meta.com/en-gb/experiences/naer/3758954627491820/,https://www.meta.com/en-gb/experiences/naer/3758954627491820/,Yes,Yes,Yes,No,,quest_query_data_metaverse,Quest,0,31,,,,,,,,,92,"Fun, focused workshops for hybrid working teams",,,,,,,,,,,,,,,
Hypatia,,70,,https://store.steampowered.com/app/401970/Hypatia/?snr=1_7_7_151_150_2,,Yes,,,,steam_query_data_vr_multiplayer,Steam,,52,,,,,,,,,71%,,,,,,,,,,,,,,,,
Spatial,,71,,https://www.oculus.com/experiences/quest/2927141310670477/,Yes,Yes,,,Quest,QuestDB,Quest,Free,555,,,,,,,"Social, Utilities",,,,,,,,,,,,,,,,,,
Mountain Study,First,8,https://www.meta.com/en-gb/experiences/5077315605654672,https://www.meta.com/en-gb/experiences/5077315605654672,No,,,,,quest_query_data_metaverse,Quest,,,,,,,,,,,74,,,,,,,,,,,,,,,,
Meta Horizon Terrace,First,9,https://www.meta.com/en-gb/experiences/23954694280811521,https://www.meta.com/en-gb/experiences/23954694280811521,No,,,,,quest_query_data_metaverse,Quest,,,,,,,,,,,100,,,,,,,,,,,,,,,,
Noclip VR,First,10,https://www.meta.com/en-gb/experiences/noclip-vr/5407386572706843/,https://www.meta.com/en-gb/experiences/noclip-vr/5407386572706843/,Yes,No,,,,quest_query_data_metaverse,Quest,0,5201,,,,,,,,,90,Noclip VR is a co-op multiplayer backrooms game with unique locomotion and gameplay. The horror game has many unique levels and entities from the backrooms.,,,,,,,,,,,,,,,
Just Another Cooking Game,First,11,https://www.meta.com/en-gb/experiences/just-another-cooking-game/6766207633442740/,https://www.meta.com/en-gb/experiences/just-another-cooking-game/6766207633442740/,Yes,No,,,,quest_query_data_metaverse,Quest,0,106,,,,,,,,,72,"Just Another Cooking Game is a time management game inspired by several other cooking games such as Overcooked and Cook-Out. 
JACG is also part of a PhD research project focused on understanding what factors enhance immersion and presence in VR games. 
Play the experience to unlock 12 more levels.
Cook Under Pressure and see if you can handle the heat!",,,,,,,,,,,,,,,
Horror,,12,https://www.meta.com/en-gb/experiences/horror/6904307006303740/,https://www.meta.com/en-gb/experiences/horror/6904307006303740/,Yes,No,,,,quest_query_data_metaverse,Quest,0,116,,,,,,,,,86,"&#x1f47b;Treten Sie Discord bei: https://discord.com/invite/UpFwwnV6PZ, um KOSTENLOSE SCHL&#xdc;SSEL f&#xfc;r das VOLLST&#xc4;NDIGE SPIEL zu gewinnen!&#x1f47b;

Ein VR-Horror- und R&#xe4;tselspiel, das Echtzeit-Voice-Chat und Online-Spiel f&#xfc;r zwei Spieler unterst&#xfc;tzt. Lass uns gemeinsam dieses mysteri&#xf6;se Einkaufszentrum betreten, die Geheimnisse aufdecken, die Wahrheit erforschen und die Angst und Aufregung des Unbekannten erleben. Z&#xf6;gern Sie nicht, sich mit uns auf eine wahre Reise des Grauens zu begeben!",,,,,,,,,,,,,,,
Masterpiece X,First,13,https://www.meta.com/en-gb/experiences/masterpiece-x/5502306219889537/,https://www.meta.com/en-gb/experiences/masterpiece-x/5502306219889537/,Yes,No,,,,quest_query_data_metaverse,Quest,0,45,,,,,,,,,64,"Simplify your 3D prototyping process! Create 3D models quickly and easily using VR and GenAI.

Designed for creativity, simplified for you:
- Jumpstart your 3D creation journey. No prior experience is needed.
- Say goodbye to complexity with our user-friendly interface.
- Use our text-to-3D generative AI to create prototype 3D assets with mesh, textures, and animations (human models only).

Embark on your 3D creation adventure &#x2013; Get Masterpiece X today and transform your ideas into reality!",,,,,,,,,,,,,,,
canVERSE,First,26,https://store.steampowered.com/app/1710720/canVERSE/?snr=1_7_7_151_150_1,https://store.steampowered.com/app/1710720/canVERSE/?snr=1_7_7_151_150_1,,Yes,No,No,,steam_query_data_metaverse,Steam,,25,,,,,,,,,68%,,,,,,,,,,,,,,,,
Yeeps: Hide and Seek,,73,https://www.meta.com/en-gb/experiences/yeeps-hide-and-seek/7276525889052788/,https://www.meta.com/en-gb/experiences/yeeps-hide-and-seek/7276525889052788/,Yes,Yes,,,,quest_query_data_metaverse,Quest,0,53273,,,,,,,,,98,"Yeeps: Hide and Seek takes the best movement VR has to offer and builds on it, literally! Your belly is full of stuffing used to craft anything from pillows for building to bombs for destruction. Pull items from your vast imagination and toss them into the world. The game&#x2019;s intuitive block-based building makes it easy to express your creativity at any skill level.",,,,,,,,,,,,,,,
Sail Single Player,First,16,https://www.meta.com/en-gb/experiences/sail-single-player/4092537967425323/,https://www.meta.com/en-gb/experiences/sail-single-player/4092537967425323/,Yes,No,,,,quest_query_data_metaverse,Quest,0,605,,,,,,,,,80,Open World VR Pirate Game - FREE Single Player Experience,,,,,,,,,,,,,,,
EmbodyMe,,69,https://embodyme.com/,https://store.steampowered.com/app/604530/EmbodyMe_Beta/?snr=1_7_7_151_150_2,,Yes,Yes,No,,steam_query_data_vr_multiplayer,Steam,,24,,,,,,,,,75%,,,,,,,,,,,,,,,,
Monkeys Place,,18,https://www.meta.com/en-gb/experiences/monkeys-place/6198284860201271/,https://www.meta.com/en-gb/experiences/monkeys-place/6198284860201271/,Yes,No,,,,quest_query_data_metaverse,Quest,0,1926,,,,,,,,,86,"Monkeys, Monkeys, Monkeys!
who doesnt like Monkeys? you do like Monkeys! so why not playing a with Love made game with your friends?
The game is currently in Alpha. so if you find any Bugs you can join the discord given in the game and report it.

Hope you have fun playing it!",,,,,,,,,,,,,,,
First Person Tennis - The Real Tennis Simulator,First,19,https://www.meta.com/en-gb/experiences/first-person-tennis-the-real-tennis-simulator/6119989094742166/,https://www.meta.com/en-gb/experiences/first-person-tennis-the-real-tennis-simulator/6119989094742166/,Yes,No,,,,quest_query_data_metaverse,Quest,22.99,1098,,,,,,,,,82,"Welcome to the First Person Tennis, the first tennis simulator developed for VR.

First Person Tennis uses the most innovative physics engine to reproduce the real tennis shots in VR. Thanks to the support of a big community and professional tennis players, the game is in an endless development to reach an incredible level of realism.  

First Person Tennis is for all ages and tennis players, the simulator has different levels of difficulty and options for any need.",,,,,,,,,,,,,,,
Mistika VR Connect,First,20,https://www.meta.com/en-gb/experiences/mistika-vr-connect/6042872962404291/,https://www.meta.com/en-gb/experiences/mistika-vr-connect/6042872962404291/,Yes,No,,,,quest_query_data_metaverse,Quest,0,14,,,,,,,,,68,"IMPORTANT: Mistika VR Connect is an add-on feature for Mistika VR.  To use it, you must connect the application with the host desktop version of Mistika VR. To learn more visit www.sgo.es/mistika-vr-connect 

Ready to take your immersive media creation to a whole new level? 

With Mistika VR Connect you&#x2019;re able to stitch 360&#xba;/180&#xba; VR media directly in Meta Quest 2 headset, using some of the most popular features of the industry&#x2019;s favorite optical flow stitching software Mistika VR.",,,,,,,,,,,,,,,
HUMANITY,First,21,https://www.meta.com/en-gb/experiences/humanity/10019544428070674/,https://www.meta.com/en-gb/experiences/humanity/10019544428070674/,Yes,No,,,,quest_query_data_metaverse,Quest,24.99,76,,,,,,,,,96,"VR Game of the Year, The EDGE Awards 2023!

HUMANITY ist ein innovativer Mix aus Puzzle und Action-Plattformer. Das Schicksal der Menschheit liegt in deinen H&#xe4;nden bzw. Pfoten! Bringe im Story-Modus als Shiba Inu riesige Menschenmengen ans Ziel oder durchst&#xf6;bere die Vielfalt an Nutzerlevels, die mit dem Leveleditor erstellt wurden!",,,,,,,,,,,,,,,
Derby,First,22,https://www.meta.com/en-gb/experiences/derby/5981971501867491/,https://www.meta.com/en-gb/experiences/derby/5981971501867491/,Yes,No,,,,quest_query_data_metaverse,Quest,0,454,,,,,,,,,84,"Derby is the best place to meet friends, play ball, and make fun videos.

Enter a social virtual park, unleash your swing and throw heat!

Casually compete with friends in a 1v1, or become a champ on the leaderboards.

Earn Peanuts to spend in the Snack Shack on a rotating selection of swag. 

Become a member to earn exclusive rewards, and craft your own private park to host insane fan lobbies with friends.

Hit dingers, become a star, and change the game! It&#x2019;s all possible in Derby.",,,,,,,,,,,,,,,
SketchUp Viewer,First,23,https://www.meta.com/en-gb/experiences/sketchup-viewer/9874528232572675/,https://www.meta.com/en-gb/experiences/sketchup-viewer/9874528232572675/,Yes,No,,,,quest_query_data_metaverse,Quest,0,64,,,,,,,,,76,"SketchUp Viewer for Meta Quest makes it easier than ever to view your SketchUp models in virtual reality and amaze your customers and stakeholders. Available now for Meta Quest 2, Meta Quest 3, and Meta Quest Pro, you can experience your designs in an immersive environment without the need for a complex setup or a powerful desktop machine. Leverage features including Scenes, Outliner, Tape Measure, and our brand new Home Environment to showcase your designs and make better design decisions.",,,,,,,,,,,,,,,
Tribe XR | DJ Academy,,24,https://www.meta.com/en-gb/experiences/tribe-xr-dj-academy/2055718171162796/,https://www.meta.com/en-gb/experiences/tribe-xr-dj-academy/2055718171162796/,Yes,No,,,,quest_query_data_metaverse,Quest,0,1229,,,,,,,,,84,"Become a DJ! Play on official Pioneer DJ equipment. Learn from the masters at the Pete Tong DJ Academy. Join daily workshops. Connect with the community. Perform to the world.

Subscribe for your free 7-day trial:
- Play on official Pioneer DJ equipment
- Learn from the masters at the Pete Tong DJ Academy
- Load your own music - including via Dropbox
- Access tracks from Beatport, Monstercat &amp; Soundcloud Go+
- Join live workshops &amp; multiplayer rooms
- Livestream to Twitch
- Cancel anytime",,,,,,,,,,,,,,,
MeetinVR,,74,https://www.meetinvr.com/,"https://www.meetinvr.com/download/
https://www.meta.com/en-gb/experiences/1760132027421053/",Yes,,,,Yes,Google search,"Main page
Meta","Free
Free",,,,,,,,,,,,,,,,,,,,,,,,,,
Immerse - Language Learning,,26,https://www.meta.com/en-gb/experiences/immerse-language-learning/3181432891940455/,https://www.meta.com/en-gb/experiences/immerse-language-learning/3181432891940455/,Yes,No,,,,quest_query_data_metaverse,Quest,0,532,,,,,,,,,84,"&#x1f525; Don&#039;t just study Spanish, French, or English &#x2014; learn how to SPEAK it fluently with coworkers, friends, and family!

&#x2764;&#xfe0f; Immerse is the fastest growing immersive language learning platform trusted by thousands of members around the world!

&#x1f4aa; Get unlimited access to live group classes and AI-powered conversation practice for a fraction of the cost of online tutoring or traveling abroad.

&#x1f911; Subscriptions start as low as $25/mo. Must be 18 or older. 

&#x1f973; Start your 14 day free trial today!",,,,,,,,,,,,,,,
Innerworld,,27,https://www.meta.com/en-gb/experiences/innerworld/5406767536033508/,https://www.meta.com/en-gb/experiences/innerworld/5406767536033508/,Yes,No,,,,quest_query_data_metaverse,Quest,0,486,,,,,,,,,86,"Welcome to Innerworld: a virtual world where you can learn evidence-based mental health tools and receive support in a place where you can feel safe being yourself. Start your mental health journey today.
 
Work through life&#x2019;s biggest challenges with guides certified in Cognitive Behavioral Immersion: a transformative approach to mental health support. 

Let&#x2019;s find our way together.

Innerworld is currently for people who are able to speak English.",,,,,,,,,,,,,,,
Futurescape,First,28,https://www.meta.com/en-gb/experiences/6371182992938672,https://www.meta.com/en-gb/experiences/6371182992938672,No,,,,,quest_query_data_metaverse,Quest,,,,,,,,,,,100,,,,,,,,,,,,,,,,
VirtualSpeech,First,29,https://www.meta.com/en-gb/experiences/virtualspeech/3973230756042512/,https://www.meta.com/en-gb/experiences/virtualspeech/3973230756042512/,Yes,No,,,,quest_query_data_metaverse,Quest,0,73,,,,,,,,,74,"Improve your communication skills with AI-powered avatars, real-time feedback, and realistic environments. Training on presentation skills, leadership, sales, difficult conversations, and other workplace skills.

Features include:
&#x2605; AI-powered roleplay conversations
&#x2605; Real-time feedback on performance
&#x2605; Record your presentations and body language
&#x2605; Practice in augmented and mixed reality (MR/AR)
&#x2605; 30+ training modules
&#x2605; Add your slides, notes, and questions
&#x2605; Wide range of supported courses",,,,,,,,,,,,,,,
Galaxity,First,51,https://www.galaxity.net/,"https://www.meta.com/en-gb/experiences/2337801553010648/
https://store.steampowered.com/app/1002890/Galaxity__Beta_VR/
https://store.steampowered.com/app/1805190/Galaxity__Korea_VR/",Yes,Yes,Yes,No,Yes,Google search,"Meta
Steam
Steam","Free
Free
Free",28,,,,,,,,,,,,,,,,,,,,,,,,,
iB Cricket,First,31,https://www.meta.com/en-gb/experiences/ib-cricket/5437449896288644/,https://www.meta.com/en-gb/experiences/ib-cricket/5437449896288644/,Yes,No,,,,quest_query_data_metaverse,Quest,29.99,1305,,,,,,,,,90,"A sport with 2.5 billion fans across the world is now in VR as iB Cricket (vSport). Step into immersive world-class stadiums with thousands cheering for you and hit the ball out of the park. Our realistic physics makes it intuitive to learn the sport within 10 mins. Thousands of people from all over the world including non-cricketing nations have enjoyed playing iB Cricket. Hone your skills, compete in global tournaments &amp; become a vSport star.",,,,,,,,,,,,,,,
Paintball Playground,,32,https://www.meta.com/en-gb/experiences/paintball-playground/5804418539661677/,https://www.meta.com/en-gb/experiences/paintball-playground/5804418539661677/,Yes,No,,,,quest_query_data_metaverse,Quest,0,306,,,,,,,,,80,"A Sports/Shooter game where you compete against other players on SpeedBall, SpeedQB or Woodsball maps.",,,,,,,,,,,,,,,
Xbox Cloud Gaming (Beta),First,33,https://www.meta.com/en-gb/experiences/xbox-cloud-gaming-beta/6096836170400630/,https://www.meta.com/en-gb/experiences/xbox-cloud-gaming-beta/6096836170400630/,Yes,No,,,,quest_query_data_metaverse,Quest,0,843,,,,,,,,,62,"Play hundreds of high-quality Xbox games on Meta VR headsets with Game Pass. 

*Game Pass Ultimate: Subscription continues automatically at regular monthly price unless cancelled. Xbox Cloud Gaming (Beta): requires supported controller (sold separately); streaming limitations apply, server availability and wait times may vary. Subject to xbox.com/subscriptionterms.",,,,,,,,,,,,,,,
Blue Hill Gold Mine,First,34,https://www.meta.com/en-gb/experiences/9465027033537283,https://www.meta.com/en-gb/experiences/9465027033537283,No,,,,,quest_query_data_metaverse,Quest,,,,,,,,,,,0,,,,,,,,,,,,,,,,
Red Matter,First,35,https://www.meta.com/en-gb/experiences/red-matter/2180753588712484/,https://www.meta.com/en-gb/experiences/red-matter/2180753588712484/,Yes,No,,,,quest_query_data_metaverse,Quest,24.99,4524,,,,,,,,,92,"Red Matter offers unparalleled visuals in a VR puzzle adventure set on Saturn&#039;s moon, Rhea. As Agent Epsilon, explore a captivating, story-driven world filled with engaging puzzles and breathtaking environments. Utilize hi-tech tools to uncover secrets within a beautifully detailed dystopian Sci-Fi universe. Experience a narrative rich in intrigue and wonder, designed to captivate from start to finish. Red Matter isn&#039;t just a game&#x2014;it&#039;s an unforgettable journey into the essence of VR",,,,,,,,,,,,,,,
ZuseRunners,,36,https://www.meta.com/en-gb/experiences/zuserunners/6289885221105652/,https://www.meta.com/en-gb/experiences/zuserunners/6289885221105652/,Yes,No,,,,quest_query_data_metaverse,Quest,0,409,,,,,,,,,82,(ZuseRunners) is a fun Multiplayer Game To Play With New People And Make New Friends,,,,,,,,,,,,,,,
BIG BALLERS VR,,37,https://www.meta.com/en-gb/experiences/big-ballers-vr/3947713001963656/,https://www.meta.com/en-gb/experiences/big-ballers-vr/3947713001963656/,Yes,No,,,,quest_query_data_metaverse,Quest,0,15198,,,,,,,,,96,"&#x1f410; BECOME THE G.O.A.T &#x1f410; 

Rank up in the fastest growing VR sports game, BIG BALLERS VR. Play with up to 12 players and perform crazy windmill contact dunks in basketball, slug dingers in baseball, and clutch it with game-winning touchdown catches. Try our MR Fitness mode too.  

&#x1f3c8; EASY TO LEARN &#x2013; HARD TO MASTER &#x26be;&#xfe0f;&#x1f3c0;&#x1f3d0;

Our world-class physics engine gives you realistic natural gameplay while being easy to grasp yet challenging to master.

&#x1f624; WILL YOU RISE TO THE CHALLENGE &#x1f624;

Play free now!",,,,,,,,,,,,,,,
Talespin,First,38,https://www.meta.com/en-gb/experiences/talespin/9658050154267722/,https://www.meta.com/en-gb/experiences/talespin/9658050154267722/,Yes,No,,,,quest_query_data_metaverse,Quest,0,53,,,,,,,,,64,"Welcome to Talespin&#x2014;a gateway to virtual worlds built to support your personal and professional growth. Embark on an enriching journey with our vast library of immersive learning content, thoughtfully designed to mirror real-life situations so you can practice the most important skills to get ahead&#x2014;skills often called &#x201c;power skills,&#x201d; or &#x201c;human skills.&#x201d;

Empower yourself with the human skills that AI can&#039;t replace. Together, we can build the foundation for your future.",,,,,,,,,,,,,,,
Steam Link,First,39,https://www.meta.com/en-gb/experiences/steam-link/5841245619310585/,https://www.meta.com/en-gb/experiences/steam-link/5841245619310585/,Yes,No,,,,quest_query_data_metaverse,Quest,0,2017,,,,,,,,,70,"Steam Link streamt Ihre Lieblingsspiele in Ihrer Steam-Bibliothek direkt von Ihrem Computer auf Ihr Meta-Quest-VR-Headset.

Installieren Sie heute noch die Steam-Link-App und fangen Sie an zu spielen!",,,,,,,,,,,,,,,
Mindset,First,40,https://www.meta.com/en-gb/experiences/mindset/5981642121902237/,https://www.meta.com/en-gb/experiences/mindset/5981642121902237/,Yes,No,,,,quest_query_data_metaverse,Quest,9.99,33,,,,,,,,,70,"HAND TRACKING SPIEL &#x1f64c;

Stelle dich einer intellektuellen Herausforderung und nutze deinen Verstand, um Dutzende faszinierender w&#xfc;rfelf&#xf6;rmiger R&#xe4;tsel zu l&#xf6;sen und gleichzeitig das Geheimnis deiner Vergangenheit zu l&#xfc;ften &#x1f9e0;

Genie&#xdf;e Sie ein Hand-Tracking-System, mit dem du eine Reihe von Kombinationen mit deinen eigenen H&#xe4;nden aktivieren, verbinden und verschieben kannst. Tauche Sie ein in eine Geschichte, die in einem bizarren Klartraum stattfindet, oder zeige deine F&#xe4;higkeiten im Herausforde",,,,,,,,,,,,,,,
GYM CLASS - BASKETBALL VR,,41,https://www.meta.com/en-gb/experiences/gym-class-basketball-vr/3661420607275144/,https://www.meta.com/en-gb/experiences/gym-class-basketball-vr/3661420607275144/,Yes,No,,,,quest_query_data_metaverse,Quest,0,58382,,,,,,,,,98,"&#x1f3c0;&#x1f3c8;&#x26be; GYM CLASS is the top VR basketball &amp; sports game. Experience NBA licensed team courts with full-court games, social worlds for pickup games with friends, and football &amp; baseball stadiums. Rated best on Quest, GC delivers top-notch simulation physics, environments, gameplay, avatars, and cosmetics. Tag your opponents in a fast-paced match, or play rec games - GC is where ballers unite.",,,,,,,,,,,,,,,
Maloka,First,42,https://www.meta.com/en-gb/experiences/maloka/4014704425248676/,https://www.meta.com/en-gb/experiences/maloka/4014704425248676/,Yes,No,,,,quest_query_data_metaverse,Quest,0,478,,,,,,,,,80,"Welcome to Maloka, a VR mindfulness game where practice meets play. Travel to your own personal island where you&#x2019;ll unite with your Spirit and embark on an immersive journey like no other. Find a practice that works for you with 100+ unique mindfulness experiences guided by Dr. Deepak Chopra, Sharon Salzberg, The Big Quiet, and more!",,,,,,,,,,,,,,,
WIN Reality Baseball,First,43,https://www.meta.com/en-gb/experiences/win-reality-baseball/3172399986210688/,https://www.meta.com/en-gb/experiences/win-reality-baseball/3172399986210688/,Yes,No,,,,quest_query_data_metaverse,Quest,0,2948,,,,,,,,,78,"WIN Reality: VR Baseball Training on Meta Quest

Get the training used by travel ball players, college athletes, pros to develop their skills and be game-ready. Hit game-speed pitching, practice in simulated games, and compete in live events. Use the WIN Bat Attachment to get on-field feel.

Improve your pitch recognition, swing timing, and swing biomechanics.

See improvements in batting average and pitch recognition within weeks.

Train at your own pace and from the comfort of your",,,,,,,,,,,,,,,
Monkey Doo,,44,https://www.meta.com/en-gb/experiences/monkey-doo/5635852399856124/,https://www.meta.com/en-gb/experiences/monkey-doo/5635852399856124/,Yes,No,,,,quest_query_data_metaverse,Quest,0,7236,,,,,,,,,92,"&#x1f412;&#x1faf5;Fan Made Update!

Live in the heart of the Bermuda Triangle with all your Monkey friends! Swing on vines, throw doo at your enemies, and climb everything! 

- Huge Maps: Explore the Bermuda Jungle, Floating Forests, Ancient Ruins, Lava Chasm, and more

- Unique Gamemodes: Be the first to collect 10 bananas or work together to fend off hordes of crocs -- new modes are coming all the time

- Monkey Apparel: Customize your body color, equip face &amp; head cosmetics, and stylize your doo",,,,,,,,,,,,,,,
Wolvic,,45,https://www.meta.com/en-gb/experiences/wolvic/5917120145021341/,https://www.meta.com/en-gb/experiences/wolvic/5917120145021341/,Yes,No,,,,quest_query_data_metaverse,Quest,0,195,,,,,,,,,72,"Wolvic is a secure, open source, and accessible web browser that brings all of the web&#x2019;s vast information and applications to the world of XR, and enables rich immersive WebXR experiences on the web itself. With interfaces and interaction support designed for immersive headsets, Wolvic brings you the best of both the web and XR.",,,,,,,,,,,,,,,
APES,,46,https://www.meta.com/en-gb/experiences/apes/5770576536320136/,https://www.meta.com/en-gb/experiences/apes/5770576536320136/,Yes,No,,,,quest_query_data_metaverse,Quest,0,452,,,,,,,,,82,"Run around as a super goofy ape with friends (if you have any.) or strangers!
From a Gleaming Cave to a Tropical Getaway, so much is in store for you in APES.",,,,,,,,,,,,,,,
Rumii,First,96,,https://store.steampowered.com/app/872440/rumii/,Yes,No,,,Yes,Google search,Steam,Free,24,,,,,,,,,,,,,,,,,,,,,,,,,
Nanome,First,48,https://www.meta.com/en-gb/experiences/nanome/2038368596280231/,https://www.meta.com/en-gb/experiences/nanome/2038368596280231/,Yes,No,,,,quest_query_data_metaverse,Quest,0,23,,,,,,,,,76,"Nanome is the ultimate interface for scientific discovery, starting with molecular data. With Nanome, top R&amp;D labs conduct cutting-edge research but, Nanome isn&#x2019;t just for experts, it&#x2019;s also used by students and amateur scientists studying chemistry and biology. Anyone can build 3D molecules or simulate an entire protein made of hundreds of atoms, all in one collaborative environment. Transform the way you learn and design molecular structures with Nanome. Visit nanome.ai for more info.",,,,,,,,,,,,,,,
Galaxity : Beta VR,First,59,https://www.galaxity.net/,https://store.steampowered.com/app/1002890/Galaxity__Beta_VR/?snr=1_7_7_151_150_2,,Yes,Yes,No,,steam_query_data_vr_multiplayer,Steam,,20,,,,,,,,,85%,,,,,,,,,,,,,,,,
VR Hockey Reborn,First,50,https://www.meta.com/en-gb/experiences/vr-hockey-reborn/5307901462582204/,https://www.meta.com/en-gb/experiences/vr-hockey-reborn/5307901462582204/,Yes,No,,,,quest_query_data_metaverse,Quest,0,208,,,,,,,,,84,VR Hockey is here. Meet one of the most realistic VR hockey experiences.,,,,,,,,,,,,,,,
Zenith: Nexus,First,51,https://www.meta.com/en-gb/experiences/zenith-nexus/3594982710558708/,https://www.meta.com/en-gb/experiences/zenith-nexus/3594982710558708/,Yes,No,,,,quest_query_data_metaverse,Quest,0,7201,,,,,,,,,84,Party up with friends in a free online action-adventure RPG! Slash mobs with magic and race across parkour challenges in quick session-based runs. Meet up with other players in the city to upgrade your gear or just hangout and shoot hoops before your next run. Sessions stays fresh with daily and weekly content rotations.,,,,,,,,,,,,,,,
Fruit Ninja 2,First,52,https://www.meta.com/en-gb/experiences/fruit-ninja-2/4917905281646450/,https://www.meta.com/en-gb/experiences/fruit-ninja-2/4917905281646450/,Yes,No,,,,quest_query_data_metaverse,Quest,24.99,150,,,,,,,,,82,"Sp&#xfc;re das Gewicht der Klinge in deinen H&#xe4;nden und erlebe den befriedigenden Widerstand, wenn du durch die Fr&#xfc;chte schneidest und saftige Explosionen und bunte Spritzer erzeugst.
 
&#x2022; Die Modi &quot;Classic&quot;, &quot;Arcade&quot; und &quot;Zen&quot; sind zur&#xfc;ck und saftiger denn je!
&#x2022; Benutze den Bogen, um eine ganz neue Technik zum Durchstechen von Fr&#xfc;chten zu erlernen 
&#x2022; Der rasante Rhythmusmodus fordert dich heraus, mit der Musik Schritt zu halten
&#x2022; Teste deine F&#xe4;higkeiten gegen andere Ninjas!",,,,,,,,,,,,,,,
Assassin’s Creed® Nexus VR,First,53,https://www.meta.com/en-gb/experiences/assassins-creed-nexus-vr/5812519008825194/,https://www.meta.com/en-gb/experiences/assassins-creed-nexus-vr/5812519008825194/,Yes,No,,,,quest_query_data_metaverse,Quest,39.99,3836,,,,,,,,,86,"Verk&#xf6;rpere drei legend&#xe4;re Assassinen in diesem brandneuen Assassin&#x2019;s Creed-Abenteuer mit vollem Umfang. Erlebe den packenden Parkour, den Rausch des Kampfes und die knisternde Anspannung in der Verstohlenheit aus erster Hand. Schl&#xfc;pfe in die Rolle eines Assassinen wie nie zuvor. Enth&#xfc;lle neue Erinnerungen von Ezio Auditore, Kassandra und Connor, w&#xe4;hrend du daran arbeitest, Abstergo daran zu hindern, dass sie die Macht erlangen, um den Glauben der Menschen zu manipulieren.",,,,,,,,,,,,,,,
Monkey Mischief,,54,https://www.meta.com/en-gb/experiences/monkey-mischief/5077064592389695/,https://www.meta.com/en-gb/experiences/monkey-mischief/5077064592389695/,Yes,No,,,,quest_query_data_metaverse,Quest,0,2680,,,,,,,,,68,"Monkey Mischief is a multiplayer locomotion based VR game for Meta Quest. You  can mess around with your friends or just be monkeys and climb the architecture! However, you can customize and make your monkey unique using cosmetics in our shop, and even purchase Nanas to be dripped out to the max! There are game-modes to also play with your friends to test your skills against each other! Have fun!",,,,,,,,,,,,,,,
Virtual Virtual Reality 2,First,55,https://www.meta.com/en-gb/experiences/virtual-virtual-reality-2/2731491443600205/,https://www.meta.com/en-gb/experiences/virtual-virtual-reality-2/2731491443600205/,Yes,No,,,,quest_query_data_metaverse,Quest,17.99,317,,,,,,,,,76,"Give that mech a tune-up! Now with refined steering, quest guides, gameplay improvements and new content. Plus! Play matchmaker during the apocalypse and help lonely souls find their merge mate.

In this darkly funny action/adventure game, pilot your mech body through the chaos of a dying metaverse, rescuing abandoned avatars along the way. Each new avatar-roommate brings unique tools to aid your escape back to meatspace!",,,,,,,,,,,,,,,
Gods of Gravity,,56,https://www.meta.com/en-gb/experiences/gods-of-gravity/3919415921458774/,https://www.meta.com/en-gb/experiences/gods-of-gravity/3919415921458774/,Yes,No,,,,quest_query_data_metaverse,Quest,0,2026,,,,,,,,,88,"Gods of Gravity is a social, arcade-style RTS game where you compete in an epic showdown of celestial gods. Scoop up ships and fling them to capture a nearby planet, or open wormholes to teleport them across the solar system. Hold planets and moons to boost your production. Mine asteroids for the powerful resources within. And if you dare, capture the sun for the ultimate buff. Then send a massive fleet to conquer your enemy&#x2019;s home planet. Last god standing wins.",,,,,,,,,,,,,,,
On The Morning You Wake (To the End of The World),First,57,https://www.meta.com/en-gb/experiences/on-the-morning-you-wake-to-the-end-of-the-world/5334662579895130/,https://www.meta.com/en-gb/experiences/on-the-morning-you-wake-to-the-end-of-the-world/5334662579895130/,Yes,No,,,,quest_query_data_metaverse,Quest,0,284,,,,,,,,,82,"On the Morning You Wake (to the End of the World) ist ein Virtual-Reality-Dokumentarfilm &#xfc;ber einen falschen Raketenalarm :
Am 13. Januar 2018 um 08:08 Uhr bekamen 1,4 Millionen Bewohner:innen von Hawai&#039;i folgende Warnung per SMS:
BEDROHUNG DURCH BALLISTISCHE RAKETE RICHTUNG HAWAII. SUCHEN SIE SOFORT SCHUTZ. DIES IST KEINE &#xdc;BUNG.
Panik erfasste die Hawaiische Bev&#xf6;lkerung und deren Freunde und Verwandte auf der ganzen Welt, allen wurde bewusst, wie real die heutige nukleare Bedrohung ist.",,,,,,,,,,,,,,,
Felix & Paul Studios 2024,First,58,https://www.meta.com/en-gb/experiences/felix-paul-studios-2024/25867502682848132/,https://www.meta.com/en-gb/experiences/felix-paul-studios-2024/25867502682848132/,Yes,No,,,,quest_query_data_metaverse,Quest,0,4,,,,,,,,,80,"Explore the vast and varied cinematic virtual reality worlds of EMMY award-winning Felix &amp; Paul Studios.

Go from awe-inspiring romps through Jurassic World, to a first-hand tour of The White House. Join the patrons at historic Ben&#039;s Chili Bowl or step into Patrick Watson&#x2019;s studio for an exclusive and intimate musical performance. 

Start now and see the portal grow with more Felix &amp; Paul Studios&#x2019; award-winning work featuring top franchises, leaders and performers from around the world.",,,,,,,,,,,,,,,
UNDERDOGS,First,59,https://www.meta.com/en-gb/experiences/underdogs/5302178529865980/,https://www.meta.com/en-gb/experiences/underdogs/5302178529865980/,Yes,No,,,,quest_query_data_metaverse,Quest,20.99,1223,,,,,,,,,98,"Schnalle dir 5 Tonnen Metall um und st&#xfc;rze dich in eine finstere Szenerie aus UNDERGROUND MECH FIGHTS! Zerschlage, zerschmettere, und zerrei&#xdf;e deine Feinde - das ist pure Metall-auf-Metall-Gewalt in diesem physikbasierten Mech-Brawler.

Statte dich mit &#xfc;ber 100 verschiedenen Gegenst&#xe4;nden aus, zum Beispiel Kettens&#xe4;gen und Abbruchbirnen, die diese Stra&#xdf;en beherrschen und k&#xe4;mpfe dich unter dem Gebr&#xfc;ll der blutr&#xfc;nstigen Menge in der Nahrungskette nach oben.

Willkommen im Dschungel.",,,,,,,,,,,,,,,
ShapesXR,First,60,https://www.meta.com/en-gb/experiences/shapesxr/3899112273551602/,https://www.meta.com/en-gb/experiences/shapesxr/3899112273551602/,Yes,No,,,,quest_query_data_metaverse,Quest,0,326,,,,,,,,,82,"ShapesXR is a creation and collaboration platform for remote teams.
In ShapesXR you start creating in 3D within minutes without prior experience.

Product teams use Shapes XR to design and prototype immersive apps and create storyboards and user flows in 3D.

ShapesXR especially shines on Meta Quest Pro and supports avatars with eye and mouth tracking, full-color passthrough, and Stylus controllers for commenting and quick sketching.",,,,,,,,,,,,,,,
SHOOTOUT,,61,https://www.meta.com/en-gb/experiences/shootout/5555992527808989/,https://www.meta.com/en-gb/experiences/shootout/5555992527808989/,Yes,No,,,,quest_query_data_metaverse,Quest,0,736,,,,,,,,,82,"SHOOTOUT is a free to play multiplayer shooter where you get to build your own weapons and abilities!

Explore the depth that this game has to offer and strategize in a PvE arena and then jump into 3v3 PvP Game Modes to battle it out with other players. 

Started off a match wanting to be a support but midway realize that you want to change your playstyle? You would have 19 parts to combine freely that make up over 1000 combinations!",,,,,,,,,,,,,,,
Fracked,First,62,https://www.meta.com/en-gb/experiences/fracked/8074885222534394/,https://www.meta.com/en-gb/experiences/fracked/8074885222534394/,Yes,No,,,,quest_query_data_metaverse,Quest,17.99,21,,,,,,,,,92,"THE AWARD-WINNING ACTION BLOCKBUSTER RETURNS...MORE EXPLOSIVE THAN EVER

Before nDreams&#x2019; critically acclaimed Synapse and the frenetic chaos of Frenzies, there was Fracked. The original trailblazing VR action adventure that seamlessly collides relentless &#x201c;run and cover&#x201d; gunfights with free and fluid skiing and climbing. Uncompromising, audacious, and unashamedly stylish, Fracked grabs VR by the Touch Controllers to deliver a truly ass-kicking virtual reality experience!",,,,,,,,,,,,,,,
Innerworld,,77,,https://www.oculus.com/experiences/quest/5406767536033508/,Yes,Yes,,,Quest,QuestDB,Quest,Free,485,,,,,,,"Social, Relaxation & Meditation",,,,,,,,,,,,,,,,,,
Sensorium Galaxy,First,24,https://store.steampowered.com/app/1803610/Sensorium_Galaxy/?snr=1_7_7_151_150_1,https://store.steampowered.com/app/1803610/Sensorium_Galaxy/?snr=1_7_7_151_150_1,,Yes,No,No,,steam_query_data_metaverse,Steam,,18,,,,,,,,,50%,,,,,,,,,,,,,,,,
Penguin Paradise,First,65,https://www.meta.com/en-gb/experiences/penguin-paradise/5817303821616533/,https://www.meta.com/en-gb/experiences/penguin-paradise/5817303821616533/,Yes,No,,,,quest_query_data_metaverse,Quest,0,4531,,,,,,,,,82,"Slide on in with your friends, and play around as a penguin in an arctic environment! Freeze each other with snowballs in Penguin Royale, race down a slippery track on sleds, hunt penguins as a Yeti or BE hunted, or just relax on the half-pipes with your skis. There&#039;s always something to do in paradise!",,,,,,,,,,,,,,,
MAYA: The Birth of a Superhero,First,66,https://www.meta.com/en-gb/experiences/maya-the-birth-of-a-superhero/8508005729209838/,https://www.meta.com/en-gb/experiences/maya-the-birth-of-a-superhero/8508005729209838/,Yes,No,,,,quest_query_data_metaverse,Quest,0,102,,,,,,,,,64,"Winner of the &#x2018;New Voices&#x2019; Special Jury Mention Prize at the 2023 Tribeca Festival, nominated for Festival de Cannes Comp&#xe9;tition Immersive 2024 and SXSW XR Competition 2024. 

An immersive story following Maya, an ordinary 21st Century girl, as she transforms into a uniquely female superhero whose powers derive from menstruation.

Staring Indira Varma (Game of Thrones), Charithra Chandran (Bridgerton) it was created by renowed artist and activist, Poulomi Basu and co-directed with CJ Clarke.",,,,,,,,,,,,,,,
X8,,67,https://www.meta.com/en-gb/experiences/x8/4518172508241377/,https://www.meta.com/en-gb/experiences/x8/4518172508241377/,Yes,No,,,,quest_query_data_metaverse,Quest,0,2827,,,,,,,,,96,"X8 is the FREE TO PLAY next generation Hero Shooter!

Executing its directive to assemble worthy opponents, the rogue mod X8 has collected characters from across different game franchises. Players embody a variety of heroes and engage in 5v5 VR battles to restore a path back to their worlds.",,,,,,,,,,,,,,,
Gravity League,,68,https://www.meta.com/en-gb/experiences/gravity-league/5934280436582748/,https://www.meta.com/en-gb/experiences/gravity-league/5934280436582748/,Yes,No,,,,quest_query_data_metaverse,Quest,0,425,,,,,,,,,86,"Welcome to the future of ball games! 

In a world where gravity is no longer a limitation, the Gravity League has become the ultimate test of skill and endurance for athletes from all corners of the galaxy.

The rules are simple: 2 players, 1 ball, zero gravity - the first player to get 11 goals wins.

So strap on your Gravity Gloves and get ready to take on the competition!",,,,,,,,,,,,,,,
NHL SENSE ARENA,First,69,https://www.meta.com/en-gb/experiences/nhl-sense-arena/3454538864674405/,https://www.meta.com/en-gb/experiences/nhl-sense-arena/3454538864674405/,Yes,No,,,,quest_query_data_metaverse,Quest,0,544,,,,,,,,,80,"Available Plans:
- $29.99 - Base Game, or
- Training product subscription starting at $34/month (paid $399.99 annually)
Experience the thrill of ice hockey with NHL Sense Arena, the only NHL-licensed VR game simulation and training platform. Play as your favorite NHL team, and strive for victory in the NHL Season mode and the 2024 Stanley Cup Playoffs! Advance your skills with our training subscription, featuring over 100+ USA Hockey approved drills and plans, with extra arenas to explore.",,,,,,,,,,,,,,,
Campfire,First,70,https://www.meta.com/en-gb/experiences/campfire/6927340777330402/,https://www.meta.com/en-gb/experiences/campfire/6927340777330402/,Yes,No,,,,quest_query_data_metaverse,Quest,0,34,,,,,,,,,76,"Campfire is the best way to communicate 3D information across the physical product lifecycle. Whether you&#039;re streamlining design reviews, sales presentations, or technical training, Campfire makes it easier than ever.

A NEW APPROACH Campfire is designed for the way people communicate most naturally &#x2013; around things. Instead of sharing screenfuls of CAD, images, and text, you share interactive 3D content with your team around it, even if they&#039;re around the globe.",,,,,,,,,,,,,,,
MiRacle Pool,,71,https://www.meta.com/en-gb/experiences/miracle-pool/7067612163334384/,https://www.meta.com/en-gb/experiences/miracle-pool/7067612163334384/,Yes,No,,,,quest_query_data_metaverse,Quest,14.99,925,,,,,,,,,96,"&#x1f3b1; The Premier Pool Simulator with the most realistic ball physics and easy cue stick handling, all made for mixed reality! Game Modes include: Single Player, Multiplayer, Private Matches, Mini Games, Daily Challenges and Practice Mode. Earn XP, rank up and unlock new table designs, balls, cues and more! Play in any size room you have!",,,,,,,,,,,,,,,
Tank Arena: Ultimate League,,72,https://www.meta.com/en-gb/experiences/tank-arena-ultimate-league/23911676798446391/,https://www.meta.com/en-gb/experiences/tank-arena-ultimate-league/23911676798446391/,Yes,No,,,,quest_query_data_metaverse,Quest,5.99,54,,,,,,,,,82,"- Tank Arena: Ultimate League bringt aufregende Updates!
- Deathmatch-Revolution: Von Pulse Tower zu einem Deathmatch.
- Neues Lounge-Erlebnis: Steige im Ranking auf und spiele Mini-Games.
- Training Ground: Teste 8 Panzer und ihre F&#xe4;higkeiten.
- Epische Features: Bildet 4er-Teams f&#xfc;r futuristische K&#xe4;mpfe.
- Soziale Interaktion: Triff neue Freunde im Lounge und f&#xfc;ge sie hinzu.",,,,,,,,,,,,,,,
VR Triber,First,116,,https://store.steampowered.com/app/680170/VR_Triber/,Yes,Yes,,,Yes,Google search,Steam,Free,24,,,,,,,,,,,,,,,,,,,,,,,,,
ForeVR Cornhole,First,74,https://www.meta.com/en-gb/experiences/forevr-cornhole/5011588462297991/,https://www.meta.com/en-gb/experiences/forevr-cornhole/5011588462297991/,Yes,No,,,,quest_query_data_metaverse,Quest,0,512,,,,,,,,,82,"ForeVR den ganzen Sommer!

Erlebe die f&#xfc;r alle W&#xfc;rfe und Strategien ma&#xdf;geschneiderte Bag-Physik mit so viel Realismus wie m&#xf6;glich.

&#x1f33d; &#xdc;ber 50 einzigartige Bags und Boards
&#x1f33d; 5 Hallen
&#x1f33d; Herausforderbare Profi-NSC in jeder Halle
&#x1f33d; YouTube-Jukebox
&#x1f33d; Private und &#xf6;ffentliche Mehrspielerpartien
&#x1f33d; Teamspiele f&#xfc;r 1v1 oder 2v2

Bags, Sack Toss, Dummy Boards, Beanbag Toss &#x2026; Wie man es auch nennt, es ist das beste Rasenspiel der Welt. ForeVR Cornhole ist das beste (und erste!) Cornhole-Spiel in VR!",,,,,,,,,,,,,,,
First Touch for Meta Quest Touch Pro controllers,,75,https://www.meta.com/en-gb/experiences/first-touch-for-meta-quest-touch-pro-controllers/5808929989145615/,https://www.meta.com/en-gb/experiences/first-touch-for-meta-quest-touch-pro-controllers/5808929989145615/,Yes,No,,,,quest_query_data_metaverse,Quest,0,85,,,,,,,,,82,"Grab your Meta Quest Touch Pro controllers and learn how they can improve your experience with this short tutorial. Enter your studio and enjoy the simple pleasure of painting in a nice, relaxing environment.",,,,,,,,,,,,,,,
Tiger Blade,First,76,https://www.meta.com/en-gb/experiences/tiger-blade/4741795092599205/,https://www.meta.com/en-gb/experiences/tiger-blade/4741795092599205/,Yes,No,,,,quest_query_data_metaverse,Quest,18.99,51,,,,,,,,,90,"CHALLENGES UPDATE #3 ist live und f&#xfc;hrt zwei neue Levels in den Herausforderungsmodus des Spiels ein: Survival 2 und Twin&#039;s Lair.

---

Schl&#xfc;pfe in einem alternativen Korea in die Rolle eines t&#xf6;dlichen Attent&#xe4;ters, der ein seltenes Tigerbaby stiehlt. Nehme an adrenalingeladenen Schwert- und Pistolenk&#xe4;mpfen teil, erkunde detaillierte Umgebungen und brenne deinen Namen in die Online-Ranglisten ein. Werde der ultimative koreanische Actionheld!",,,,,,,,,,,,,,,
Nanome,,77,https://nanome.ai/,,,,,,,Google search,,,,,,,,,,,,,,,,,,,,,,,,,,,,
Hoame,First,78,https://www.meta.com/en-gb/experiences/hoame/6148239151883485/,https://www.meta.com/en-gb/experiences/hoame/6148239151883485/,Yes,No,,,,quest_query_data_metaverse,Quest,0,249,,,,,,,,,68,"Meditate, move, and breathe with us to live a happier life! Start your 7-day FREE trial today and unlock your full potential.  

NEW UPDATE: MIXED REALITY
Customize your meditation studio and enjoy your favourite classes.
 
FACE-TO-FACE GUIDANCE
Enjoy 350+ guided meditations with expert instructors.

MINDFULNESS IN MOTION
Move with intention in our mind-body workout, Rise!
 
BREATHE EASY
Breathe life into your practice with breathwork classes.

Start your journey today. See you on the cushion!",,,,,,,,,,,,,,,
Aim XR,,79,https://www.meta.com/en-gb/experiences/aim-xr/4245506092131005/,https://www.meta.com/en-gb/experiences/aim-xr/4245506092131005/,Yes,No,,,,quest_query_data_metaverse,Quest,0,1259,,,,,,,,,86,"Fast-paced multiplayer, run-and-gun shooter. 6v6 players",,,,,,,,,,,,,,,
Witchblood,First,80,https://www.meta.com/en-gb/experiences/witchblood/7221491444554579/,https://www.meta.com/en-gb/experiences/witchblood/7221491444554579/,Yes,No,,,,quest_query_data_metaverse,Quest,11.99,272,,,,,,,,,88,"Erkunde in diesem atemberaubenden Mixed-Reality-Abenteuer, das von Metroid&#xae; und Castlevania&#xae; inspiriert ist, ein komplexes Diorama voller verborgener Sch&#xe4;tze, herausfordernder R&#xe4;tsel, furchterregender Gegner und m&#xe4;chtiger Magie.

Mit &#xfc;ber 6 Stunden Erkundung und Kampf, Hunderten von R&#xe4;umen, 40 Upgrades und 4 Schwierigkeitsstufen, die es zu meistern gilt, &#xfc;bertr&#xe4;gt Witchblood klassisches Gaming in die virtuelle Realit&#xe4;t.",,,,,,,,,,,,,,,
Little Cities,First,81,https://www.meta.com/en-gb/experiences/little-cities/4988470131168299/,https://www.meta.com/en-gb/experiences/little-cities/4988470131168299/,Yes,No,,,,quest_query_data_metaverse,Quest,19.99,675,,,,,,,,,90,"Setze dein Headset auf und tauche in die charmante Welt des gem&#xfc;tlichen VR-St&#xe4;dtebauspiels Little Cities ein.
Kreiere deine Stadt und lasse sie vor deinen Augen zum Leben erwachen. Beobachte die Bewohner auf deiner Insel, die vom verschlafenen Dorf zur lebhaften Metropole heranw&#xe4;chst. Plane und erschaffe eine Stadt, in der man liebend gerne wohnt. Einfach zu lernen, aber so viel zu entdecken, verwirkliche mit Little Cities deine gr&#xf6;&#xdf;ten Ideen!",,,,,,,,,,,,,,,
Painting VR,First,82,https://www.meta.com/en-gb/experiences/painting-vr/3106117596158066/,https://www.meta.com/en-gb/experiences/painting-vr/3106117596158066/,Yes,No,,,,quest_query_data_metaverse,Quest,19.99,616,,,,,,,,,86,"Take a break from the stress of daily life with this must-have virtual painter&#x2019;s studio. Even if you think you&#x2019;re not a creative person, Painting VR might prove you wrong. 

Be amazed by what you can create in this hands-on experience with unlimited supplies of paint, canvases, and all the tools you need.",,,,,,,,,,,,,,,
Yupitergrad 2: The Lost Station,First,83,https://www.meta.com/en-gb/experiences/yupitergrad-2-the-lost-station/4446075785447064/,https://www.meta.com/en-gb/experiences/yupitergrad-2-the-lost-station/4446075785447064/,Yes,No,,,,quest_query_data_metaverse,Quest,17.99,66,,,,,,,,,84,"Epic action-adventure is back. Yupitergrad 2: The Lost Station raises the stakes. Check out the refined movement and combat system, evade obstacles, and see what surprises the new space journey will bring.  
Taste new challenges, use new items, and discover the secret of the abandoned base.
It&#039;s a mix of arcade, parkour, and puzzles, metroidvania style. It&#039;s an experience that has never been deeply explored in VR before.",,,,,,,,,,,,,,,
Retreat,,84,https://www.meta.com/en-gb/experiences/retreat/6514531415240007/,https://www.meta.com/en-gb/experiences/retreat/6514531415240007/,Yes,No,,,,quest_query_data_metaverse,Quest,0,55,,,,,,,,,62,"Ready to level up your skills, have fun, and meet new people? You don&#039;t want to miss this amazing opportunity! Think of it like an adult summer camp - with courses from top experts in Art &amp; Creativity, Career &amp; Entrepreneurship, Financial Well-Being to Holistic Wellness. Get exclusive access and ask questions directly from world renowned instructors who are sharing decades worth of their expertise through immersive experiences. Upgrade your real world Avatar, that is you!",,,,,,,,,,,,,,,
Figmin XR | Mixed Reality,,85,https://www.meta.com/en-gb/experiences/figmin-xr-mixed-reality/6849182851823457/,https://www.meta.com/en-gb/experiences/figmin-xr-mixed-reality/6849182851823457/,Yes,Yes,,,,quest_query_data_metaverse,Quest,19.99,143,,,,,,,,,88,"Create, Collect &amp; Play in Mixed Reality!

Figmin XR is a fun spatial computing application that lets you create your own mixed reality scenes. Multiplayer supported.",,,,,,,,,,,,,,,
Zero Caliber 2,First,86,https://www.meta.com/en-gb/experiences/zero-caliber-2/6072194326150034/,https://www.meta.com/en-gb/experiences/zero-caliber-2/6072194326150034/,Yes,No,,,,quest_query_data_metaverse,Quest,27.99,492,,,,,,,,,88,"8+ hour single player/Co-op campaign, cinematic action, explosions, 59+ weapons and skins to unlock, PvP, mods, airstrikes, all in one single package - this is Zero Caliber 2, the sequel to our critically acclaimed Zero Caliber: Reloaded military shooter. See you on the virtual battlefields! o7",,,,,,,,,,,,,,,
PatchWorld - Multiplayer Music Maker,First,87,https://www.meta.com/en-gb/experiences/patchworld-multiplayer-music-maker/3715150718552632/,https://www.meta.com/en-gb/experiences/patchworld-multiplayer-music-maker/3715150718552632/,Yes,Yes,,,,quest_query_data_metaverse,Quest,29.99,225,,,,,,,,,94,"Discover the ultimate VR playground in PatchWorld! Create and explore boundless worlds, build your dream music studio, and connect with friends globally. Now bring your Ready Player Me avatars. Unique to Meta Quest 3 and Meta Quest Pro: Capture your mixed reality adventures and musical creations and share on social media.",,,,,,,,,,,,,,,
MLK: Now is the Time,First,88,https://www.meta.com/en-gb/experiences/mlk-now-is-the-time/4790561384366997/,https://www.meta.com/en-gb/experiences/mlk-now-is-the-time/4790561384366997/,Yes,No,,,,quest_query_data_metaverse,Quest,0,96,,,,,,,,,80,"Dr. Martin Luther King&#039;s iconic &quot;I Have a Dream&quot; speech contains messages that still resonate today, sixty years later.  
 
&#x201c;MLK: Now is the Time&#x201d; is an immersive journey that explores key themes of Dr. King&#039;s speech and highlights systemic inequities that persist in our society. Through first-person stories and interactions, &#x201c;MLK: Now is the Time&#x201d; drops you into a thoroughly modern interpretation of a contemporary March on Washington that will inform and inspire a new generation of activists.",,,,,,,,,,,,,,,
Ultimechs,First,89,https://www.meta.com/en-gb/experiences/ultimechs/5118731164870081/,https://www.meta.com/en-gb/experiences/ultimechs/5118731164870081/,Yes,No,,,,quest_query_data_metaverse,Quest,0,698,,,,,,,,,84,"Die Torzonen leuchten auf. Die Menge br&#xfc;llt. Ein perfekt entwickelter, von dir gesteuerter Mech betritt die Arena. Ultimechs ist ein kostenloses VR-Spiel, in dem Spieler in der Sportart der Zukunft Hochleistungsmechs aus der Ferne steuern k&#xf6;nnen, w&#xe4;hrend sie rasen, schlagen und punkten, um den Sieg zu erringen. 

Ultimechs &#x2013; ein Spiel mit gro&#xdf;en Robotern und noch gr&#xf6;&#xdf;eren Toren von den Sportskanonen bei Resolution Games.",,,,,,,,,,,,,,,
Deisim,First,90,https://www.meta.com/en-gb/experiences/deisim/3526702020710931/,https://www.meta.com/en-gb/experiences/deisim/3526702020710931/,Yes,No,,,,quest_query_data_metaverse,Quest,14.99,1548,,,,,,,,,92,"Lebe die Erfahrung, ein allm&#xe4;chtiger Gott zu sein. Erschaffe deine eigene Welt und f&#xfc;hre die Menschheit von der Steinzeit bis zur Neuzeit und dar&#xfc;ber hinaus.",,,,,,,,,,,,,,,
Warplanes: Air Corp,First,91,https://www.meta.com/en-gb/experiences/warplanes-air-corp/5014131998634540/,https://www.meta.com/en-gb/experiences/warplanes-air-corp/5014131998634540/,Yes,No,,,,quest_query_data_metaverse,Quest,19.99,396,,,,,,,,,84,"Rule the skies of modern battlefield. Pilot fighter jets, helicopters and a variety of military aircraft.

&#x25cf; The third installment of the hit Warplanes series that takes us to the modern battlefield.
&#x25cf; Acquire machines inspired by the best military aircraft and helicopters from around the world.
&#x25cf; Play solo or fight online in co-op or classic PvP multiplayer.
&#x25cf; Surpass your enemies thanks to friendly flight model, intuitive controls and advanced targeting systems.",,,,,,,,,,,,,,,
Noda,First,92,https://www.meta.com/en-gb/experiences/noda/3916601848368970/,https://www.meta.com/en-gb/experiences/noda/3916601848368970/,Yes,No,,,,quest_query_data_metaverse,Quest,0,183,,,,,,,,,70,"Noda: Unleash your creativity and productivity with AI-powered immersive ideation. Build and share 3D mental models, from mind maps to logic flow diagrams. Import data, web content, and export your vision in a spatial understanding. Explore your mind in a whole new dimension.",,,,,,,,,,,,,,,
Kartoffl,First,93,https://www.meta.com/en-gb/experiences/kartoffl/4725588970834544/,https://www.meta.com/en-gb/experiences/kartoffl/4725588970834544/,Yes,No,,,,quest_query_data_metaverse,Quest,9.99,51,,,,,,,,,96,"Kartoffl ist ein l&#xe4;cherlich s&#xfc;&#xdf;es, aber herausforderndes VR-Puzzlespiel mit Lemmings-&#xe4;hnlichen vibes.",,,,,,,,,,,,,,,
Asgard's Wrath 2,First,94,https://www.meta.com/en-gb/experiences/asgards-wrath-2/2603836099654226/,https://www.meta.com/en-gb/experiences/asgards-wrath-2/2603836099654226/,Yes,No,,,,quest_query_data_metaverse,Quest,59.99,4717,,,,,,,,,84,"Lokis Chaos breitet sich aus. Verfolge ihn in diesem epischen VR-ARPG mit sterblichen Helden und ihren einzigartigen Waffen und Spielstilen durch uralte &#xe4;gyptische Reiche der G&#xf6;tter. Erkunde diese riesige, frei begehbare, lebende Weld und bek&#xe4;mpfe t&#xf6;dliche mythische Kreaturen, gehe auf Quests, fertige, l&#xf6;se R&#xe4;tsel und mache Tiere zu Kampfgef&#xe4;hrten. Das Schicksal der Realit&#xe4;t liegt in dieser mit Spannung erwarteten Fortsetzung eines der bestbewerteten VR-Spiele aller Zeiten in deinen H&#xe4;nden.",,,,,,,,,,,,,,,
Alcove,,78,,https://www.oculus.com/experiences/quest/3895528293794893/,Yes,Yes,,,Quest,QuestDB,Quest,Free,485,,,,,,,"Social, Relaxation & Meditation",,,,,,,,,,,,,,,,,,
VRROOM,First,19,https://vrroom.world/,https://store.steampowered.com/app/2166320/VRROOM/?snr=1_7_7_151_150_1,Yes,Yes,Yes,Yes,,steam_query_data_metaverse,Steam,,17,17,-0.2693612101,2758,-0.1945224069,-0.4638836169,,,,41%,,,,,,,,,,,,,,,,
LabTrainingVR: Personal Protective Equipment Edition,First,97,,https://store.steampowered.com/app/1698290/LabTrainingVR_Personal_Protective_Equipment_Edition/?snr=1_7_7_151_150_2,,No,,,,steam_query_data_vr_multiplayer,Steam,,15,,,,,,,,,100%,,,,,,,,,,,,,,,,
NOYS VR,First,79,https://www.noysvr.com/,,No,,,,,Google search,,,,,,,,,,,,,,,,,,,,,,,,,,,,
Gurugedara,First,50,,https://store.steampowered.com/app/701010/Gurugedara/?snr=1_7_7_151_150_1,,Yes,,,,steam_query_data_vr_multiplayer,Steam,,12,,,,,,,,,83%,,,,,,,,,,,,,,,,
AltspaceVR,First,5,-,https://www.meta.com/en-gb/experiences/altspacevr/2133027990157329/,No,,,,Yes,Google search,Meta,,,,,,,,,,,,,,,,,,,,,,,,,,,
Mozilla Hubs,First,6,-,#N/A,No,Yes,,,Yes,Google search,#N/A,#N/A,,,,,,,,#N/A,,,,,,,,,,,,,,,,,,
Wooorld,,82,,https://www.oculus.com/experiences/quest/4360608937312293/,Yes,Yes,,,Quest,QuestDB,Quest,Free,445,,,,,,,"Social, Travel & Exploration",,,,,,,,,,,,,,,,,,
Aardvark,First,66,,https://store.steampowered.com/app/1466430/Aardvark/?snr=1_7_7_151_150_2,,No,,,,steam_query_data_vr_multiplayer,Steam,,11,,,,,,,,,81%,,,,,,,,,,,,,,,,
Meta Horizon Worlds,,84,https://www.meta.com/en-gb/experiences/meta-horizon-worlds/2532035600194083/,https://www.meta.com/en-gb/experiences/meta-horizon-worlds/2532035600194083/,Yes,Yes,,,,quest_query_data_social,Quest,,9082,,,,,,,,,72,"Willkommen bei Meta Horizon Worlds! Ganz gleich, ob du eine Community, Games, Events oder von allem etwas suchst &#x2013; diese App ist der ideale Ort daf&#xfc;r. Mit immer wieder neuen Welten und Quests gibt es stets etwas zu entdecken.",,,,,,,,,,,,,,,
ZuseRunners,,85,,https://www.oculus.com/experiences/quest/6289885221105652/,Yes,Yes,,,Quest,QuestDB,Quest,Free,380,,,,,,,"Social, Battle Royale",,,,,,,,fun Multiplayer Game To Make New Friends And Explore a bunch of new places,,,,,,,,,,
immerse,First,11,https://immerse.io/,#N/A,Yes,No,,,#N/A,Google search,#N/A,#N/A,,,,,,,,#N/A,,,,,,,,,,,,,,,,,,
The Vortex,First,23,,https://store.steampowered.com/app/1852490/The_Vortex/?snr=1_7_7_151_150_1,,Yes,Yes,Yes,,steam_query_data_metaverse,Steam,,11,,,,,,,,,90%,,,,,,,,,,,,,,,,
Noda,,86,,https://store.steampowered.com/app/578060/Noda/?snr=1_7_7_151_150_2,,,,,,steam_query_data_vr_multiplayer,Steam,,38,,,,,,,,,86%,,,,,,,,,,,,,,,,
Aardvark,,17,-,https://store.steampowered.com/app/1466430/Aardvark/,Yes,Yes,,,Yes,Google search,Steam,Free,11,,,,,,,Social,,,,,,,,,,,,,,,,,,
Augmented Empire,First,15,#N/A,#N/A,Yes,No,,,No,Google search,#N/A,#N/A,,,,,,,,#N/A,,,,,,,,,,,,,,,,,,
Puzzle Pirates,First,16,#N/A,#N/A,Yes,No,,,No,Google search,#N/A,#N/A,,,,,,,,#N/A,,,,,,,,,,,,,,,,,,
Resolve,First,25,https://www.meta.com/en-gb/experiences/resolve/7860400317363640/,https://www.meta.com/en-gb/experiences/resolve/7860400317363640/,Yes,Yes,Yes,No,,quest_query_data_metaverse,Quest,0,15,,,,,,,,,86,"Resolve allows teams building complex construction projects to review large BIM projects on the Meta Quest in a collaborative environment. Resolve&#x2019;s ability to handle the biggest 3D models enables teams to simulate maintenance, safety and accessibility issues earlier than ever before. From cutting edge biopharma facilities to wind farms and data centers, Resolve delivers unparalleled performance on wireless VR headsets without the need to section your model, stream, or use a hefty PC.",,,,,,,,,,,,,,,
Lo-Fi Lounge,First,88,,https://store.steampowered.com/app/1513180/LoFi_Lounge/?snr=1_7_7_151_150_2,,Yes,,,,steam_query_data_vr_multiplayer,Steam,,11,,,,,,,,,81%,,,,,,,,,,,,,,,,
Pararea--Social VR for Everyone (Beta),First,89,,https://store.steampowered.com/app/671310/ParareaSocial_VR_for_Everyone_Beta/?snr=1_7_7_151_150_2,,Yes,,,,steam_query_data_vr_multiplayer,Steam,,41,,,,,,,,,56%,,,,,,,,,,,,,,,,
Alloverse,First,20,https://alloverse.com/,#N/A,No,#N/A,,,#N/A,Google search,#N/A,#N/A,,,,,,,,#N/A,,,,,,,,,,,,,,,,,,
Anarchy Arcade,,21,https://www.anarchyarcade.com/blog/welcome/,https://store.steampowered.com/app/266430/Anarchy_Arcade/,,No,,,,Google search,Steam,Free,,,,,,,,,,,,,,,,,,,,,,,,,,
Anyland,First,22,https://anyland.com/,https://store.steampowered.com/app/505700/Anyland/,No,,,,,Google search,Steam,Not downloadable,,,,,,,,,,,,,,,,,,,,,,,,,,
Apertus VR,First,23,#N/A,#N/A,No,#N/A,,,#N/A,Google search,#N/A,#N/A,,,,,,,,#N/A,,,,,,,,,,,,,,,,,,
Art Gate,First,24,#N/A,#N/A,No,#N/A,,,#N/A,Google search,#N/A,#N/A,,,,,,,,#N/A,,,,,,,,,,,,,,,,,,
Arthur,,25,https://www.arthur.digital/,https://www.arthur.digital/,No,Yes,,,Yes,Google search,Main page,,,,,,,,,Work,,,,,,,,,,,,,,,,,,
Avatar Chat,First,26,https://about.imvu.com/,#N/A,#N/A,#N/A,,,No,Google search,#N/A,#N/A,,,,,,,,#N/A,,,,,,,,,,,,,,,,,,
Breakroom,First,27,https://www.breakroom.net/,,No,,,,,Google search,,,,,,,,,,,,,,,,,,,,,,,,,,,,
Capsa,First,28,-,https://store.steampowered.com/app/588120/Capsa/,No,No,,,No,Google search,Steam,Free,,,,,,,,,,,,,,,,,,,,,,,,,,
Cheerio,First,29,https://www.cheerioworld.com/,https://www.meta.com/en-gb/experiences/cheerio/3703371516396691/?utm_source=cheerioworld.com,No,Yes,,,Yes,Google search,Meta,,,,,,,,,,,,,,,,,,,,,,,,,,,
Cisco Spark in VR,First,30,-,https://www.meta.com/en-gb/experiences/pcvr/1902295399788566/,No,Yes,,,Yes,Google search,Meta,Not downloadable,,,,,,,,,,,,,,,,,,,,,,,,,,
Galaxity : Korea VR,First,90,,https://store.steampowered.com/app/1805190/Galaxity__Korea_VR/?snr=1_7_7_151_150_2,,Yes,,,,steam_query_data_vr_multiplayer,Steam,,11,,,,,,,,,72%,,,,,,,,,,,,,,,,
Hoppin’,First,59,https://hoppin.world/,https://www.meta.com/en-gb/experiences/hoppin/5105861412788569/?utm_source=hoppin.world&utm_medium=oculusredirect,Yes,Yes,Yes,No,Yes,Google search,Meta,Free,11,,,,,,,,,,,,,,,,,,,,,,,,,
Dance Central,,33,https://www.dancecentral.com/,https://www.meta.com/en-gb/experiences/dance-central/2453152771391571/,Yes,No,,,Yes,Google search,Meta,,,,,,,,,,,,,,,,,,,,,,,,,,,
Dimension10,First,34,-,,No,,,,,Google search,,,,,,,,,,,,,,,,,,,,,,,,,,,,
Districts,First,35,https://district.berlin/,https://store.steampowered.com/app/2732650/District_VR/,No,,,,,Google search,Steam,-,,,,,,,,,,,,,,,,,,,,,,,,,,
DiveReal,First,36,-,https://store.steampowered.com/app/865200/DiveReal_inactive_stopped/,No,,,,,Google search,Steam,Free,,,,,,,,,,,,,,,,,,,,,,,,,,
Dream,First,37,#N/A,#N/A,#N/A,No,,,#N/A,Google search,#N/A,#N/A,,,,,,,,#N/A,,,,,,,,,,,,,,,,,,
Edorble,First,38,-,,No,,,,,Google search,,,,,,,,,,,,,,,,,,,,,,,,,,,,
Elysium VR,First,39,https://elysium.today/,,No,,,,,Google search,,,,,,,,,,,,,,,,,,,,,,,,,,,,
Sansar,,91,,https://store.steampowered.com/app/586110/Sansar/?snr=1_7_7_151_150_2,,Yes,,,,steam_query_data_vr_multiplayer,Steam,,615,,,,,,,,,52%,,,,,,,,,,,,,,,,
Endless Riff,First,41,https://www.meta.com/en-gb/experiences/pcvr/1221075024649062/,https://www.meta.com/en-gb/experiences/pcvr/1221075024649062/,No,,,,Yes,Google search,Meta,Free,,,,,,,,,,,,,,,,,,,,,,,,,,
Redpill VR,First,92,https://www.redpillvr.com/,https://www.redpillvr.com/en/,No,,,,,Google search,,Free,N/A,,,,,,,,,,,,,,,,,,,,,,,,,
EpicLive,First,43,https://www.salin.co.kr/epiclive/sub/epicLive/sub01.html,,No,,,,,Google search,,,,,,,,,,,,,,,,,,,,,,,,,,,,
Eventual VR,First,44,-,,No,,,,,Google search,,,,,,,,,,,,,,,,,,,,,,,,,,,,
Inlight Spark,First,64,https://spark.inlight.ai/,https://www.meta.com/en-gb/experiences/pcvr/1515033125183820/,Yes,Yes,Yes,No,Yes,Google search,Meta,Free,10,,,,,,,,,,,,,,,,,,,,,,,,,
Facebook Spaces,First,46,https://www.facebook.com/spaces,,No,,,,,Google search,,,,,,,,,,,,,,,,,,,,,,,,,,,,
Flowtropolis,First,47,https://www.flowtropolis.se/,,No,,,,,Google search,,,,,,,,,,,,,,,,,,,,,,,,,,,,
ForeVR,First,48,https://www.forevrgames.com/,,,No,,,,Google search,,,,,,,,,,,,,,,,,,,,,,,,,,,,
ShapesXR,,93,,https://www.oculus.com/experiences/quest/3899112273551602/,Yes,Yes,,,Quest,QuestDB,Quest,Free,318,,,,,,,"Productivity, Utilities",,,,,,,,,,,,,,,,,,
Fundamental Surgery,First,50,https://fundamentalsurgery.com/,,,No,,,,Google search,,,,,,,,,,,,,,,,,,,,,,,,,,,,
REMIO,,93,https://www.remiovr.com/,https://www.meta.com/en-gb/experiences/remio/5120897861344596/?click_session_id=1516346529000935&utm_source=www.remiovr.com&utm_medium=oculusredirect,Yes,Yes,,,Yes,Google search,Meta,Free,,,,,,,,,,,,,,,,,,,,,,,,,,
Geekzonia,First,52,-,,No,,,,,Google search,,,,,,,,,,,,,,,,,,,,,,,,,,,,
Glue,First,53,https://glue.work/,,No,,,,,Google search,,,,,,,,,,,,,,,,,,,,,,,,,,,,
Guru Gedara,First,54,#N/A,#N/A,,No,,,#N/A,Google search,#N/A,#N/A,,,,,,,,#N/A,,,,,,,,,,,,,,,,,,
Riff XR,,94,https://riffxr.com/,https://store.steampowered.com/app/2182790/Riff_XR/,Yes,Yes,,,Yes,Google search,Steam,Free,,,,,,,,#N/A,,,,,,,,,,,,,,,,,,
Helios,First,56,-,https://store.steampowered.com/app/1047640/Helios/,No,,,,,Google search,Steam,,,,,,,,,,,,,,,,,,,,,,,,,,,
HEMOSY and Project Polis,First,57,#N/A,#N/A,No,#N/A,,,#N/A,Google search,#N/A,#N/A,,,,,,,,#N/A,,,,,,,,,,,,,,,,,,
High Fidelity,First,58,https://www.highfidelity.com/,"https://www.meta.com/en-gb/experiences/pcvr/1255907384473836/
https://store.steampowered.com/app/390540/High_Fidelity/",No,,,,Yes,Google search,"Meta
Steam",Free,,,,,,,,,,,,,,,,,,,,,,,,,,
Wooorld,,95,https://www.meta.com/en-gb/experiences/wooorld/4360608937312293/,https://www.meta.com/en-gb/experiences/wooorld/4360608937312293/,Yes,Yes,,,,quest_query_data_metaverse,Quest,0,455,,,,,,,,,70,"Dive into Wooorld, an immersive social platform bringing a 3D map of the world into your room in Mixed Reality. Explore cities, landmarks, natural wonders with rich content from Wikipedia and Google Maps. Challenge yourself with the location guessing game &quot;Where in the Wooorld&quot;. Plan trips with the help of a global community of explorers. Enjoy AI-powered Tours, customizations, safety &amp; accessibility features.

Enjoy Wooorld for Free, or unlock premium features with Explorer+ &amp; Player+ add-ons.",,,,,,,,,,,,,,,
Horizon Venues,First,60,-,https://www.meta.com/en-gb/experiences/3002729676463989/,No,,,,Yes,Google search,Meta,,,,,,,,,,,,,,,,,,,,,,,,,,,
Roblox,First,95,https://www.roblox.com/,https://www.meta.com/en-gb/experiences/5804350719675181/,Yes,,,,Yes,Google search,Meta,Free,,,,,,,,,,,,,,,,,,,,,,,,,,
Autodesk Workshop XR,First,64,https://www.meta.com/en-gb/experiences/autodesk-workshop-xr/6311586865616787/,https://www.meta.com/en-gb/experiences/autodesk-workshop-xr/6311586865616787/,Yes,Yes,Yes,No,,quest_query_data_metaverse,Quest,0,6,,,,,,,,,46,"Immersive workspace, connected to Autodesk Construction Cloud | Review and collaborate in your 3D models.",,,,,,,,,,,,,,,
Hyperfair VR,First,63,https://www.hyperfairplus.de/,,No,,,,,Google search,,,,,,,,,,,,,,,,,,,,,,,,,,,,
Neutrans,First,78,http://neutrans.space,"https://www.meta.com/en-gb/experiences/pcvr/484255391698530/
https://store.steampowered.com/app/690690/NEUTRANS/",Yes,Yes,Yes,No,Yes,Google search,"Meta
Steam","Not downloadable
Free",0,,,,,,,,,,,,,,,,,,,,,,,,,
Sansar,,97,https://www.sansar.com/,"https://www.sansar.com/
https://store.steampowered.com/app/586110/Sansar/",Yes,,,,Yes,Google search,"Main page
Steam","Free
Free",,,,,,,,,,,,,,,,,,,,,,,,,,
InsiteVR,First,66,https://blog.insitevr.com/,,No,,,,,Google search,,,,,,,,,,,,,,,,,,,,,,,,,,,,
vrzone,First,9,https://vrzone.io/,https://sidequestvr.com/app/429,Yes,Yes,Yes,Yes,Yes,Google search,"Meta, PC, MacOs",#N/A,3,3,-0.2697323982,2314,-0.1945231787,-0.464255577,,#N/A,,,,,,,,,,,,,,,,,,
VR Trivia Battle,First,117,,"https://www.meta.com/en-gb/experiences/pcvr/1961025013964962/
https://store.steampowered.com/app/670830/VR_Trivia_Battle/",Yes,,,,Yes,Google search,"Meta
Steam","Not downloadable
Free",0,,,,,,,,,,,,,,,,,,,,,,,,,
LearnBrite,First,69,https://www2.learnbrite.com/,,No,,,,,Google search,,,,,,,,,,,,,,,,,,,,,,,,,,,,
LiveLike,First,70,-,,No,,,,,Google search,,,,,,,,,,,,,,,,,,,,,,,,,,,,
Manova,First,71,-,,No,,,,,Google search,,,,,,,,,,,,,,,,,,,,,,,,,,,,
MasterpieceVR,First,72,https://masterpiecestudio.com/,"https://www.meta.com/en-gb/experiences/pcvr/361221470668584/
https://store.steampowered.com/app/504650/MasterpieceVR/",No,,,,Yes,Google search,"Meta
Steam","Not downloadable
Not downloadable",,,,,,,,,,,,,,,,,,,,,,,,,,
meetingRoom,First,73,-,,No,,,,,Google search,,,,,,,,,,,,,,,,,,,,,,,,,,,,
Pluto,,100,,https://store.steampowered.com/app/389980/Pluto/?snr=1_7_7_151_150_2,,Yes,,,,steam_query_data_vr_multiplayer,Steam,,75,,,,,,,,,40%,,,,,,,,,,,,,,,,
A Land: Dubai Metaverse Demo,First,6,https://store.steampowered.com/app/2186510/A_Land_Dubai_Metaverse/?snr=1_7_7_151_150_1,https://store.steampowered.com/app/2186510/A_Land_Dubai_Metaverse/?snr=1_7_7_151_150_1,No,Yes,,,,steam_query_data_metaverse,Steam,,0,,,,,,,,,-,,,,,,,,,,,,,,,,
Museum of Other Realities,,76,https://www.museumor.com/,,,No,,,,Google search,,,,,,,,,,,,,,,,,,,,,,,,,,,,
SurrealVR,,106,https://www.surrealvr.com/,"https://store.steampowered.com/app/461180/SurrealVR/
https://www.viveport.com/apps/8168e41c-b1af-41cf-9906-4e1858226f2b?hl=en-US",Yes,,,,Yes,Google search,"Steam
Viveport",Free,,,,,,,,,,,,,,,,,,,,,,,,,,
SIX 3D: Metaverse,,4,https://store.steampowered.com/app/2177350/SIX_3D_Metaverse/?snr=1_7_7_151_150_1,https://store.steampowered.com/app/2177350/SIX_3D_Metaverse/?snr=1_7_7_151_150_1,,Yes,,,,steam_query_data_metaverse,Steam,,0,,,,,,,,,-,,,,,,,,,,,,,,,,
Arkio,,112,,https://www.oculus.com/experiences/quest/2280319701979278/,Yes,Yes,,,Quest,QuestDB,Quest,Free,203,,,,,,,"Productivity, Utilities",,,,,,,,,,,,,,,,,,
Metaisland,First,38,https://store.steampowered.com/app/1782180/Metaisland/?snr=1_7_7_151_150_1,https://store.steampowered.com/app/1782180/Metaisland/?snr=1_7_7_151_150_1,No,,,,,steam_query_data_metaverse,Steam,,0,,,,,,,,,-,,,,,,,,,,,,,,,,
Oculus Home,First,81,#N/A,#N/A,#N/A,No,,,#N/A,Google search,#N/A,#N/A,,,,,,,,#N/A,,,,,,,,,,,,,,,,,,
Oculus Rooms,First,82,-,https://www.meta.com/en-gb/experiences/1101959559889232/,,No,,,Yes,Google search,Meta,Not downloadable,,,,,,,,,,,,,,,,,,,,,,,,,,
Unreal Kingdoms,First,39,https://store.steampowered.com/app/2691250/Unreal_Kingdoms/?snr=1_7_7_151_150_1,https://store.steampowered.com/app/2691250/Unreal_Kingdoms/?snr=1_7_7_151_150_1,No,,No,,,steam_query_data_metaverse,Steam,,0,,,,,,,,,-,,,,,,,,,,,,,,,,
Oxford Medical Simulation,First,84,https://oxfordmedicalsimulation.com/,,,No,,,,Google search,,,,,,,,,,,,,,,,,,,,,,,,,,,,
MEs,First,46,https://store.steampowered.com/app/2361710/MEs/?snr=1_7_7_151_150_1,https://store.steampowered.com/app/2361710/MEs/?snr=1_7_7_151_150_1,No,Yes,,,,steam_query_data_metaverse,Steam,,0,,,,,,,,,-,,,,,,,,,,,,,,,,
Planet Theta,,86,https://planet-theta.com/,https://store.steampowered.com/app/1840020/PLANET_THETA/,Yes,Yes,,,Yes,Google search,Steam,Not downloadable,,,,,,,,,,,,,,,,,,,,,,,,,,
Pluto VR,First,87,https://www.pluto.app/,,,No,,,,Google search,,,,,,,,,,,,,,,,,,,,,,,,,,,,
Spherum 3D,First,51,https://store.steampowered.com/app/2223230/Spherum_3D/?snr=1_7_7_151_150_2,https://store.steampowered.com/app/2223230/Spherum_3D/?snr=1_7_7_151_150_2,,No,No,,,steam_query_data_metaverse,Steam,,0,,,,,,,,,-,,,,,,,,,,,,,,,,
Prospect,First,89,https://irisvr.com/,,,No,,,,Google search,,,,,,,,,,,,,,,,,,,,,,,,,,,,
Raspberry Dream Land,First,90,#N/A,#N/A,No,#N/A,,,#N/A,Google search,#N/A,#N/A,,,,,,,,#N/A,,,,,,,,,,,,,,,,,,
3XO: XXX Online Demo,First,58,https://store.steampowered.com/app/2212050/3XO_XXX_Online/?snr=1_7_7_151_150_2,https://store.steampowered.com/app/2212050/3XO_XXX_Online/?snr=1_7_7_151_150_2,No,Yes,,,,steam_query_data_metaverse,Steam,,0,,,,,,,,,-,,,,,,,,,,,,,,,,
vSpatial,,120,https://www.vspatial.com/,"https://www.meta.com/en-gb/experiences/2540393919317658/
https://store.steampowered.com/app/858900/vSpatial/",Yes,,,,Yes,Google search,"Meta
Steam","Free
Not downloadable",,,,,,,,Work,,,,,,,,,,,,,,,,,,
Community Garden,First,32,,https://store.steampowered.com/app/692530/Community_Garden/,Yes,,,,Yes,Google search,Steam,€8.19,28,,,,,,,,,,,,,,,,,,,,,,,,,
The Expanse,First,45,https://expansevr.netlify.app/,https://store.steampowered.com/app/1490550/The_Expanse/,Yes,,,,Yes,Google search,Steam,€5.89,1,,,,,,,,,,,,,,,,,,,,,,,,,
vTime XR,,130,,https://www.oculus.com/experiences/quest/1961984627245151/,Yes,Yes,,,Quest,QuestDB,Quest,Free,147,,,,,,,"Social, ",,,,,,,,,,,,,,,,,,
ENGAGE,,134,,https://www.oculus.com/experiences/quest/3092079454190601/,Yes,Yes,,,Quest,QuestDB,Quest,Free,140,,,,,,,"Social, Business",,,,,,,,,,,,,,,,,,
SapphireXR,First,98,-,,No,,,,,Google search,,,,,,,,,,,,,,,,,,,,,,,,,,,,
ScienceVR,First,99,https://www.sciencevr.com/,,,No,,,,Google search,,,,,,,,,,,,,,,,,,,,,,,,,,,,
SculptrVR,First,100,https://www.sculptrvr.com/,https://www.meta.com/en-gb/experiences/sculptrvr/1978992975501648/?utm_source=www.sculptrvr.com&utm_medium=oculusredirect,Yes,Yes,,,Yes,Google search,Meta,19.99,,,,,,,,,,,,,,,,,,,,,,,,,,
3XO: XXX Online,First,151,,https://store.steampowered.com/app/2212050/3XO_XXX_Online/?curator_clanid=4777282,No,Yes,,,Yes,SteamDB,Steam,Free,,,,,,,,"Sexual Content, Social",0,,,,,,,,,,,,,,,,,
Spatiate,First,102,#N/A,#N/A,#N/A,No,,,#N/A,Google search,#N/A,#N/A,,,,,,,,#N/A,,,,,,,,,,,,,,,,,,
STAGE,First,103,#N/A,#N/A,No,#N/A,,,#N/A,Google search,#N/A,#N/A,,,,,,,,#N/A,,,,,,,,,,,,,,,,,,
Stageverse,First,104,-,,No,,,,,Google search,,,,,,,,,,,,,,,,,,,,,,,,,,,,
STYLY,First,105,https://gallery.styly.cc/about/en,,,No,,,,Google search,,,,,,,,,,,,,,,,,,,,,,,,,,,,
Flipside,,157,,https://www.oculus.com/experiences/quest/2305425142915253/,Yes,Yes,,,Quest,QuestDB,Quest,Free,105,,,,,,,"Social, Media & Streaming",,,,,,,,,,,,,,,,,,
Teleporter,First,107,https://teleporter.gg/,,No,,,,,Google search,,,,,,,,,,,,,,,,,,,,,,,,,,,,
Zoe,,160,,https://www.oculus.com/experiences/quest/5464660053555314/,Yes,Yes,,,Quest,QuestDB,Quest,Free,101,,,,,,,"Social, Productivity",,,,,,,,,,,,,,,,,,
Topik,First,109,https://www.inforemix.com/workv1-2/topik,,No,,,,,Google search,,,,,,,,,,,,,,,,,,,,,,,,,,,,
UXR.ZONE,First,110,-,,No,,,,,Google search,,,,,,,,,,,,,,,,,,,,,,,,,,,,
VirBELA,First,111,https://www.virbela.com/,,No,,,,,Google search,,,,,,,,,,,,,,,,,,,,,,,,,,,,
MeetinVR,,173,,https://www.oculus.com/experiences/quest/1760132027421053/,Yes,Yes,,,Quest,QuestDB,Quest,Free,86,,,,,,,"Social, ",,,,,,,,,,,,,,,,,,
chilloutvr,,13,https://abinteractive.net/,https://store.steampowered.com/app/661130/ChilloutVR/,Yes,Yes,,,Yes,Google search,Steam,Free,2330,,,,,,,,,,,,,,,,,,,,,,,,,
Vizible,First,114,https://www.worldviz.com/virtual-reality-collaboration-software,,No,,,,,Google search,,,,,,,,,,,,,,,,,,,,,,,,,,,,
VR Conference,First,115,-,,No,,,,,Google search,,,,,,,,,,,,,,,,,,,,,,,,,,,,
Lavender,First,68,https://lavendervr.com/,https://store.steampowered.com/app/886710/Lavender/,Yes,,,,Yes,Google search,Steam,€16.79,,,,,,,,,,,,,,,,,,,,,,,,,,
VirtualCast,,37,,https://store.steampowered.com/app/947890/VirtualCast/?curator_clanid=4777282,Yes,Yes,,,Yes,SteamDB,Steam,Free,,,,,,,,Social,5,,,,,,,,,,,,,,,,,
VRAVO!,First,118,-,,No,,,,,Google search,,,,,,,,,,,,,,,,,,,,,,,,,,,,
VR Triber,,278,,https://store.steampowered.com/app/680170/VR_Triber/?curator_clanid=4777282,Yes,Yes,,,Yes,SteamDB,Steam,Free,,,,,,,,Social,0,,,,,,,,,,,,,,,,,
VRROOM,,285,,https://store.steampowered.com/app/2166320/VRROOM/?curator_clanid=4777282,Yes,Yes,,,Yes,SteamDB,Steam,Free,,,,,,,,Social,0,,,,,,,,,,,,,,,,,
Wave,First,121,https://wavexr.com/,#N/A,No,#N/A,,,#N/A,Google search,#N/A,#N/A,,,,,,,,#N/A,,,,,,,,,,,,,,,,,,
The Wild,First,122,https://thewild.com/,,No,,,,,Google search,,,,,,,,,,,,,,,,,,,,,,,,,,,,
Wonda VR,First,123,https://www.wondavr.com/,,No,,,,,Google search,,,,,,,,,,,,,,,,,,,,,,,,,,,,
BeanVR—The Social VR APP,,290,,https://store.steampowered.com/app/638920/BeanVRThe_Social_VR_APP/?curator_clanid=4777282,Yes,Yes,,,Yes,SteamDB,Steam,Free,,,,,,,,Social,0,,,,,,,,,,,,,,,,,