name,Occurrence,order,Main page,Store Link,Accessible,Multiplayer,Social,Creator,Origin,Store,Price,Number of Reviews,Temp_reviews_no_n/a,Normalized reviews,Web Visitor Count,Normalized visitors,Popularity via Z-score,Who,Rating,Additional Comments for removal,Official Documentation,External Guides,Video links,Editor,Editor - Description,Scripting,Scripting - Description,Lang,Hosting,Hosting - Description,Peer-review,Review - Description
3DXChat,,84,https://3dxchat.com/join.html,https://store.steampowered.com/app/2257780/3DXChat/?curator_clanid=4777282,No,Yes,,,SteamDB,Steam,Free,,,,,,,,,"It may not be a free service. ""Microsoft 365 and Office 365 commercial subscriptions that have a Teams license""",https://learn.microsoft.com/en-us/mesh/,https://github.com/microsoft/Mesh-Toolkit-Unity,https://www.youtube.com/watch?v=RctQj51rA9w,"Game Engine + SDK, In-app",Both in app editor and Unity based SDK.,"full code, logic flow scripting",In the app creation tool there is a limited visual/logic scripoting but in the unity + SDK editor there is full C# scripoting ( hosted by them) and a logic flow scripting capabilites.,,Cloud,The scripting seems hosted on a microsoft cloud machine.,Test Case,The only review process it seems to happen is a test cases that needs to pass for the spaces to be published.
3XO: XXX Online,,151,https://3xo.io/,https://store.steampowered.com/app/2212050/3XO_XXX_Online/?curator_clanid=4777282,No,Yes,,,SteamDB,Steam,Free,,,,,,,,,,https://creators.vrchat.com/getting-started,https://steamcommunity.com/sharedfiles/filedetails/?l=german&id=2507157026,https://www.youtube.com/playlist?list=PLPdWkxUSZ65Fp6ICrU7mIq1znAfPwMhNZ,Game Engine + SDK,Uses Unity,"full code, logic flow scripting",Access to Uson Graph and UdonSharp (use C#) are available in the Unity Editor.,C#,Cloud,The worlds can be uploaded to the Community Labs,Peer-review,Worlds are queued and reviewed in Community Labs before going public based on popularity and reports of major concerns.
3XO: XXX Online Demo,,58,https://store.steampowered.com/app/2212050/3XO_XXX_Online/?snr=1_7_7_151_150_2,https://store.steampowered.com/app/2212050/3XO_XXX_Online/?snr=1_7_7_151_150_2,No,Yes,,,steam_query_data_metaverse,Steam,Free,0,,,,,,,-,,https://rec.net/creator,https://docs.alexagirl.studio/docs/SavingRooms/publishing,,"In-app, Custom, Game Engine + SDK",In-app custom creator tool,"logic flow scripting, full code",In the in-app creation tool. In the Unity+SDK you should have access to scripts in C#.,C#,Cloud,The room are directly uploaded to the recroom cloud,No peer review,It does Automated image scanning to prevent unwanted content in game such as inappropriate shirts. But it does not appear to have any review process. Actually it ask the users to report problems if they see them.
A Land: Dubai Metaverse Demo,,6,https://store.steampowered.com/app/2186510/A_Land_Dubai_Metaverse/?snr=1_7_7_151_150_1,https://store.steampowered.com/app/2186510/A_Land_Dubai_Metaverse/?snr=1_7_7_151_150_1,No,Yes,,,steam_query_data_metaverse,Steam,,0,,,,,,,-,,https://create.roblox.com/docs,https://www.codewizardshq.com/how-to-make-a-roblox-game/,https://www.youtube.com/@RobloxLevelUp,Game Engine + SDK,Uses Roblox Engine in Roblox Studio,full code,In the game engine using their own script editor with Luau programming language,Lua,Cloud,The experiences are managed in the Creator Dashboard,No peer review,"Creators are encouraged to provide guidelines, but there are no review process from the Roblox part"
Aardvark,,66,-,https://store.steampowered.com/app/1466430/Aardvark/?snr=1_7_7_151_150_2,Yes,Yes,,,steam_query_data_vr_multiplayer,Steam,Free,11,,,,,,,81%,PAID TO CREATE?,,,https://www.youtube.com/watch?v=I8XVDyZVqNY,In-app,In vr app map creator and simple logic.,block-building,Simple logic block building capabilities. Similar to redstone in minecraft.,,Cloud,Publish a world in their cloud,No peer review,No information
Aardvark,,17,-,https://store.steampowered.com/app/1466430/Aardvark/,Yes,Yes,,,Google search,Steam,Free,11,,,,,,,,,-,-,https://www.youtube.com/watch?v=HVfMFUgSqaw,In-app,In-app editor provided with basic objects.,no scripting capabilities,-,,Cloud,The worlds are directly published inside the application,"possible further review, No peer review","No review to publish, but worlds can be verified later"
Acadicus,,18,https://acadicus.com/,https://acadicus.com/getting-started-with-acadicus/,Yes,Yes,No,,Google search,Main page,Free,N/A,,,,,,,,,https://www.oculus.com/horizon-worlds/learn/,,https://www.youtube.com/watch?v=r8C7-AOEBhU,In-app,In app custom tool. In 2025 Meta added a custom editor.,visual scripting,"You can add scripts to event, objects and player.",TS,Cloud,Worlds are published in Meta worlds tab.,"possible further review, Test Case",Self questionniare plus possible firther review.
Aces High III,,32,https://www.hitechcreations.com/index.php,https://store.steampowered.com/app/651090/Aces_High_III/?snr=1_7_7_151_150_1,,No,,,steam_query_data_vr_multiplayer,Steam,,385,,,,,,,59%,,-,-,https://www.youtube.com/watch?v=I6CMgSF96ek,In-app,In-app editor provided with objects.,no scripting capabilities,-,,Cloud,The worlds seems to be directly published inside the application,No peer review,No information about review.
AChat,,19,-,https://store.steampowered.com/app/1245610/AChat/?curator_clanid=4777282,No,Yes,,,SteamDB,Steam,Free,,,,,,,,,,,,,In-app,in app from above world editor. Drag and drop objects.,no scripting capabilities,-,,Cloud,published as a map.,No peer review,No information.
Acron: Attack of the Squirrels!,,65,https://www.meta.com/en-gb/experiences/acron-attack-of-the-squirrels/2345082335516570/,https://www.meta.com/en-gb/experiences/acron-attack-of-the-squirrels/2345082335516570/,Yes,No,,,quest_query_data_social,Quest,19.99,1768,,,,,,,92,Like Minecraft where you can mine and put blocks. This is may not be a full editor.,-,-,https://www.youtube.com/watch?v=ATxd2NgtNeU,"Custom, In-app",Minecraft-like (not an editor),no scripting capabilities,-,,Cloud,Seems like it only has public worlds where players can mine and put blocks.,No peer review,No information about review.
Aim XR,,8,https://www.meta.com/en-gb/experiences/aim-xr/4245506092131005/,https://www.meta.com/en-gb/experiences/aim-xr/4245506092131005/,Yes,No,,,quest_query_data_social,Quest,0,1259,,,,,,,86,,,,,,,,,,,,,
Aim XR,,79,https://www.meta.com/en-gb/experiences/aim-xr/4245506092131005/,https://www.meta.com/en-gb/experiences/aim-xr/4245506092131005/,Yes,No,,,quest_query_data_metaverse,Quest,0,1259,,,,,,,86,,,,https://www.youtube.com/watch?v=OatATrRSO2A,Game Engine + SDK,Unity + their SDK,full code,Script in C#,C#,Cloud,World are uploaded to their server.,"Test Case, possible further review",Automatic Security checks when uploading world.
Alcove,,2,https://www.rendever.com/alcove,https://www.meta.com/en-gb/experiences/alcove/3895528293794893/?utm_source=www.rendever.com&utm_medium=oculusredirect,Yes,Yes,Yes,No,Google search,Meta,Free,485,,,,,,,,,,,,,,,,,,,,
Alcove,,19,https://www.rendever.com/alcove,https://www.meta.com/en-gb/experiences/3895528293794893/,Yes,Yes,Yes,No,Google search,Meta,Free,485,,,,,,,,,,,,,,,,,,,,
Alcove,,45,https://www.meta.com/en-gb/experiences/alcove/3895528293794893/,https://www.meta.com/en-gb/experiences/alcove/3895528293794893/,Yes,Yes,Yes,No,quest_query_data_social,Quest,0,485,,,,,,,74,,https://wiki.neosvr.com/Main_Page,https://hackmd.io/@kohx/Syj3OwQJp,https://www.youtube.com/@Frooxius,In-app,In-app custom creator tool,visual scripting,In-app with LogiX language,,"Cloud, Self-hosted",Can choose to host world in cloud or self-hosted,No peer review,Only need to submit world orb.
Alcove,,78,https://www.rendever.com/alcove,https://www.oculus.com/experiences/quest/3895528293794893/,Yes,Yes,Yes,No,QuestDB,Quest,Free,485,,,,,,,,,,,,,,,,,,,,
Alloverse,,20,https://alloverse.com/,#N/A,No,#N/A,,,Google search,#N/A,#N/A,,,,,,,,,,,,,,,,,,,,,
Microsoft Mesh,,15,https://www.microsoft.com/en-us/microsoft-teams/microsoft-mesh,https://www.meta.com/en-gb/experiences/microsoft-mesh/6750166401689690/,Yes,Yes,Yes,Yes,quest_query_data_metaverse,Quest,Free,75,75,-0.2678234305,3491000000,5.874353327,5.6065,A1,38,"It may not be a free service. ""Microsoft 365 and Office 365 commercial subscriptions that have a Teams license""",https://learn.microsoft.com/en-us/mesh/,https://github.com/microsoft/Mesh-Toolkit-Unity,https://www.youtube.com/watch?v=RctQj51rA9w,"Game Engine + SDK, In-app",Both in app editor and Unity based SDK.,"full code, logic flow scripting",In the app creation tool there is a limited visual/logic scripoting but in the unity + SDK editor there is full C# scripoting ( hosted by them) and a logic flow scripting capabilites.,,Cloud,The scripting seems hosted on a microsoft cloud machine.,Test Case,The only review process it seems to happen is a test cases that needs to pass for the spaces to be published.
AltspaceVR,,5,-,https://www.meta.com/en-gb/experiences/altspacevr/2133027990157329/,No,Yes,Yes,Yes,Google search,Meta,Free,,,,,,,,,,,,,,,,,,,,,
Amigo VR,,77,-,https://store.steampowered.com/app/622310/Amigo_VR/?snr=1_7_7_151_150_2,,No,,,steam_query_data_vr_multiplayer,Steam,,48,,,,,,,52%,PAID,,,,,,,,,,,,
Among Us VR,,49,https://www.meta.com/en-gb/experiences/among-us-vr/4948428055244413/,https://www.meta.com/en-gb/experiences/among-us-vr/4948428055244413/,Yes,No,,,quest_query_data_social,Quest,9.99,6428,,,,,,,76,Shutted down,,,,,,,,,,,,
Anarchy Arcade,,36,https://store.steampowered.com/app/266430/Anarchy_Arcade/?snr=1_7_7_151_150_1,https://store.steampowered.com/app/266430/Anarchy_Arcade/?snr=1_7_7_151_150_1,,No,,,steam_query_data_metaverse,Steam,Free,2216,,,,,,,68%,,,,,,,,,,,,,
Anarchy Arcade,,21,https://www.anarchyarcade.com/blog/welcome/,https://store.steampowered.com/app/266430/Anarchy_Arcade/,,No,,,Google search,Steam,Free,,,,,,,,,,https://wiki.resonite.com/Main_Page#Creation_&_Technical,https://protoflux.wiki/#/,https://www.youtube.com/playlist?list=PL8Q4ZMU6BghtpoSR3t9n_EgR3kZrEsK-i,In-app,In-app editor.,visual scripting,In-app with Protoflux language,,Cloud,The worlds are directly published inside the application,No peer review,No review.
Angelic: The Chaos Theatre,,41,https://store.steampowered.com/app/1440570/Angelic_The_Chaos_Theatre/?snr=1_7_7_151_150_1,https://store.steampowered.com/app/1440570/Angelic_The_Chaos_Theatre/?snr=1_7_7_151_150_1,,No,,,steam_query_data_metaverse,Steam,,0,,,,,,,-,,,,,,,,,,,,,
Angelic: The Chaos Theatre Open Alpha,,50,https://store.steampowered.com/app/1440570/Angelic_The_Chaos_Theatre/?snr=1_7_7_151_150_1,https://store.steampowered.com/app/1440570/Angelic_The_Chaos_Theatre/?snr=1_7_7_151_150_1,,No,,,steam_query_data_metaverse,Steam,,0,,,,,,,-,,,,,,,,,,,,,
Animals,,42,https://store.steampowered.com/app/3103760/Animals/?snr=1_7_7_151_150_1,https://store.steampowered.com/app/3103760/Animals/?snr=1_7_7_151_150_1,,No,,,steam_query_data_metaverse,Steam,,0,,,,,,,-,,https://www.multiverseupdates.com/metaverse-guide,-,-,"Custom, In-app",Very limited things that can be customized (images or videos panels inside rooms and plot structures based on given 3D models; not really an editor),no scripting capabilities,-,,Cloud,The worlds are directly published inside the application,No peer review,No information about review.
Anyland,,22,https://anyland.com/,https://store.steampowered.com/app/505700/Anyland/,No,,,,Google search,Steam,Not downloadable,,,,,,,,,,,,,,,,,,,,,
Apertus VR,,23,https://apertusvr.org/,#N/A,No,#N/A,,,Google search,#N/A,#N/A,,,,,,,,,,,,,,,,,,,,,
APES,,32,https://www.meta.com/en-gb/experiences/apes/5770576536320136/,https://www.meta.com/en-gb/experiences/apes/5770576536320136/,Yes,No,,,quest_query_data_social,Quest,0,452,,,,,,,82,,,,,,,,,,,,,
APES,,46,https://www.meta.com/en-gb/experiences/apes/5770576536320136/,https://www.meta.com/en-gb/experiences/apes/5770576536320136/,Yes,No,,,quest_query_data_metaverse,Quest,0,452,,,,,,,82,,,,,,,,,,,,,
Arkio,,49,https://www.arkio.is/,https://store.steampowered.com/app/1053760/Arkio/?snr=1_7_7_151_150_1,Yes,Yes,Yes,Yes,steam_query_data_vr_multiplayer,Steam,Free,35,,,,,,,94%,,,,,,,,,,,,,
VRChat,,1,vrchat.com,https://store.steampowered.com/app/438100/VRChat/?snr=1_7_7_151_150_1,Yes,Yes,Yes,Yes,steam_query_data_metaverse,Steam,Free,223788,223788,5.663577982,9072000,-0.1787561089,5.4848,A2,74%,,https://creators.vrchat.com/getting-started,https://steamcommunity.com/sharedfiles/filedetails/?l=german&id=2507157026,https://www.youtube.com/playlist?list=PLPdWkxUSZ65Fp6ICrU7mIq1znAfPwMhNZ,Game Engine + SDK,Uses Unity,"full code, logic flow scripting",Access to Uson Graph and UdonSharp (use C#) are available in the Unity Editor.,C#,Cloud,The worlds can be uploaded to the Community Labs,Peer-review,Worlds are queued and reviewed in Community Labs before going public based on popularity and reports of major concerns.
Arkio,,112,https://www.arkio.is/,https://www.oculus.com/experiences/quest/2280319701979278/,Yes,Yes,Yes,Yes,QuestDB,Quest,Free,203,,,,,,,,,,,,,,,,,,,,
Art Gate,,24,https://www.artgatevr.com/,#N/A,No,#N/A,,,Google search,#N/A,#N/A,,,,,,,,,,,,,,,,,,,,,
Rec Room,,4,https://recroom.com/,https://store.steampowered.com/app/471710/Rec_Room/?snr=1_7_7_151_150_1,Yes,Yes,Yes,Yes,steam_query_data_vr_multiplayer,Steam,Free,65671,65671,1.471352241,330865,-0.1939520138,1.2774,A1,90%,,https://rec.net/creator,https://docs.alexagirl.studio/docs/SavingRooms/publishing,,"In-app, Game Engine + SDK",In-app custom creator tool,"logic flow scripting, full code",In the in-app creation tool. In the Unity+SDK you should have access to scripts in C#.,C#,Cloud,The room are directly uploaded to the recroom cloud,No peer review,It does Automated image scanning to prevent unwanted content in game such as inappropriate shirts. But it does not appear to have any review process. Actually it ask the users to report problems if they see them.
Arthur,,25,https://www.arthur.digital/,https://www.arthur.digital/,No,Yes,Yes,Yes,Google search,Main page,Free,,,,,,,,,,,,,,,,,,,,,
Asgard's Wrath 2,,94,https://www.meta.com/en-gb/experiences/asgards-wrath-2/2603836099654226/,https://www.meta.com/en-gb/experiences/asgards-wrath-2/2603836099654226/,Yes,No,,,quest_query_data_metaverse,Quest,59.99,4717,,,,,,,84,,https://docs.sansar.com/untitled,https://github.com/Wookey-Technologies/sansar-script,https://www.youtube.com/watch?v=iYDsM7xYdDc,"In-app, Custom, Game Engine + SDK",In-app custom editor,full code,Allows adding scripts to objects using C# inside the editor.,C#,Cloud,The worlds and scenes are published from the editor or application to Atlas.,No peer review,No review before publishing but users can report worlds or scenes for violations.
Ashes Of Idunn: Tales Of Fimbulwinter,,22,https://store.steampowered.com/app/2997410/Ashes_Of_Idunn_Tales_Of_Fimbulwinter/?snr=1_7_7_151_150_1,https://store.steampowered.com/app/2997410/Ashes_Of_Idunn_Tales_Of_Fimbulwinter/?snr=1_7_7_151_150_1,,No,,,steam_query_data_metaverse,Steam,,18,,,,,,,66%,,,,,,,,,,,,,
Assassin’s Creed® Nexus VR,,53,https://www.meta.com/en-gb/experiences/assassins-creed-nexus-vr/5812519008825194/,https://www.meta.com/en-gb/experiences/assassins-creed-nexus-vr/5812519008825194/,Yes,No,,,quest_query_data_metaverse,Quest,39.99,3836,,,,,,,86,,,,,,,,,,,,,
Augmented Empire,,15,https://coatsink.com/games/augmented-empire,#N/A,Yes,No,,,Google search,#N/A,#N/A,,,,,,,,,Could not find a way to create a room. Also Paid,,,,,,,,,,,,
Autodesk Workshop XR,,64,https://www.meta.com/en-gb/experiences/autodesk-workshop-xr/6311586865616787/,https://www.meta.com/en-gb/experiences/autodesk-workshop-xr/6311586865616787/,Yes,Yes,Yes,No,quest_query_data_metaverse,Quest,0,6,,,,,,,46,,,,,,,,,,,,,
Avatar Chat,,26,https://about.imvu.com/,#N/A,#N/A,#N/A,,,Google search,#N/A,#N/A,,,,,,,,,,,,,,,,,,,,,
BackRooms,,14,https://store.steampowered.com/app/1906190/BackRooms/?snr=1_7_7_151_150_1,https://store.steampowered.com/app/1906190/BackRooms/?snr=1_7_7_151_150_1,,No,,,steam_query_data_metaverse,Steam,,0,,,,,,,-,,,,,,,,,,,,,
beanvr,,12,-,"https://www.meta.com/en-gb/experiences/pcvr/1117067631733272/
https://store.steampowered.com/app/638920/BeanVRThe_Social_VR_APP/
https://www.viveport.com/apps/3dda2260-a5cc-470b-b880-5cd7f35bc48d?hl=en-US",Yes,Yes,Yes,No,Google search,"Meta
Steam
Vive","Not downloadable
Free
Free",32,,,,,,,,,https://docs.viverse.com/docs/viverse-create,-,https://www.youtube.com/playlist?app=desktop&list=PLGVnmfrayaVY5x-kM6VZOjvnBLbsfnJKA,Game Engine + SDK,Uses Playcanvas Editor. It also allows exporting from Unity projects.,full code,Uses JavaScript inside the Playcanvas Editor. It might allows scripting with C# when using Unity,JS,Cloud,The worlds and scenes are directly accesible via URL after publishing.,No peer review,No information about review.
BeanVR—The Social VR APP,,290,-,https://store.steampowered.com/app/638920/BeanVRThe_Social_VR_APP/?curator_clanid=4777282,Yes,Yes,Yes,No,SteamDB,Steam,Free,,,,,,,,,,https://support.framevr.io/framevr/Frame-Knowledge-Base-cfc4bc81aa1442a9a2dd9e995dbaeab0,-,https://www.youtube.com/watch?v=IP_dpyjyJKg,"Custom, In-app",Uses 3D tools to create objects that can be imported.,no-code,Action triggers,Js,Cloud,The worlds and scenes are directly accesible via URL.,No peer review,No review.
BeanVR—The Social VR APP,,87,-,https://store.steampowered.com/app/638920/BeanVRThe_Social_VR_APP/?snr=1_7_7_151_150_2,Yes,Yes,Yes,No,steam_query_data_vr_multiplayer,Steam,Free,50,,,,,,,46%,Paid for creating worlds (Need to buy a plot before editing the plot),https://somniumspace.com/documentation,-,,Game Engine + SDK,Uses Unity or PlayCanvas with Somnium SDK.,,,,,,No peer review,
BEAT ARENA,,53,https://www.meta.com/en-gb/experiences/beat-arena/2301375123298882/,https://www.meta.com/en-gb/experiences/beat-arena/2301375123298882/,Yes,No,,,quest_query_data_social,Quest,29.99,204,,,,,,,84,,https://docs.sine.space/,https://trilo.org/2019/06/06/how-to-create-regions/,"https://www.youtube.com/c/SineWave
https://www.youtube.com/watch?v=Lmh5VWBsJB8","Game Engine + SDK, In-app",Uses Unity with SDK or in-app editor.,full code,Uses Lua,Lua,Cloud,Hosted on cloud.,No peer review,No information about review.
Betaverse,,184,-,https://store.steampowered.com/app/1542350/Betaverse/?curator_clanid=4777282,No,Yes,,,SteamDB,Steam,Free,,,,,,,,,,,,,,,,,,,,,
BIG BALLERS VR,,9,https://www.meta.com/en-gb/experiences/big-ballers-vr/3947713001963656/,https://www.meta.com/en-gb/experiences/big-ballers-vr/3947713001963656/,Yes,No,,,quest_query_data_social,Quest,0,15198,,,,,,,96,,,,,,,,,,,,,
BIG BALLERS VR,,37,https://www.meta.com/en-gb/experiences/big-ballers-vr/3947713001963656/,https://www.meta.com/en-gb/experiences/big-ballers-vr/3947713001963656/,Yes,No,,,quest_query_data_metaverse,Quest,0,15198,,,,,,,96,,,,,,,,,,,,,
BIG SHOTS,,80,https://www.meta.com/en-gb/experiences/big-shots/6621849171203339/,https://www.meta.com/en-gb/experiences/big-shots/6621849171203339/,Yes,No,,,quest_query_data_social,Quest,19.99,47,,,,,,,82,,,,,,,,,,,,,
Bigscreen Beta,,1,https://www.bigscreenvr.com/,https://www.meta.com/en-gb/experiences/2497738113633933/,Yes,Yes,Yes,No,Google search,Meta,Free,"4,498",,,,,,,,,,,,,,,,,,,,
Bigscreen Beta,,15,https://www.bigscreenvr.com/,https://store.steampowered.com/app/457550/Bigscreen_Beta/?snr=1_7_7_151_150_1,Yes,Yes,Yes,No,steam_query_data_vr_multiplayer,Steam,Free,3068,,,,,,,85%,,,,,,,,,,,,,
Bigscreen Beta,,23,https://www.bigscreenvr.com/software,https://store.steampowered.com/app/457550/Bigscreen_Beta/?curator_clanid=4777282,Yes,Yes,Yes,No,SteamDB,Steam,Free,,,,,,,,,,,,,,,,,,,,,
Bigscreen Beta,,20,https://www.bigscreenvr.com/software,https://www.oculus.com/experiences/quest/2497738113633933/,Yes,Yes,Yes,No,QuestDB,Quest,Free,4439,,,,,,,,,,,,,,,,,,,,
Blacktop Hoops,,46,https://www.meta.com/en-gb/experiences/blacktop-hoops/4416817901687071/,https://www.meta.com/en-gb/experiences/blacktop-hoops/4416817901687071/,Yes,No,,,quest_query_data_social,Quest,29.99,19831,,,,,,,98,,,,,,,,,,,,,
Blaston,,33,https://www.resolutiongames.com/blaston,https://store.steampowered.com/app/1427890/Blaston/?snr=1_7_7_151_150_1,,No,,,steam_query_data_vr_multiplayer,Steam,,553,,,,,,,91%,,,,,,,,,,,,,
Blue Hill Gold Mine,,34,https://www.meta.com/en-gb/experiences/9465027033537283,https://www.meta.com/en-gb/experiences/9465027033537283,No,,,,quest_query_data_metaverse,Quest,,,,,,,,,0,,,,,,,,,,,,,
BMW M Hybrid V8,,67,-,https://store.steampowered.com/app/2973280/BMW_M_Hybrid_V8/?snr=1_7_7_151_150_2,,No,,,steam_query_data_vr_multiplayer,Steam,,56,,,,,,,89%,,,,,,,,,,,,,
BOSS FIGHTERS,,65,https://bossfighters.game/,https://store.steampowered.com/app/1784650/BOSS_FIGHTERS/?snr=1_7_7_151_150_2,,No,,,steam_query_data_vr_multiplayer,Steam,,0,,,,,,,-,,,,,,,,,,,,,
Bounce Shot,,63,https://www.meta.com/en-gb/experiences/bounce-shot/5315620021784200/,https://www.meta.com/en-gb/experiences/bounce-shot/5315620021784200/,Yes,No,,,quest_query_data_social,Quest,3.99,131,,,,,,,86,,,,,,,,,,,,,
Breakroom,,27,https://www.breakroom.net/,,No,,,,Google search,,,,,,,,,,,,,,,,,,,,,,,
Caliban Below,,73,-,https://store.steampowered.com/app/649890/Caliban_Below/?snr=1_7_7_151_150_2,,No,,,steam_query_data_vr_multiplayer,Steam,,215,,,,,,,93%,,,,,,,,,,,,,
Campfire,,70,https://www.meta.com/en-gb/experiences/campfire/6927340777330402/,https://www.meta.com/en-gb/experiences/campfire/6927340777330402/,Yes,No,,,quest_query_data_metaverse,Quest,0,34,,,,,,,76,,,,,,,,,,,,,
canVERSE,,26,https://store.steampowered.com/app/1710720/canVERSE/?snr=1_7_7_151_150_1,https://store.steampowered.com/app/1710720/canVERSE/?snr=1_7_7_151_150_1,,Yes,No,No,steam_query_data_metaverse,Steam,,25,,,,,,,68%,,,,,,,,,,,,,
Capsa,,28,-,https://store.steampowered.com/app/588120/Capsa/,No,No,,,Google search,Steam,Free,,,,,,,,,,,,,,,,,,,,,
Capuchin,,11,https://capuchinvr.com/,https://www.oculus.com/experiences/quest/5409297455797322/,Yes,Yes,Yes,No,QuestDB,Quest,Free,8570,,,,,,,,,,,,,,,,,,,,
Cards & Tankards,,30,https://cardsandtankards.com/,https://store.steampowered.com/app/1506850/Cards__Tankards/?snr=1_7_7_151_150_1,Yes,Yes,Yes,No,steam_query_data_vr_multiplayer,Steam,Free,769,,,,,,,89%,,,,,,,,,,,,,
Cards & Tankards,,52,https://www.meta.com/en-gb/experiences/cards-tankards/3073319699437112/,https://www.meta.com/en-gb/experiences/cards-tankards/3073319699437112/,Yes,Yes,Yes,No,quest_query_data_social,Quest,Free,1487,,,,,,,84,,,,,,,,,,,,,
Carly and the Reaperman,,62,https://www.meta.com/en-gb/experiences/carly-and-the-reaperman/3285668754893704/,https://www.meta.com/en-gb/experiences/carly-and-the-reaperman/3285668754893704/,Yes,No,,,quest_query_data_social,Quest,19.99,157,,,,,,,82,,,,,,,,,,,,,
Catan VR,,39,https://www.meta.com/en-gb/experiences/catan-vr/3882524545155280/,https://www.meta.com/en-gb/experiences/catan-vr/3882524545155280/,Yes,No,,,quest_query_data_social,Quest,14.99,482,,,,,,,78,,,,,,,,,,,,,
Cebus,,34,https://sites.google.com/view/sl-studios/home,https://www.oculus.com/experiences/quest/6404015439622172/,Yes,Yes,Yes,No,QuestDB,Quest,Free,2312,,,,,,,,,,,,,,,,,,,,
CGI™: The Game,,21,https://store.steampowered.com/app/2251930/CGI_The_Game/?snr=1_7_7_151_150_1,https://store.steampowered.com/app/2251930/CGI_The_Game/?snr=1_7_7_151_150_1,,No,,,steam_query_data_metaverse,Steam,,11,,,,,,,81%,,,,,,,,,,,,,
Chaos,,27,-,https://store.steampowered.com/app/1230410/Chaos/?snr=1_7_7_151_150_1,,No,,,steam_query_data_vr_multiplayer,Steam,,3862,,,,,,,88%,,,,,,,,,,,,,
Cheerio,,29,https://www.cheerioworld.com/,https://www.meta.com/en-gb/experiences/cheerio/3703371516396691/?utm_source=cheerioworld.com,No,Yes,,,Google search,Meta,,,,,,,,,,,,,,,,,,,,,,
Roblox,,7,https://www.roblox.com/,https://www.meta.com/en-gb/experiences/roblox/5804350719675181/,Yes,Yes,Yes,Yes,quest_query_data_metaverse,Quest,Free,7029,7029,-0.08344896219,728800000,1.07244505,0.9890,A2,76,,https://create.roblox.com/docs,https://www.codewizardshq.com/how-to-make-a-roblox-game/,https://www.youtube.com/@RobloxLevelUp,Custom,Uses Roblox Engine in Roblox Studio,full code,In the game engine using their own script editor with Luau programming language,Lua,Cloud,The experiences are managed in the Creator Dashboard,No peer review,"Creators are encouraged to provide guidelines, but there are no review process from the Roblox part"
ChilloutVR,,21,https://abinteractive.net/,https://store.steampowered.com/app/661130/ChilloutVR/?curator_clanid=4777282,Yes,Yes,Yes,Yes,SteamDB,Steam,Free,,,,,,,,,,,,,,,,,,,,,
ChilloutVR,,20,https://abinteractive.net/,https://store.steampowered.com/app/661130/ChilloutVR/?snr=1_7_7_151_150_1,Yes,Yes,Yes,Yes,steam_query_data_vr_multiplayer,Steam,Free,2332,,,,,,,81%,,,,,,,,,,,,,
ChilloutVR,,28,https://store.steampowered.com/app/1435530/ChilloutVR__Mature_Content_Access/?snr=1_7_7_151_150_1,https://store.steampowered.com/app/661130/ChilloutVR/,Yes,Yes,Yes,Yes,steam_query_data_metaverse,Steam,Free,103,,,,,,,97%,,,,,,,,,,,,,
chilloutvr,,13,https://abinteractive.net/,https://store.steampowered.com/app/661130/ChilloutVR/,Yes,Yes,Yes,Yes,Google search,Steam,Free,2330,,,,,,,,,,,,,,,,,,,,
Cisco Spark in VR,,30,-,https://www.meta.com/en-gb/experiences/pcvr/1902295399788566/,No,Yes,,,Google search,Meta,Not downloadable,,,,,,,,,,,,,,,,,,,,,
Cloud House - Virtual Arts Space,,57,https://store.steampowered.com/app/2206960/Cloud_House__Virtual_Arts_Space/?snr=1_7_7_151_150_2,https://store.steampowered.com/app/2206960/Cloud_House__Virtual_Arts_Space/?snr=1_7_7_151_150_2,,No,,,steam_query_data_metaverse,Steam,,0,,,,,,,-,,,,,,,,,,,,,
Yeeps: Hide and Seek,,2,https://godsofgravityvr.com/pages/yeeps-hide-and-seek,https://www.oculus.com/experiences/quest/7276525889052788/,Yes,Yes,Yes,Yes,QuestDB,Quest,Free,43140,43140,0.8739779036,3297,-0.1945214699,0.6795,A1,,Pay to create,,,https://www.youtube.com/watch?v=I8XVDyZVqNY,In-app,In vr app map creator and simple logic.,block-building,Simple logic block building capabilities. Similar to redstone in minecraft.,,Cloud,Publish a world in their cloud,No peer review,No information
COMICOMI VR云漫展,,205,-,https://store.steampowered.com/app/1681610/COMICOMI_VR/?curator_clanid=4777282,No,Yes,,,SteamDB,Steam,Free,,,,,,,,,,,,,,,,,,,,,
Community Garden,,32,-,https://store.steampowered.com/app/692530/Community_Garden/,Yes,,,,Google search,Steam,€8.19,28,,,,,,,,,,,,,,,,,,,,
Conductor: Creative Joy Engine,,74,-,https://store.steampowered.com/app/1518940/Conductor_Creative_Joy_Engine/?snr=1_7_7_151_150_2,,No,,,steam_query_data_vr_multiplayer,Steam,,55,,,,,,,85%,,,,,,,,,,,,,
Cook-Out,,48,https://www.meta.com/en-gb/experiences/cook-out/2004774962957063/,https://www.meta.com/en-gb/experiences/cook-out/2004774962957063/,Yes,No,,,quest_query_data_social,Quest,15.99,1167,,,,,,,90,,,,,,,,,,,,,
Cop Academy,,75,-,https://store.steampowered.com/app/982710/Cop_Academy/?snr=1_7_7_151_150_2,,No,,,steam_query_data_vr_multiplayer,Steam,,25,,,,,,,88%,,,,,,,,,,,,,
CoreVR,,91,https://corevr.co.uk/,https://store.steampowered.com/app/2864660/CoreVR/?curator_clanid=4777282,No,Yes,,,SteamDB,Steam,Free,,,,,,,,,,,,,,,,,,,,,
Covert Syndrome,,96,-,https://store.steampowered.com/app/589460/Covert_Syndrome/?snr=1_7_7_151_150_2,,No,,,steam_query_data_vr_multiplayer,Steam,,145,,,,,,,68%,,,,,,,,,,,,,
Cube Runners,,5,https://www.meta.com/en-gb/experiences/cube-runners/8390456747663346/,https://www.meta.com/en-gb/experiences/cube-runners/8390456747663346/,Yes,Yes,Yes,No,quest_query_data_social,Quest,Free,2106,,,,,,,82,,,,,,,,,,,,,
Cube Runners,,37,https://sites.google.com/view/cuberunners/home?authuser=0,https://www.oculus.com/experiences/quest/8390456747663346/,Yes,Yes,Yes,No,QuestDB,Quest,Free,2051,,,,,,,,,,,,,,,,,,,,
Curatours,,30,https://store.steampowered.com/app/1532110/Curatours/?snr=1_7_7_151_150_1,https://store.steampowered.com/app/1532110/Curatours/?snr=1_7_7_151_150_1,,No,,,steam_query_data_metaverse,Steam,,14,,,,,,,92%,,,,,,,,,,,,,
Dance Central,,49,https://www.dancecentral.com/,https://www.oculus.com/experiences/quest/2453152771391571/,Yes,Yes,Yes,No,QuestDB,Quest,Free,1377,,,,,,,,,,,,,,,,,,,,
Dance Central,,33,https://www.dancecentral.com/,https://www.meta.com/en-gb/experiences/dance-central/2453152771391571/,Yes,Yes,Yes,No,Google search,Meta,Free,,,,,,,,,,,,,"Custom, In-app",,full code,,JS,Self-hosted,,No peer review,
DAVIGO KNIGHT'S PASS,,40,https://www.davigogame.com/knightspass,https://store.steampowered.com/app/1116540/DAVIGO_VR_vs_PC/?snr=1_7_7_151_150_1,,No,,,steam_query_data_vr_multiplayer,Steam,,0,,,,,,,-,,,,,,,,,,,,,
DCS World Steam Edition,,3,https://www.digitalcombatsimulator.com/en/,https://store.steampowered.com/app/223750/DCS_World_Steam_Edition/?snr=1_7_7_151_150_1,,No,,,steam_query_data_vr_multiplayer,Steam,,34035,,,,,,,85%,,,,,,,,,,,,,
Dead and Buried II,,68,-,https://www.oculus.com/experiences/quest/2134077359973067/,Yes,Yes,,,QuestDB,Quest,Free,671,,,,,,,,,,,,,,,,,,,,
Death Damnation Demo,,53,https://store.steampowered.com/app/1915450/Death_Damnation__Zombies_Ghosts_and_Vampires/?snr=1_7_7_151_150_2,https://store.steampowered.com/app/1915450/Death_Damnation__Zombies_Ghosts_and_Vampires/?snr=1_7_7_151_150_2,,No,,,steam_query_data_metaverse,Steam,,0,,,,,,,-,,,,,,,,,,,,,
Death Game Hotel,,28,https://www.meta.com/en-gb/experiences/death-game-hotel/7371422382882960/,https://www.meta.com/en-gb/experiences/death-game-hotel/7371422382882960/,Yes,No,,,quest_query_data_social,Quest,19.99,38,,,,,,,92,,,,,Custom,,full code,,C#,Self-hosted,,No peer review,
Deisim,,90,https://www.meta.com/en-gb/experiences/deisim/3526702020710931/,https://www.meta.com/en-gb/experiences/deisim/3526702020710931/,Yes,No,,,quest_query_data_metaverse,Quest,14.99,1548,,,,,,,92,,,,,,,,,,,,,
GRAB,,7,https://grabvr.quest/,https://www.meta.com/en-gb/experiences/grab/4104088956355944/,Yes,Yes,Yes,Yes,quest_query_data_social,Quest,Free,10615,10615,0.01162823702,0,-0.1945272015,-0.1829,A2,98,Lack custom interaction/logic,-,-,https://www.youtube.com/watch?v=HVfMFUgSqaw,In-app,In-app editor provided with basic objects.,no scripting capabilities,-,,Cloud,The worlds are directly published inside the application,"possible further review, No peer review","No review to publish, but worlds can be verified later"
Derby,,22,https://www.meta.com/en-gb/experiences/derby/5981971501867491/,https://www.meta.com/en-gb/experiences/derby/5981971501867491/,Yes,No,Yes,Yes,quest_query_data_metaverse,Quest,0,454,,,,,,,84,,,,,,,,,,,,,
Desert Bus VR,,35,https://www.desertbusvr.com/,https://store.steampowered.com/app/638110/Desert_Bus_VR/?snr=1_7_7_151_150_1,,No,,,steam_query_data_vr_multiplayer,Steam,,1698,,,,,,,88%,,,,,,,,,,,,,
Devas Vs Asuras,,40,https://store.steampowered.com/app/2678790/Devas_Vs_Asuras/?snr=1_7_7_151_150_1,https://store.steampowered.com/app/2678790/Devas_Vs_Asuras/?snr=1_7_7_151_150_1,,No,,,steam_query_data_metaverse,Steam,,0,,,,,,,-,,,,,,,,,,,,,
Meta Horizon Worlds,,8,https://www.meta.com/en-gb/experiences/meta-horizon-worlds/2532035600194083/,https://www.meta.com/en-gb/experiences/meta-horizon-worlds/2532035600194083/,Yes,Yes,Yes,Yes,Google search,Meta,Free,"9,113","9,113",-0.02819495127,19610000,-0.160436469,-0.1886,A1,,,https://www.oculus.com/horizon-worlds/learn/,,https://www.youtube.com/watch?v=r8C7-AOEBhU,"In-app, Custom",In app custom tool. In 2025 Meta added a custom editor.,"visual scripting, full code","You can add scripts to event, objects and player. Added scripting capabilities in 2025",TS,Cloud,Worlds are published in Meta worlds tab.,"possible further review, Test Case",Self questionniare plus possible firther review.
Dimension10,,34,-,,No,,,,Google search,,,,,,,,,,,,,,,Game Engine + SDK,,full code,,,Self-hosted,,No peer review,
Disco Samurai Demo,,54,https://store.steampowered.com/app/2576410/Disco_Samurai/?snr=1_7_7_151_150_2,https://store.steampowered.com/app/2576410/Disco_Samurai/?snr=1_7_7_151_150_2,,No,,,steam_query_data_metaverse,Steam,,0,,,,,,,-,,,,,,,,,,,,,
Discovery,,230,-,https://store.steampowered.com/app/1530530/Discovery/?curator_clanid=4777282,No,Yes,,,SteamDB,Steam,Free,,,,,,,,,,,,,,,,,,,,,
District VR,,100,https://district.berlin/,https://store.steampowered.com/app/2732650/District_VR/?curator_clanid=4777282,No,Yes,,,SteamDB,Steam,Free,,,,,,,,,,,,,,,,,,,,,
Districts,,35,https://district.berlin/,https://store.steampowered.com/app/2732650/District_VR/,No,,,,Google search,Steam,-,,,,,,,,,,,,,,,,,,,,,
DiveReal,,36,-,https://store.steampowered.com/app/865200/DiveReal_inactive_stopped/,No,,,,Google search,Steam,Free,,,,,,,,,,,,,,,,,,,,,
Dodge the Wall!,,79,-,https://store.steampowered.com/app/1061600/Dodge_the_Wall/?snr=1_7_7_151_150_2,,No,,,steam_query_data_vr_multiplayer,Steam,,27,,,,,,,77%,,,,,,,,,,,,,
DOWNSHOT,,40,https://www.downshotvr.com/,https://www.oculus.com/experiences/quest/9166521666722742/,Yes,Yes,Yes,No,QuestDB,Quest,Free,1871,,,,,,,,,,,,,,,,,,,,
Dream,,37,https://shop.dreamos.ai/,#N/A,#N/A,No,,,Google search,#N/A,#N/A,,,,,,,,,,,,,,,,,,,,,
Drop In - VR F2P,,58,-,https://store.steampowered.com/app/1144800/Drop_In__VR_F2P/?curator_clanid=4777282,Yes,Yes,,,SteamDB,Steam,Free,,,,,,,,,,,,,,,,,,,,,
Drop In - VR F2P,,56,-,https://store.steampowered.com/app/1144800/Drop_In__VR_F2P/?snr=1_7_7_151_150_2,Yes,Yes,,,steam_query_data_vr_multiplayer,Steam,Free,568,,,,,,,82%,,,,,,,,,,,,,
Dungeon Full Dive: Player Edition,,54,-,https://store.steampowered.com/app/2839600/Dungeon_Full_Dive_Player_Edition/?snr=1_7_7_151_150_2,,No,,,steam_query_data_vr_multiplayer,Steam,,42,,,,,,,50%,,,,,,,,,,,,,
Eden,,227,-,https://store.steampowered.com/app/1229910/Eden/?curator_clanid=4777282,No,Yes,,,SteamDB,Steam,Free,,,,,,,,,,,,,,,,,,,,,
Edorble,,38,-,,No,,,,Google search,,,,,,,,,,,,,,,,,,,,,,,
Eleven Table Tennis,,42,https://www.meta.com/en-gb/experiences/eleven-table-tennis/1995434190525828/,https://www.meta.com/en-gb/experiences/eleven-table-tennis/1995434190525828/,Yes,No,,,quest_query_data_social,Quest,29.99,10179,,,,,,,92,,,,,,,,,,,,,
Elysium VR,,39,https://elysium.today/,,No,,,,Google search,,,,,,,,,,,,,,,,,,,,,,,
EmbodyMe,,40,https://vr.embodyme.com/,"https://www.meta.com/en-gb/experiences/pcvr/1400181626701009/?utm_source=vr.embodyme.com&utm_medium=oculusredirect
https://store.steampowered.com/app/604530/EmbodyMe_Beta/",Yes,Yes,Yes,No,Google search,"Meta
Steam","Free
Free",66,,,,,,,,,,,,,,,,,,,,
EmbodyMe,,69,https://embodyme.com/,https://store.steampowered.com/app/604530/EmbodyMe_Beta/?snr=1_7_7_151_150_2,Yes,Yes,Yes,No,steam_query_data_vr_multiplayer,Steam,Free,24,,,,,,,75%,,,,,,,,,,,,,
Endless Battlefield,,20,https://store.steampowered.com/app/1795880/Endless_Battlefield/?snr=1_7_7_151_150_1,https://store.steampowered.com/app/1795880/Endless_Battlefield/?snr=1_7_7_151_150_1,,No,,,steam_query_data_metaverse,Steam,,55,,,,,,,43%,,,,,,,,,,,,,
ENDLESS BECOMING - APARTMENT,,95,-,https://store.steampowered.com/app/1669160/ENDLESS_BECOMING__APARTMENT/?snr=1_7_7_151_150_2,,No,,,steam_query_data_vr_multiplayer,Steam,,82,,,,,,,75%,,,,,,,,,,,,,
Endless Riff,,41,https://www.meta.com/en-gb/experiences/pcvr/1221075024649062/,https://www.meta.com/en-gb/experiences/pcvr/1221075024649062/,No,,,,Google search,Meta,Free,,,,,,,,,,,,,,,,,,,,,
ENGAGE,,4,https://www.meta.com/en-gb/experiences/engage/3092079454190601/,https://www.meta.com/en-gb/experiences/engage/3092079454190601/,Yes,Yes,Yes,Yes,quest_query_data_metaverse,Quest,Free,140,,,,,,,72,,,,,,,,,,,,,
ENGAGE,,1,https://www.meta.com/en-gb/experiences/engage/3092079454190601/,https://www.meta.com/en-gb/experiences/engage/3092079454190601/,Yes,Yes,Yes,Yes,quest_query_data_social,Quest,Free,140,,,,,,,72,,,,,,,,,,,,,
Penguin Paradise,,21,http://www.savastudios.xyz/,https://www.oculus.com/experiences/quest/5817303821616533/,Yes,Yes,Yes,Yes,QuestDB,Quest,Free,4421,4421,-0.1525960162,0,-0.1945272015,-0.3471,A2,,Lack custom interaction/logic,-,-,https://www.youtube.com/watch?v=I6CMgSF96ek,In-app,In-app editor provided with objects.,no scripting capabilities,-,,Cloud,The worlds seems to be directly published inside the application,No peer review,No information about review.
ENGAGE,,15,https://engagevr.io/,https://store.steampowered.com/app/449130/ENGAGE/?snr=1_7_7_151_150_1,Yes,Yes,Yes,Yes,steam_query_data_metaverse,Steam,Free,76,,,,,,,82%,,,,,,,,,,,,,
ENGAGE,,134,https://engagevr.io/,https://www.oculus.com/experiences/quest/3092079454190601/,Yes,Yes,Yes,Yes,QuestDB,Quest,Free,140,,,,,,,,,,,,,,,,,,,,
Epic Roller Coasters,,18,https://b4t.games/,https://store.steampowered.com/app/787790/Epic_Roller_Coasters/?snr=1_7_7_151_150_1,,No,,,steam_query_data_vr_multiplayer,Steam,,656,,,,,,,64%,,,,,,,,,,,,,
EpicLive,,43,https://www.salin.co.kr/epiclive/sub/epicLive/sub01.html,,No,,,,Google search,,,,,,,,,,,,,,,,,,,,,,,
Eventual VR,,44,-,,No,,,,Google search,,,,,,,,,,,,,,,,,,,,,,,
Facebook (Beta),,26,https://www.meta.com/en-gb/experiences/facebook-beta/6126469507395223/,https://www.meta.com/en-gb/experiences/facebook-beta/6126469507395223/,Yes,No,,,quest_query_data_social,Quest,0,138,,,,,,,52,,,,,,,,,,,,,
Facebook Spaces,,46,https://www.facebook.com/spaces,,No,,,,Google search,,,,,,,,,,,,,,,,,,,,,,,
Felix & Paul Studios 2024,,58,https://www.meta.com/en-gb/experiences/felix-paul-studios-2024/25867502682848132/,https://www.meta.com/en-gb/experiences/felix-paul-studios-2024/25867502682848132/,Yes,No,,,quest_query_data_metaverse,Quest,0,4,,,,,,,80,,,,,,,,,,,,,
Figmin XR | Mixed Reality,,72,https://www.meta.com/en-gb/experiences/figmin-xr-mixed-reality/6849182851823457/,https://www.meta.com/en-gb/experiences/figmin-xr-mixed-reality/6849182851823457/,Yes,Yes,,,quest_query_data_social,Quest,19.99,143,,,,,,,88,,,,,,,,,,,,,
Figmin XR | Mixed Reality,,85,https://www.meta.com/en-gb/experiences/figmin-xr-mixed-reality/6849182851823457/,https://www.meta.com/en-gb/experiences/figmin-xr-mixed-reality/6849182851823457/,Yes,Yes,,,quest_query_data_metaverse,Quest,19.99,143,,,,,,,88,,,,,,,,,,,,,
First Person Tennis - The Real Tennis Simulator,,19,https://www.meta.com/en-gb/experiences/first-person-tennis-the-real-tennis-simulator/6119989094742166/,https://www.meta.com/en-gb/experiences/first-person-tennis-the-real-tennis-simulator/6119989094742166/,Yes,No,,,quest_query_data_metaverse,Quest,22.99,1098,,,,,,,82,,,,,,,,,,,,,
First Steps,,73,https://www.meta.com/en-gb/experiences/first-steps/1863547050392688/,https://www.meta.com/en-gb/experiences/first-steps/1863547050392688/,Yes,No,,,quest_query_data_social,Quest,0,1003,,,,,,,96,,,,,,,,,,,,,
First Steps for Quest 2,,61,https://www.meta.com/en-gb/experiences/first-steps-for-quest-2/3675568169182204/,https://www.meta.com/en-gb/experiences/first-steps-for-quest-2/3675568169182204/,Yes,No,,,quest_query_data_social,Quest,0,1588,,,,,,,94,,,,,,,,,,,,,
First Touch for Meta Quest Touch Pro controllers,,21,https://www.meta.com/en-gb/experiences/first-touch-for-meta-quest-touch-pro-controllers/5808929989145615/,https://www.meta.com/en-gb/experiences/first-touch-for-meta-quest-touch-pro-controllers/5808929989145615/,Yes,No,,,quest_query_data_social,Quest,0,85,,,,,,,82,,,,,,,,,,,,,
First Touch for Meta Quest Touch Pro controllers,,75,https://www.meta.com/en-gb/experiences/first-touch-for-meta-quest-touch-pro-controllers/5808929989145615/,https://www.meta.com/en-gb/experiences/first-touch-for-meta-quest-touch-pro-controllers/5808929989145615/,Yes,No,,,quest_query_data_metaverse,Quest,0,85,,,,,,,82,,,,,,,,,,,,,
Fish Game,,73,https://fishgamevr.com/,https://www.oculus.com/experiences/quest/6556848877722096/,Yes,No,,,QuestDB,Quest,Free,516,,,,,,,,,,,,,,,,,,,,
Flipside,,13,https://www.meta.com/en-gb/experiences/flipside/2305425142915253/,https://www.meta.com/en-gb/experiences/flipside/2305425142915253/,Yes,Yes,Yes,No,quest_query_data_social,Quest,Free,108,,,,,,,78,,,,,,,,,,,,,
Flipside,,5,https://www.meta.com/en-gb/experiences/flipside/2305425142915253/,https://www.meta.com/en-gb/experiences/flipside/2305425142915253/,Yes,Yes,Yes,No,quest_query_data_metaverse,Quest,Free,108,,,,,,,78,,,,,,,,,,,,,
Flipside,,157,https://www.flipsidexr.com/,https://www.oculus.com/experiences/quest/2305425142915253/,Yes,Yes,Yes,No,QuestDB,Quest,Free,105,,,,,,,,,,,,,,,,,,,,
Flowtropolis,,47,https://www.flowtropolis.se/,,No,,,,Google search,,,,,,,,,,,,,,,,,,,,,,,
Fly Dangerous,,42,-,https://store.steampowered.com/app/1781750/Fly_Dangerous/?snr=1_7_7_151_150_1,,No,,,steam_query_data_vr_multiplayer,Steam,,341,,,,,,,79%,,,,,,,,,,,,,
ForeVR,,48,https://www.forevrgames.com/,,,No,,,Google search,,,,,,,,,,,,,,,,,,,,,,,
ForeVR Cornhole,,74,https://www.meta.com/en-gb/experiences/forevr-cornhole/5011588462297991/,https://www.meta.com/en-gb/experiences/forevr-cornhole/5011588462297991/,Yes,No,,,quest_query_data_metaverse,Quest,0,512,,,,,,,82,,,,,,,,,,,,,
ForeVR Darts,,76,https://www.meta.com/en-gb/experiences/forevr-darts/3831620133609128/,https://www.meta.com/en-gb/experiences/forevr-darts/3831620133609128/,Yes,No,,,quest_query_data_social,Quest,9.99,592,,,,,,,80,,,,,,,,,,,,,
ForeVR Pool,,83,https://www.meta.com/en-gb/experiences/forevr-pool/4760607174068295/,https://www.meta.com/en-gb/experiences/forevr-pool/4760607174068295/,Yes,No,,,quest_query_data_social,Quest,19.99,623,,,,,,,78,,,,,,,,,,,,,
Fovos VR,,81,-,https://store.steampowered.com/app/576650/Fovos_VR/?snr=1_7_7_151_150_2,,No,,,steam_query_data_vr_multiplayer,Steam,,113,,,,,,,62%,,,,,,,,,,,,,
FPS Game: Dev Test,,29,-,https://store.steampowered.com/app/1901200/FPS_Game_Dev_Test/?snr=1_7_7_151_150_1,,No,,,steam_query_data_vr_multiplayer,Steam,,1397,,,,,,,85%,,,,,,,,,,,,,
Fracked,,62,https://www.meta.com/en-gb/experiences/fracked/8074885222534394/,https://www.meta.com/en-gb/experiences/fracked/8074885222534394/,Yes,No,,,quest_query_data_metaverse,Quest,17.99,21,,,,,,,92,,,,,,,,,,,,,
DigiGods: Build and Battle,,22,https://www.digigods.gg/,https://www.oculus.com/experiences/quest/6859397944122034/,Yes,Yes,Yes,Yes,QuestDB,Quest,Free,4170,4170,-0.1592508898,0,-0.1945272015,-0.3538,A1,,Lack custom interaction/logic,,,,In-app,in app from above world editor. Drag and drop objects.,no scripting capabilities,-,,Cloud,published as a map.,No peer review,No information.
Fruit Ninja 2,,52,https://www.meta.com/en-gb/experiences/fruit-ninja-2/4917905281646450/,https://www.meta.com/en-gb/experiences/fruit-ninja-2/4917905281646450/,Yes,No,,,quest_query_data_metaverse,Quest,24.99,150,,,,,,,82,,,,,,,,,,,,,
Fundamental Surgery,,50,https://fundamentalsurgery.com/,,,No,,,Google search,,,,,,,,,,,,,,,,,,,,,,,
Futurescape,,28,https://www.meta.com/en-gb/experiences/6371182992938672,https://www.meta.com/en-gb/experiences/6371182992938672,No,,,,quest_query_data_metaverse,Quest,,,,,,,,,100,,,,,,,,,,,,,
Galaxity,,51,https://www.galaxity.net/,"https://www.meta.com/en-gb/experiences/2337801553010648/
https://store.steampowered.com/app/1002890/Galaxity__Beta_VR/
https://store.steampowered.com/app/1805190/Galaxity__Korea_VR/",Yes,Yes,Yes,No,Google search,"Meta
Steam
Steam","Free
Free
Free",28,,,,,,,,,,,,,,,,,,,,
Galaxity : Bangkok VR,,218,-,https://store.steampowered.com/app/1650920/Galaxity__Bangkok_VR/?curator_clanid=4777282,No,Yes,,,SteamDB,Steam,Free,,,,,,,,,,,,,,,,,,,,,
Galaxity : Beta VR,,59,https://www.galaxity.net/,https://store.steampowered.com/app/1002890/Galaxity__Beta_VR/?snr=1_7_7_151_150_2,No,Yes,Yes,No,steam_query_data_vr_multiplayer,Steam,,20,,,,,,,85%,,,,,,,,,,,,,
Galaxity : Korea VR,,90,-,https://store.steampowered.com/app/1805190/Galaxity__Korea_VR/?snr=1_7_7_151_150_2,No,Yes,,,steam_query_data_vr_multiplayer,Steam,,11,,,,,,,72%,,,,,,,,,,,,,
Galaxity : Terminal21 VR,,186,-,https://store.steampowered.com/app/1881830/Galaxity__Terminal21_VR/?curator_clanid=4777282,No,Yes,,,SteamDB,Steam,Free,,,,,,,,,,,,,,,,,,,,,
Galaxy Kart,,60,https://www.meta.com/en-gb/experiences/galaxy-kart/5598654356882558/,https://www.meta.com/en-gb/experiences/galaxy-kart/5598654356882558/,Yes,No,,,quest_query_data_social,Quest,17.99,90,,,,,,,86,,,,,,,,,,,,,
Geekzonia,,52,-,,No,,,,Google search,,,,,,,,,,,,,,,,,,,,,,,
Ghostbusters: Rise of the Ghost Lord,,81,https://www.meta.com/en-gb/experiences/ghostbusters-rise-of-the-ghost-lord/4746232908818706/,https://www.meta.com/en-gb/experiences/ghostbusters-rise-of-the-ghost-lord/4746232908818706/,Yes,No,,,quest_query_data_social,Quest,29.99,540,,,,,,,80,,,,,,,,,,,,,
Glue,,53,https://glue.work/,,No,,,,Google search,,,,,,,,,,,,,,,,,,,,,,,
Go Clubbing,,219,https://www.clubmixed.com/go-clubbing/,https://store.steampowered.com/app/1627250/Go_Clubbing/?curator_clanid=4777282,No,Yes,,,SteamDB,Steam,Free,,,,,,,,,,,,,,,,,,,,,
Gods of Gravity,,11,https://www.meta.com/en-gb/experiences/gods-of-gravity/3919415921458774/,https://www.meta.com/en-gb/experiences/gods-of-gravity/3919415921458774/,Yes,No,,,quest_query_data_social,Quest,0,2026,,,,,,,88,,,,,,,,,,,,,
Gods of Gravity,,56,https://www.meta.com/en-gb/experiences/gods-of-gravity/3919415921458774/,https://www.meta.com/en-gb/experiences/gods-of-gravity/3919415921458774/,Yes,No,,,quest_query_data_metaverse,Quest,0,2026,,,,,,,88,,,,,,,,,,,,,
GOLF+,,78,https://www.meta.com/en-gb/experiences/golf/2412327085529357/,https://www.meta.com/en-gb/experiences/golf/2412327085529357/,Yes,No,,,quest_query_data_social,Quest,29.99,45260,,,,,,,96,,,,,,,,,,,,,
Google Earth VR,,13,https://arvr.google.com/,https://store.steampowered.com/app/348250/Google_Earth_VR/?snr=1_7_7_151_150_1,,No,,,steam_query_data_vr_multiplayer,Steam,,3815,,,,,,,94%,,,,,,,,,,,,,
Gorilla Tag,,43,https://www.meta.com/en-gb/experiences/gorilla-tag/4979055762136823/,https://www.meta.com/en-gb/experiences/gorilla-tag/4979055762136823/,Yes,No,,,quest_query_data_social,Quest,0,125441,,,,,,,92,,,,,,,,,,,,,
Remio,,19,https://www.remiovr.com/,https://www.meta.com/en-gb/experiences/remio/5120897861344596/,Yes,Yes,Yes,Yes,quest_query_data_social,Quest,Free,3517,3517,-0.1765641668,1845,-0.1945239941,-0.3711,A2,94,Like Minecraft where you can mine and put blocks. This is may not be a full editor.,-,-,https://www.youtube.com/watch?v=ATxd2NgtNeU,In-app,Minecraft-like (not an editor),no scripting capabilities,-,,Cloud,Seems like it only has public worlds where players can mine and put blocks.,No peer review,No information about review.
GRAB,,38,https://grabvr.quest/,https://store.steampowered.com/app/1701130/GRAB/?snr=1_7_7_151_150_1,Yes,No,Yes,Yes,steam_query_data_vr_multiplayer,Steam,Free,88,,,,,,,90%,,,,,,,,,,,,,
GRAB,,47,https://www.meta.com/en-gb/experiences/grab/4104088956355944/,https://www.meta.com/en-gb/experiences/grab/4104088956355944/,Yes,Yes,Yes,Yes,quest_query_data_metaverse,Quest,Free,10615,,,,,,,98,,,,,,,,,,,,,
Grapple Tournament,,93,https://www.grappletournament.com/,https://store.steampowered.com/app/1384320/Grapple_Tournament/?snr=1_7_7_151_150_2,,No,,,steam_query_data_vr_multiplayer,Steam,,335,,,,,,,91%,,,,,,,,,,,,,
Gravity League,,68,https://www.meta.com/en-gb/experiences/gravity-league/5934280436582748/,https://www.meta.com/en-gb/experiences/gravity-league/5934280436582748/,Yes,No,,,quest_query_data_social,Quest,0,425,,,,,,,86,,,,,,,,,,,,,
Gravity League,,68,https://www.meta.com/en-gb/experiences/gravity-league/5934280436582748/,https://www.meta.com/en-gb/experiences/gravity-league/5934280436582748/,Yes,No,,,quest_query_data_metaverse,Quest,0,425,,,,,,,86,,,,,,,,,,,,,
GT:VR,,150,-,https://store.steampowered.com/app/2234300/GTVR/?curator_clanid=4777282,Book,Yes,,,SteamDB,Steam,Free,,,,,,,,,,,,,,,,,,,,,
Gun Raiders,,18,https://gunraiders.com/,https://www.oculus.com/experiences/quest/3982869578392875/,Yes,Yes,Yes,No,QuestDB,Quest,Free,5412,,,,,,,,,,,,,,,,,,,,
Guru Gedara,,54,-,https://store.steampowered.com/app/701010/Gurugedara/?snr=1_7_7_151_150_1,,Yes,,,Google search,#N/A,#N/A,,,,,,,,,,,,,,,,,,,,,
Gurugedara,,50,-,https://store.steampowered.com/app/701010/Gurugedara/?snr=1_7_7_151_150_1,,Yes,,,steam_query_data_vr_multiplayer,Steam,,12,,,,,,,83%,,,,,,,,,,,,,
GYM CLASS - BASKETBALL VR,,41,https://www.meta.com/en-gb/experiences/gym-class-basketball-vr/3661420607275144/,https://www.meta.com/en-gb/experiences/gym-class-basketball-vr/3661420607275144/,Yes,No,,,quest_query_data_social,Quest,0,58382,,,,,,,98,,,,,,,,,,,,,
GYM CLASS - BASKETBALL VR,,41,https://www.meta.com/en-gb/experiences/gym-class-basketball-vr/3661420607275144/,https://www.meta.com/en-gb/experiences/gym-class-basketball-vr/3661420607275144/,Yes,No,,,quest_query_data_metaverse,Quest,0,58382,,,,,,,98,,,,,,,,,,,,,
Half + Half,,4,https://www.meta.com/en-gb/experiences/half-half/2035353573194060/,https://www.meta.com/en-gb/experiences/half-half/2035353573194060/,Yes,Yes,Yes,No,quest_query_data_social,Quest,Free,886,,,,,,,78,,,,,,,,,,,,,
Half + Half,,55,https://halfandhalf.fun/,https://www.meta.com/en-gb/experiences/2035353573194060/,Yes,Yes,Yes,No,Google search,Meta,Free,,,,,,,,,,,,,,,,,,,,,
Half + Half,,60,https://halfandhalf.fun/,https://www.oculus.com/experiences/quest/2035353573194060/,Yes,Yes,Yes,No,QuestDB,Quest,Free,885,,,,,,,,,,,,,,,,,,,,
Helios,,56,-,https://store.steampowered.com/app/1047640/Helios/,No,,,,Google search,Steam,,,,,,,,,,,,,,,,,,,,,,
HEMOSY and Project Polis,,57,-,#N/A,No,#N/A,,,Google search,#N/A,#N/A,,,,,,,,,,,,,,,,,,,,,
Hibow,,53,https://chesstar.com/hibowen.html,https://www.oculus.com/experiences/quest/3687705861311054/,Yes,Yes,No,No,QuestDB,Quest,Free,1110,,,,,,,,,,,,,,,,,,,,
High Fidelity,,58,https://www.highfidelity.com/,"https://www.meta.com/en-gb/experiences/pcvr/1255907384473836/
https://store.steampowered.com/app/390540/High_Fidelity/",No,,,,Google search,"Meta
Steam",Free,,,,,,,,,,,,,,,,,,,,,
Highway Madness,,78,-,https://store.steampowered.com/app/735460/Highway_Madness/?snr=1_7_7_151_150_2,,No,,,steam_query_data_vr_multiplayer,Steam,,46,,,,,,,69%,,,,,,,,,,,,,
Hoame,,78,https://www.meta.com/en-gb/experiences/hoame/6148239151883485/,https://www.meta.com/en-gb/experiences/hoame/6148239151883485/,Yes,No,,,quest_query_data_metaverse,Quest,0,249,,,,,,,68,,,,,,,,,,,,,
Home Legacy,,275,-,https://store.steampowered.com/app/394120/Home_Legacy/?curator_clanid=4777282,Yes,Yes,,,SteamDB,Steam,Free,445,,,,,,,,,,,,,,,,,,,,
Honeypot Espionage,,98,https://oldspace.pocketsizedhands.com/our-work/HoneypotEspionage/,https://store.steampowered.com/app/599780/Honeypot_Espionage/?snr=1_7_7_151_150_2,,No,,,steam_query_data_vr_multiplayer,Steam,,0,,,,,,,-,,,,,,,,,,,,,
Hoppin’,,59,https://hoppin.world/,https://www.meta.com/en-gb/experiences/hoppin/5105861412788569/?utm_source=hoppin.world&utm_medium=oculusredirect,Yes,Yes,Yes,No,Google search,Meta,Free,11,,,,,,,,,,,,,,,,,,,,
Horizon Venues,,60,-,https://www.meta.com/en-gb/experiences/3002729676463989/,No,,,,Google search,Meta,,,,,,,,,,,,,,,,,,,,,,
Horizon Workrooms,,61,https://forwork.meta.com/de/en/horizon-workrooms/,https://www.meta.com/en-gb/experiences/2514011888645651/?utm_source=forwork.meta.com&utm_medium=oculusredirect,Yes,Yes,Yes,No,Google search,Meta,Free,724,,,,,,,,,,,,,,,,,,,,
Horizon Workrooms,,64,https://forwork.meta.com/gb/horizon-workrooms/,https://www.oculus.com/experiences/quest/2514011888645651/,Yes,Yes,Yes,No,QuestDB,Quest,Free,711,,,,,,,,,,,,,,,,,,,,
Horror,,16,https://www.meta.com/en-gb/experiences/horror/6904307006303740/,https://www.meta.com/en-gb/experiences/horror/6904307006303740/,Yes,No,,,quest_query_data_social,Quest,0,116,,,,,,,86,,,,,,,,,,,,,
Horror,,12,https://www.meta.com/en-gb/experiences/horror/6904307006303740/,https://www.meta.com/en-gb/experiences/horror/6904307006303740/,Yes,No,,,quest_query_data_metaverse,Quest,0,116,,,,,,,86,,,,,,,,,,,,,
HUMANITY,,21,https://www.meta.com/en-gb/experiences/humanity/10019544428070674/,https://www.meta.com/en-gb/experiences/humanity/10019544428070674/,Yes,No,,,quest_query_data_metaverse,Quest,24.99,76,,,,,,,96,,,,,,,,,,,,,
Hypatia,,70,-,https://store.steampowered.com/app/401970/Hypatia/?snr=1_7_7_151_150_2,Yes,Yes,Yes,No,steam_query_data_vr_multiplayer,Steam,Free,52,,,,,,,71%,,,,,,,,,,,,,
Hypatia,,62,http://www.timefirevr.com/,"https://www.meta.com/en-gb/experiences/pcvr/1281935801880251/
https://store.steampowered.com/app/401970/Hypatia/",Yes,Yes,Yes,No,Google search,"Meta
Steam",Free,66,,,,,,,,,,,,,,,,,,,,
Hyper Dash,,25,https://www.hyperdashvr.com/,https://store.steampowered.com/app/1386890/Hyper_Dash/?snr=1_7_7_151_150_1,,No,,,steam_query_data_vr_multiplayer,Steam,,299,,,,,,,87%,,,,,,,,,,,,,
Hyper Online: Avatar VTuber Studio,,9,https://store.steampowered.com/app/2828790/Hyper_Online_Avatar_VTuber_Studio/?snr=1_7_7_151_150_1,https://store.steampowered.com/app/2828790/Hyper_Online_Avatar_VTuber_Studio/?snr=1_7_7_151_150_1,,No,,,steam_query_data_metaverse,Steam,,49,,,,,,,53%,,,,,,,,,,,,,
Hyperfair VR,,63,https://www.hyperfairplus.de/,,No,,,,Google search,,,,,,,,,,,,,,,,,,,,,,,
iB Cricket,,31,https://www.meta.com/en-gb/experiences/ib-cricket/5437449896288644/,https://www.meta.com/en-gb/experiences/ib-cricket/5437449896288644/,Yes,No,,,quest_query_data_metaverse,Quest,29.99,1305,,,,,,,90,,,,,,,,,,,,,
immerse,,11,https://immerse.io/,https://www.meta.com/en-gb/experiences/immerse-language-learning/3181432891940455/,Yes,No,,,Google search,#N/A,0,,,,,,,,,,,,,,,,,,,,,
Immerse - Language Learning,,25,https://www.meta.com/en-gb/experiences/immerse-language-learning/3181432891940455/,https://www.meta.com/en-gb/experiences/immerse-language-learning/3181432891940455/,Yes,No,,,quest_query_data_social,Quest,0,532,,,,,,,84,,,,,,,,,,,,,
Immerse - Language Learning,,26,https://www.meta.com/en-gb/experiences/immerse-language-learning/3181432891940455/,https://www.meta.com/en-gb/experiences/immerse-language-learning/3181432891940455/,Yes,No,,,quest_query_data_metaverse,Quest,0,532,,,,,,,84,,,,,,,,,,,,,
Immersed,,31,https://immersed.com/,https://www.oculus.com/experiences/quest/2849273531812512/,Yes,Yes,Yes,No,QuestDB,Quest,Free,2618,,,,,,,,,,,,,,,,,,,,
Immersion Sector,,199,-,https://store.steampowered.com/app/1676360/Immersion_Sector/?curator_clanid=4777282,No,Yes,,,SteamDB,Steam,Free,,,,,,,,,,,,,,,,,,,,,
Inlight Spark,,64,https://spark.inlight.ai/,https://www.meta.com/en-gb/experiences/pcvr/1515033125183820/,Yes,Yes,Yes,No,Google search,Meta,Free,10,,,,,,,,,,,,,,,,,,,,
Innerworld,,15,https://www.meta.com/en-gb/experiences/innerworld/5406767536033508/,https://www.meta.com/en-gb/experiences/innerworld/5406767536033508/,Yes,No,,,quest_query_data_social,Quest,Free,486,,,,,,,86,,,,,,,,,,,,,
InnerWorld,,65,https://www.inner.world/home/,https://www.meta.com/en-gb/experiences/5406767536033508/,Yes,No,,,Google search,Meta,Free,,,,,,,,,,,,,,,,,,,,,
Innerworld,,27,https://www.meta.com/en-gb/experiences/innerworld/5406767536033508/,https://www.meta.com/en-gb/experiences/innerworld/5406767536033508/,Yes,No,,,quest_query_data_metaverse,Quest,0,486,,,,,,,86,,,,,,,,,,,,,
Innerworld,,77,https://www.inner.world/home/,https://www.oculus.com/experiences/quest/5406767536033508/,Yes,Yes,,,QuestDB,Quest,Free,485,,,,,,,,,,,,,,,,,,,,
InsiteVR,,66,https://blog.insitevr.com/,,No,,,,Google search,,,,,,,,,,,,,,,,,,,,,,,
InSpaze,,67,https://hellospace.group/,https://apps.apple.com/us/app/inspaze/id6473711864?platform=vision,Yes,Yes,Yes,No,Google search,Apple,Free,37,,,,,,,,,,,,,,,,,,,,
Instagram (Beta),,24,https://www.meta.com/en-gb/experiences/instagram-beta/6102857836422862/,https://www.meta.com/en-gb/experiences/instagram-beta/6102857836422862/,Yes,No,,,quest_query_data_social,Quest,0,254,,,,,,,56,,,,,,,,,,,,,
IronWolf: Free Non-VR Edition,,23,https://www.ionized.tech/,https://store.steampowered.com/app/2530670/IronWolf_Free_NonVR_Edition/?snr=1_7_7_151_150_1,,No,,,steam_query_data_vr_multiplayer,Steam,,435,,,,,,,94%,,,,,,,,,,,,,
Joyverse,,56,https://www.meta.com/en-gb/experiences/joyverse/5547974825318365/,https://www.meta.com/en-gb/experiences/joyverse/5547974825318365/,Yes,Yes,,,quest_query_data_social,Quest,9.99,25,,,,,,,72,,,,,,,,,,,,,
Just Another Cooking Game,,11,https://www.meta.com/en-gb/experiences/just-another-cooking-game/6766207633442740/,https://www.meta.com/en-gb/experiences/just-another-cooking-game/6766207633442740/,Yes,No,,,quest_query_data_metaverse,Quest,0,106,,,,,,,72,,,,,,,,,,,,,
Kartoffl,,93,https://www.meta.com/en-gb/experiences/kartoffl/4725588970834544/,https://www.meta.com/en-gb/experiences/kartoffl/4725588970834544/,Yes,No,,,quest_query_data_metaverse,Quest,9.99,51,,,,,,,96,,,,,,,,,,,,,
Keep Talking and Nobody Explodes,,85,https://www.meta.com/en-gb/experiences/keep-talking-and-nobody-explodes/2010043642376517/,https://www.meta.com/en-gb/experiences/keep-talking-and-nobody-explodes/2010043642376517/,Yes,No,,,quest_query_data_social,Quest,14.99,563,,,,,,,90,,,,,,,,,,,,,
Kong,,59,https://sites.google.com/view/kongvr/home,https://www.oculus.com/experiences/quest/5930522500329653/,Yes,Yes,No,No,QuestDB,Quest,Free,885,,,,,,,,,,,,,,,,,,,,
KoreanWarMemorial,,16,https://store.steampowered.com/app/2252190/KoreanWarMemorial/?snr=1_7_7_151_150_1,https://store.steampowered.com/app/2252190/KoreanWarMemorial/?snr=1_7_7_151_150_1,,No,,,steam_query_data_metaverse,Steam,,17,,,,,,,82%,,,,,,,,,,,,,
KowloonVR,,229,-,https://store.steampowered.com/app/1522520/KowloonVR/?curator_clanid=4777282,No,Yes,,,SteamDB,Steam,Free,,,,,,,,,,,,,,,,,,,,,
LabTrainingVR: Personal Protective Equipment Edition,,97,https://reach.cdc.gov/course/labtrainingvr-personal-protective-equipment-ppe-edition,https://store.steampowered.com/app/1698290/LabTrainingVR_Personal_Protective_Equipment_Edition/?snr=1_7_7_151_150_2,,No,,,steam_query_data_vr_multiplayer,Steam,,15,,,,,,,100%,,,,,,,,,,,,,
Lavender,,68,https://lavendervr.com/,https://store.steampowered.com/app/886710/Lavender/,Yes,,,,Google search,Steam,€16.79,,,,,,,,,,,,,,,,,,,,,
LearnBrite,,69,https://www2.learnbrite.com/,,No,,,,Google search,,,,,,,,,,,,,,,,,,,,,,,
Little Cities,,81,https://www.meta.com/en-gb/experiences/little-cities/4988470131168299/,https://www.meta.com/en-gb/experiences/little-cities/4988470131168299/,Yes,No,,,quest_query_data_metaverse,Quest,19.99,675,,,,,,,90,,,,,,,,,,,,,
LiveLike,,70,-,,No,,,,Google search,,,,,,,,,,,,,,,,,,,,,,,
Lo-Fi Lounge,,88,-,https://store.steampowered.com/app/1513180/LoFi_Lounge/?snr=1_7_7_151_150_2,,Yes,,,steam_query_data_vr_multiplayer,Steam,,11,,,,,,,81%,,,,,,,,,,,,,
Loco Dojo Unleashed,,69,https://www.meta.com/en-gb/experiences/loco-dojo-unleashed/2097356583640894/,https://www.meta.com/en-gb/experiences/loco-dojo-unleashed/2097356583640894/,Yes,No,,,quest_query_data_social,Quest,19.99,174,,,,,,,76,,,,,,,,,,,,,
MageCosmos,,198,https://www.magecosmos.live/,https://store.steampowered.com/app/1617080/MageCosmos/?curator_clanid=4777282,No,Yes,,,SteamDB,Steam,Free,,,,,,,,,,,,,,,,,,,,,
MageCosmos,,47,https://store.steampowered.com/app/1617080/MageCosmos/?snr=1_7_7_151_150_1,https://store.steampowered.com/app/1617080/MageCosmos/?snr=1_7_7_151_150_1,No,Yes,,,steam_query_data_metaverse,Steam,Free,0,,,,,,,-,,,,,,,,,,,,,
MagicCraft,,12,https://store.steampowered.com/app/2395760/MagicCraft/?snr=1_7_7_151_150_1,https://store.steampowered.com/app/2395760/MagicCraft/?snr=1_7_7_151_150_1,,No,,,steam_query_data_metaverse,Steam,,67,,,,,,,76%,,,,,,,,,,,,,
Maloka,,42,https://www.meta.com/en-gb/experiences/maloka/4014704425248676/,https://www.meta.com/en-gb/experiences/maloka/4014704425248676/,Yes,No,,,quest_query_data_metaverse,Quest,0,478,,,,,,,80,,,,,,,,,,,,,
MalovMetaArt Metaverse,,3,https://store.steampowered.com/app/2224020/MalovMetaArt_Metaverse/?snr=1_7_7_151_150_1,https://store.steampowered.com/app/2224020/MalovMetaArt_Metaverse/?snr=1_7_7_151_150_1,,No,,,steam_query_data_metaverse,Steam,,27,,,,,,,81%,,,,,,,,,,,,,
Mannequin,,67,https://www.meta.com/en-gb/experiences/mannequin/7028027297235918/,https://www.meta.com/en-gb/experiences/mannequin/7028027297235918/,Yes,No,,,quest_query_data_social,Quest,19.99,197,,,,,,,94,,,,,,,,,,,,,
Manova,,71,-,,No,,,,Google search,,,,,,,,,,,,,,,,,,,,,,,
Many Worlds VR,,170,https://manyworldsvr.com/,https://store.steampowered.com/app/1496000/Many_Worlds_VR/?curator_clanid=4777282,No,Yes,,,SteamDB,Steam,Free,,,,,,,,,,,,,,,,,,,,,
Many Worlds VR,,44,https://store.steampowered.com/app/1496000/Many_Worlds_VR/?snr=1_7_7_151_150_1,https://store.steampowered.com/app/1496000/Many_Worlds_VR/?snr=1_7_7_151_150_1,No,Yes,,,steam_query_data_metaverse,Steam,Free,0,,,,,,,-,,,,,,,,,,,,,
MarineVerse Cup,,77,https://www.meta.com/en-gb/experiences/marineverse-cup/2465388190184288/,https://www.meta.com/en-gb/experiences/marineverse-cup/2465388190184288/,Yes,No,,,quest_query_data_social,Quest,19.99,177,,,,,,,88,,,,,,,,,,,,,
Masterpiece X,,13,https://www.meta.com/en-gb/experiences/masterpiece-x/5502306219889537/,https://www.meta.com/en-gb/experiences/masterpiece-x/5502306219889537/,Yes,No,,,quest_query_data_metaverse,Quest,0,45,,,,,,,64,,,,,,,,,,,,,
MasterpieceVR,,72,https://masterpiecestudio.com/,"https://www.meta.com/en-gb/experiences/pcvr/361221470668584/
https://store.steampowered.com/app/504650/MasterpieceVR/",No,,,,Google search,"Meta
Steam","Not downloadable
Not downloadable",,,,,,,,,,,,,,,,,,,,,
MAYA: The Birth of a Superhero,,66,https://www.meta.com/en-gb/experiences/maya-the-birth-of-a-superhero/8508005729209838/,https://www.meta.com/en-gb/experiences/maya-the-birth-of-a-superhero/8508005729209838/,Yes,No,,,quest_query_data_metaverse,Quest,0,102,,,,,,,64,,,,,,,,,,,,,
McOsu,,11,-,https://store.steampowered.com/app/607260/McOsu/?snr=1_7_7_151_150_1,,No,,,steam_query_data_vr_multiplayer,Steam,,6005,,,,,,,88%,,,,,,,,,,,,,
"Medicalholodeck. Anatomy, Medical Imaging (DICOM), and Automatic Segmentation in VR and AR. For Medical Education and Professionals.",,25,https://store.steampowered.com/app/754010/Medicalholodeck_Anatomy_Medical_Imaging_DICOM_and_Automatic_Segmentation_in_VR_and_AR_For_Medical_Education_and_Professionals/?snr=1_7_7_151_150_1,https://store.steampowered.com/app/754010/Medicalholodeck_Anatomy_Medical_Imaging_DICOM_and_Automatic_Segmentation_in_VR_and_AR_For_Medical_Education_and_Professionals/?snr=1_7_7_151_150_1,,No,,,steam_query_data_metaverse,Steam,,53,,,,,,,75%,,,,,,,,,,,,,
meetingRoom,,73,-,,No,,,,Google search,,,,,,,,,,,,,,,,,,,,,,,
MeetinVR,,14,https://www.meta.com/en-gb/experiences/meetinvr/1760132027421053/,https://www.meta.com/en-gb/experiences/meetinvr/1760132027421053/,Yes,Yes,Yes,No,quest_query_data_metaverse,Quest,Free,86,,,,,,,70,,,,,,,,,,,,,
MeetinVR,,3,https://www.meta.com/en-gb/experiences/meetinvr/1760132027421053/,https://www.meta.com/en-gb/experiences/meetinvr/1760132027421053/,Yes,Yes,Yes,No,quest_query_data_social,Quest,Free,86,,,,,,,70,,,,,,,,,,,,,
MeetinVR,,74,https://www.meetinvr.com/,"https://www.meetinvr.com/download/
https://www.meta.com/en-gb/experiences/1760132027421053/",Yes,Yes,Yes,No,Google search,"Main page
Meta","Free
Free",,,,,,,,,,,,,,,,,,,,,
MeetinVR,,173,https://www.meetinvr.com/,https://www.oculus.com/experiences/quest/1760132027421053/,Yes,Yes,Yes,No,QuestDB,Quest,Free,86,,,,,,,,,,,,,,,,,,,,
MEs,,46,https://store.steampowered.com/app/2361710/MEs/?snr=1_7_7_151_150_1,https://store.steampowered.com/app/2361710/MEs/?snr=1_7_7_151_150_1,No,Yes,,,steam_query_data_metaverse,Steam,,0,,,,,,,-,,,,,,,,,,,,,
Meta Horizon Terrace,,9,https://www.meta.com/en-gb/experiences/23954694280811521,https://www.meta.com/en-gb/experiences/23954694280811521,No,,,,quest_query_data_metaverse,Quest,,,,,,,,,100,,,,,,,,,,,,,
ChilloutVR,,8,https://abinteractive.net/,https://store.steampowered.com/app/661130/ChilloutVR/?snr=1_7_7_151_150_1,Yes,Yes,Yes,Yes,steam_query_data_metaverse,Steam,Free,2332,2332,-0.2079825943,13447,-0.1945038247,-0.4025,A1,81%,,,,https://www.youtube.com/watch?v=OatATrRSO2A,Game Engine + SDK,Unity + their SDK,full code,Script in C#,C#,Cloud,World are uploaded to their server.,"Test Case, possible further review",Automatic Security checks when uploading world.
Meta Horizon Worlds,,2,https://www.meta.com/en-gb/experiences/meta-horizon-worlds/2532035600194083/,https://www.meta.com/en-gb/experiences/meta-horizon-worlds/2532035600194083/,Yes,Yes,Yes,Yes,quest_query_data_metaverse,Quest,Free,9082,,,,,,,72,,,,,,,,,,,,,
Meta Horizon Worlds,,42,https://www.oculus.com/,https://www.oculus.com/experiences/quest/3002729676463989/,Yes,Yes,Yes,Yes,QuestDB,Quest,Free,1721,,,,,,,,,,,,,,,,,,,,
Meta Horizon Worlds,,84,https://www.meta.com/en-gb/experiences/meta-horizon-worlds/2532035600194083/,https://www.meta.com/en-gb/experiences/meta-horizon-worlds/2532035600194083/,Yes,Yes,Yes,Yes,quest_query_data_social,Quest,Free,9082,,,,,,,72,,,,,,,,,,,,,
Meta Horizon Worlds,,10,https://horizon.meta.com/,https://www.oculus.com/experiences/quest/2532035600194083/,Yes,Yes,Yes,Yes,QuestDB,Quest,Free,8683,,,,,,,,,,,,,,,,,,,,
Meta Quest TV,,45,-,https://www.oculus.com/experiences/quest/1931356740318898/,Yes,No,,,QuestDB,Quest,Free,1626,,,,,,,,,,,,,,,,,,,,
Metaisland,,38,https://store.steampowered.com/app/1782180/Metaisland/?snr=1_7_7_151_150_1,https://store.steampowered.com/app/1782180/Metaisland/?snr=1_7_7_151_150_1,No,,,,steam_query_data_metaverse,Steam,,0,,,,,,,-,,,,,,,,,,,,,
Metaverse Construction Kit,,2,https://store.steampowered.com/app/422630/Metaverse_Construction_Kit/?snr=1_7_7_151_150_1,https://store.steampowered.com/app/422630/Metaverse_Construction_Kit/?snr=1_7_7_151_150_1,,No,,,steam_query_data_metaverse,Steam,,226,,,,,,,67%,,,,,,,,,,,,,
Metaverse Keeper Demo,,5,https://store.steampowered.com/app/698870/Metaverse_Keeper/?snr=1_7_7_151_150_1,https://store.steampowered.com/app/698870/Metaverse_Keeper/?snr=1_7_7_151_150_1,,No,,,steam_query_data_metaverse,Steam,,0,,,,,,,-,,,,,,,,,,,,,
Neos VR,,14,https://neos.com/,https://store.steampowered.com/app/740250/Neos_VR/,Yes,Yes,Yes,Yes,Google search,Steam,Free,2245,2245,-0.2102892636,6153,-0.1945165049,-0.4048,A2,,,https://wiki.neosvr.com/Main_Page,https://hackmd.io/@kohx/Syj3OwQJp,https://www.youtube.com/@Frooxius,In-app,In-app custom creator tool,visual scripting,In-app with LogiX language,,"Cloud, Self-hosted",Can choose to host world in cloud or self-hosted,No peer review,Only need to submit world orb.
MikoVerse,,93,-,https://store.steampowered.com/app/1914710/MikoVerse/?curator_clanid=4777282,Book,Yes,,,SteamDB,Steam,Free,,,,,,,,,,,,,,,,,,,,,
Mindset,,40,https://www.meta.com/en-gb/experiences/mindset/5981642121902237/,https://www.meta.com/en-gb/experiences/mindset/5981642121902237/,Yes,No,,,quest_query_data_metaverse,Quest,9.99,33,,,,,,,70,,,,,,,,,,,,,
MiRacle Pool,,58,https://www.meta.com/en-gb/experiences/miracle-pool/7067612163334384/,https://www.meta.com/en-gb/experiences/miracle-pool/7067612163334384/,Yes,No,,,quest_query_data_social,Quest,14.99,925,,,,,,,96,,,,,,,,,,,,,
MiRacle Pool,,71,https://www.meta.com/en-gb/experiences/miracle-pool/7067612163334384/,https://www.meta.com/en-gb/experiences/miracle-pool/7067612163334384/,Yes,No,,,quest_query_data_metaverse,Quest,14.99,925,,,,,,,96,,,,,,,,,,,,,
Mist Slayer Demo,,60,https://store.steampowered.com/app/2088650/Mist_Slayer/?snr=1_7_7_151_150_2,https://store.steampowered.com/app/2088650/Mist_Slayer/?snr=1_7_7_151_150_2,,No,,,steam_query_data_metaverse,Steam,,0,,,,,,,-,,,,,,,,,,,,,
Mistika VR Connect,,20,https://www.meta.com/en-gb/experiences/mistika-vr-connect/6042872962404291/,https://www.meta.com/en-gb/experiences/mistika-vr-connect/6042872962404291/,Yes,No,,,quest_query_data_metaverse,Quest,0,14,,,,,,,68,,,,,,,,,,,,,
MLK: Now is the Time,,88,https://www.meta.com/en-gb/experiences/mlk-now-is-the-time/4790561384366997/,https://www.meta.com/en-gb/experiences/mlk-now-is-the-time/4790561384366997/,Yes,No,,,quest_query_data_metaverse,Quest,0,96,,,,,,,80,,,,,,,,,,,,,
Modules,,31,https://store.steampowered.com/app/2266160/Modules/?snr=1_7_7_151_150_1,https://store.steampowered.com/app/2266160/Modules/?snr=1_7_7_151_150_1,,No,,,steam_query_data_metaverse,Steam,,47,,,,,,,82%,,,,,,,,,,,,,
Monke Buddys,,62,https://sites.google.com/view/monkebuddysvr/home,https://www.oculus.com/experiences/quest/5282789891825317/,Yes,Yes,No,No,QuestDB,Quest,Free,729,,,,,,,,,,,,,,,,,,,,
Monkey Doo,,36,https://www.meta.com/en-gb/experiences/monkey-doo/5635852399856124/,https://www.meta.com/en-gb/experiences/monkey-doo/5635852399856124/,Yes,No,,,quest_query_data_social,Quest,0,7236,,,,,,,92,,,,,,,,,,,,,
Monkey Doo,,44,https://www.meta.com/en-gb/experiences/monkey-doo/5635852399856124/,https://www.meta.com/en-gb/experiences/monkey-doo/5635852399856124/,Yes,No,,,quest_query_data_metaverse,Quest,0,7236,,,,,,,92,,,,,,,,,,,,,
Monkey Mischief,,69,https://grpgames.com/,https://store.steampowered.com/app/3098490/Monkey_Mischief/?curator_clanid=4777282,No,Yes,,,SteamDB,Steam,Free,,,,,,,,,,,,,,,,,,,,,
Monkey Mischief,,54,https://www.meta.com/en-gb/experiences/monkey-mischief/5077064592389695/,https://www.meta.com/en-gb/experiences/monkey-mischief/5077064592389695/,Yes,No,,,quest_query_data_metaverse,Quest,Free,2680,,,,,,,68,,,,,,,,,,,,,
Monkey Mischief,,29,https://grpgames.com/,https://www.oculus.com/experiences/quest/5077064592389695/,Yes,Yes,,,QuestDB,Quest,Free,2676,,,,,,,,,,,,,,,,,,,,
Monkeys Place,,39,https://luwigames.com/index.html,https://www.oculus.com/experiences/quest/6198284860201271/,Yes,Yes,Yes,No,QuestDB,Quest,Free,1902,,,,,,,,,,,,,,,,,,,,
Monkeys Place,,18,https://www.meta.com/en-gb/experiences/monkeys-place/6198284860201271/,https://www.meta.com/en-gb/experiences/monkeys-place/6198284860201271/,Yes,No,Yes,No,quest_query_data_metaverse,Quest,Free,1926,,,,,,,86,,,,,,,,,,,,,
Monkeys Realm,,48,https://luwigames.com/,https://www.oculus.com/experiences/quest/5764893640283538/,Yes,Yes,Yes,No,QuestDB,Quest,Free,1428,,,,,,,,,,,,,,,,,,,,
Mountain Study,,8,https://www.meta.com/en-gb/experiences/5077315605654672,https://www.meta.com/en-gb/experiences/5077315605654672,No,,,,quest_query_data_metaverse,Quest,,,,,,,,,74,,,,,,,,,,,,,
Mozilla Hubs,,6,-,#N/A,No,Yes,,,Google search,#N/A,#N/A,,,,,,,,,,,,,,,,,,,,,
MultiBrush,,35,https://www.meta.com/en-gb/experiences/multibrush/3438333449611263/,https://www.meta.com/en-gb/experiences/multibrush/3438333449611263/,Yes,No,,,quest_query_data_social,Quest,19.99,133,,,,,,,84,,,,,,,,,,,,,
Villa: AI Creation & Collaboration,,36,https://www.villa.rocks/,https://www.oculus.com/experiences/quest/4784171281624823/,Yes,Yes,Yes,Yes,QuestDB,Quest,Free,2192,2192,-0.211694476,1652,-0.1945243296,-0.4062,A1,,PAID,,,,,,,,,,,,
Multiverse,,29,https://www.meta.com/en-gb/experiences/multiverse/1976071352472244/,https://www.meta.com/en-gb/experiences/multiverse/1976071352472244/,Yes,No,Yes,Yes,quest_query_data_social,Quest,Free,1001,,,,,,,70,,,,,,,,,,,,,
Multiverse,,56,https://www.multiverseupdates.com/,https://www.oculus.com/experiences/quest/1976071352472244/,Yes,Yes,Yes,Yes,QuestDB,Quest,Free,992,,,,,,,,,,,,,,,,,,,,
Museum of Other Realities,,37,https://www.museumor.com/,https://store.steampowered.com/app/613900/Museum_of_Other_Realities/?snr=1_7_7_151_150_1,,Yes,Yes,No,steam_query_data_vr_multiplayer,Steam,,403,,,,,,,91%,,,,,,,,,,,,,
Museum of Other Realities,,76,https://www.museumor.com/,https://store.steampowered.com/app/613900/Museum_of_Other_Realities/?snr=1_7_7_151_150_1,,Yes,Yes,No,Google search,,,,,,,,,,,,,,,,,,,,,,,
MYX,,184,https://gamejolt.com/@FunderStudios,https://www.oculus.com/experiences/quest/8008994102505637/,Yes,Yes,Yes,No,QuestDB,Quest,Free,80,,,,,,,,,,,,,,,,,,,,
Naer,,77,https://www.meta.com/en-gb/experiences/naer/3758954627491820/,https://www.meta.com/en-gb/experiences/naer/3758954627491820/,Yes,Yes,Yes,No,quest_query_data_metaverse,Quest,0,31,,,,,,,92,,,,,,,,,,,,,
Nanome,,48,https://www.meta.com/en-gb/experiences/nanome/2038368596280231/,https://www.meta.com/en-gb/experiences/nanome/2038368596280231/,Yes,No,,,quest_query_data_metaverse,Quest,Free,23,,,,,,,76,,,,,,,,,,,,,
Nanome,,77,https://nanome.ai/,https://www.meta.com/en-gb/experiences/nanome/2038368596280231/,Yes,No,,,Google search,,Free,,,,,,,,,,,,,,,,,,,,,
Nemesis Perspective,,47,-,https://store.steampowered.com/app/537140/Nemesis_Perspective/?snr=1_7_7_151_150_1,,No,,,steam_query_data_vr_multiplayer,Steam,,130,,,,,,,89%,,,,,,,,,,,,,
AltspaceVR,,54,http://www.altvr.com/,https://www.oculus.com/experiences/quest/2133027990157329/,Yes,Yes,Yes,Yes,QuestDB,Quest,Free,1106,1106,-0.2404880729,1307,-0.1945249293,-0.4350,A2,,Shutted down,,,,,,,,,,,,
Resonite,,16,https://resonite.com/,https://store.steampowered.com/app/2519830/Resonite/?snr=1_7_7_151_150_1,Yes,Yes,Yes,Yes,steam_query_data_vr_multiplayer,Steam,Free,1041,1041,-0.2422114465,118901,-0.1943204997,-0.4365,A2,82%,,https://wiki.resonite.com/Main_Page#Creation_&_Technical,https://protoflux.wiki/#/,https://www.youtube.com/playlist?list=PL8Q4ZMU6BghtpoSR3t9n_EgR3kZrEsK-i,In-app,In-app editor.,visual scripting,In-app with Protoflux language,,Cloud,The worlds are directly published inside the application,No peer review,No review.
Neos VR,,51,-,https://store.steampowered.com/app/740250/Neos_VR/?curator_clanid=4777282,Yes,Yes,Yes,Yes,SteamDB,Steam,Free,,,,,,,,,,,,,,,,,,,,,
Neos VR,,29,https://store.steampowered.com/app/740250/Neos_VR/?snr=1_7_7_151_150_1,https://store.steampowered.com/app/740250/Neos_VR/?snr=1_7_7_151_150_1,Yes,Yes,Yes,Yes,steam_query_data_metaverse,Steam,Free,2246,,,,,,,54%,,,,,,,,,,,,,
Nero Score - PC benchmark & performance test,,13,https://store.steampowered.com/app/1942030/Nero_Score__PC_benchmark__performance_test/?snr=1_7_7_151_150_1,https://store.steampowered.com/app/1942030/Nero_Score__PC_benchmark__performance_test/?snr=1_7_7_151_150_1,,No,,,steam_query_data_metaverse,Steam,,19,,,,,,,52%,,,,,,,,,,,,,
Neutrans,,78,http://neutrans.space,"https://www.meta.com/en-gb/experiences/pcvr/484255391698530/
https://store.steampowered.com/app/690690/NEUTRANS/",Yes,Yes,Yes,No,Google search,"Meta
Steam","Not downloadable
Free",0,,,,,,,,,,,,,,,,,,,,
NeverRage Demo,,56,https://store.steampowered.com/app/1761730/NeverRage/?snr=1_7_7_151_150_2,https://store.steampowered.com/app/1761730/NeverRage/?snr=1_7_7_151_150_2,,No,,,steam_query_data_metaverse,Steam,,0,,,,,,,-,,,,,,,,,,,,,
NHL SENSE ARENA,,69,https://www.meta.com/en-gb/experiences/nhl-sense-arena/3454538864674405/,https://www.meta.com/en-gb/experiences/nhl-sense-arena/3454538864674405/,Yes,No,,,quest_query_data_metaverse,Quest,0,544,,,,,,,80,,,,,,,,,,,,,
No More Rainbows,,14,https://www.meta.com/en-gb/experiences/no-more-rainbows/5446476285387663/,https://www.meta.com/en-gb/experiences/no-more-rainbows/5446476285387663/,Yes,No,,,quest_query_data_social,Quest,19.99,5865,,,,,,,96,,,,,,,,,,,,,
Noclip VR,,10,https://www.meta.com/en-gb/experiences/noclip-vr/5407386572706843/,https://www.meta.com/en-gb/experiences/noclip-vr/5407386572706843/,Yes,No,,,quest_query_data_metaverse,Quest,0,5201,,,,,,,90,,,,,,,,,,,,,
Noda,,86,https://noda.io/,https://store.steampowered.com/app/578060/Noda/?snr=1_7_7_151_150_2,Yes,No,,,steam_query_data_vr_multiplayer,Steam,Free,38,,,,,,,86%,,,,,,,,,,,,,
Noda,,92,https://www.meta.com/en-gb/experiences/noda/3916601848368970/,https://www.meta.com/en-gb/experiences/noda/3916601848368970/,Yes,No,,,quest_query_data_metaverse,Quest,Free,183,,,,,,,70,,,,,,,,,,,,,
NOYS VR,,79,https://www.noysvr.com/,,No,,,,Google search,,,,,,,,,,,,,,,,,,,,,,,
Oasis,,80,-,https://store.steampowered.com/app/1163130/Oasis_VR/,Yes,Yes,,,Google search,Steam,Free,1884,,,,,,,,,,,,,,,,,,,,
Oasis VR,,61,-,https://store.steampowered.com/app/1163130/Oasis_VR/?snr=1_7_7_151_150_2,,Yes,,,steam_query_data_vr_multiplayer,Steam,,1885,,,,,,,84%,,,,,,,,,,,,,
Oculus Home,,81,-,#N/A,#N/A,No,,,Google search,#N/A,#N/A,,,,,,,,,,,,,,,,,,,,,
Oculus Rooms,,82,-,https://www.meta.com/en-gb/experiences/1101959559889232/,,No,,,Google search,Meta,Not downloadable,,,,,,,,,,,,,,,,,,,,,
On The Morning You Wake (To the End of The World),,57,https://www.meta.com/en-gb/experiences/on-the-morning-you-wake-to-the-end-of-the-world/5334662579895130/,https://www.meta.com/en-gb/experiences/on-the-morning-you-wake-to-the-end-of-the-world/5334662579895130/,Yes,No,,,quest_query_data_metaverse,Quest,0,284,,,,,,,82,,,,,,,,,,,,,
One-armed cook,,8,-,https://store.steampowered.com/app/1977530/Onearmed_cook/?snr=1_7_7_151_150_1,,No,,,steam_query_data_vr_multiplayer,Steam,,24426,,,,,,,92%,,,,,,,,,,,,,
OrbusVR: Reborn,,59,https://www.meta.com/en-gb/experiences/orbusvr-reborn/2352932654734987/,https://www.meta.com/en-gb/experiences/orbusvr-reborn/2352932654734987/,Yes,No,,,quest_query_data_social,Quest,19.99,2068,,,,,,,78,,,,,,,,,,,,,
Out of Scale: A Kurzgesagt Adventure,,66,https://www.meta.com/en-gb/experiences/out-of-scale-a-kurzgesagt-adventure/7270665009617359/,https://www.meta.com/en-gb/experiences/out-of-scale-a-kurzgesagt-adventure/7270665009617359/,Yes,No,,,quest_query_data_social,Quest,14.99,105,,,,,,,82,,,,,,,,,,,,,
Overload Playable Teaser 3.0,,63,-,https://store.steampowered.com/app/450220/Overload_Playable_Teaser_30/?snr=1_7_7_151_150_2,,No,,,steam_query_data_vr_multiplayer,Steam,,670,,,,,,,94%,,,,,,,,,,,,,
Multiverse,,1,https://www.multiverseupdates.com/,https://www.meta.com/en-gb/experiences/multiverse/1976071352472244/,Yes,Yes,Yes,Yes,quest_query_data_metaverse,Quest,Free,1001,1001,-0.2432719842,3783,-0.194520625,-0.4378,A2,70,,https://www.multiverseupdates.com/metaverse-guide,-,-,In-app,Very limited things that can be customized (images or videos panels inside rooms and plot structures based on given 3D models; not really an editor),no scripting capabilities,-,,Cloud,The worlds are directly published inside the application,No peer review,No information about review.
Oxford Medical Simulation,,84,https://oxfordmedicalsimulation.com/,,,No,,,Google search,,,,,,,,,,,,,,,,,,,,,,,
Paintball Playground,,48,https://paintball-playground-vr.xsolla.site/,https://store.steampowered.com/app/2808630/Paintball_Playground/?snr=1_7_7_151_150_1,Yes,No,,,steam_query_data_vr_multiplayer,Steam,Free,33,,,,,,,54%,,,,,,,,,,,,,
Paintball Playground,,32,https://www.meta.com/en-gb/experiences/paintball-playground/5804418539661677/,https://www.meta.com/en-gb/experiences/paintball-playground/5804418539661677/,Yes,No,,,quest_query_data_metaverse,Quest,Free,306,,,,,,,80,,,,,,,,,,,,,
Painting VR,,82,https://www.meta.com/en-gb/experiences/painting-vr/3106117596158066/,https://www.meta.com/en-gb/experiences/painting-vr/3106117596158066/,Yes,No,,,quest_query_data_metaverse,Quest,19.99,616,,,,,,,86,,,,,,,,,,,,,
Paper Play VR,,87,https://www.studiomoondowner.com/paper-play-vr,https://store.steampowered.com/app/2601840/Paper_Play_VR/?curator_clanid=4777282,Demo,Yes,,,SteamDB,Steam,Free,,,,,,,,,,,,,,,,,,,,,
Pararea,,35,http://www.pararea.com/,https://store.steampowered.com/app/671310/ParareaSocial_VR_for_Everyone_Beta/?snr=1_7_7_151_150_1,Yes,Yes,Yes,No,steam_query_data_metaverse,Steam,Free,41,,,,,,,56%,,,,,,,,,,,,,
Pararea,,85,http://www.pararea.com/,https://store.steampowered.com/app/671310/ParareaSocial_VR_for_Everyone_Beta/,Yes,Yes,Yes,No,Google search,Steam,Free,41,,,,,,,,,,,,,,,,,,,,
Pararea--Social VR for Everyone (Beta),,89,http://www.pararea.com/,https://store.steampowered.com/app/671310/ParareaSocial_VR_for_Everyone_Beta/?snr=1_7_7_151_150_2,Yes,Yes,Yes,No,steam_query_data_vr_multiplayer,Steam,Free,41,,,,,,,56%,,,,,,,,,,,,,
Parts Unknown,,27,https://store.steampowered.com/app/2255760/Parts_Unknown/?snr=1_7_7_151_150_1,https://store.steampowered.com/app/2255760/Parts_Unknown/?snr=1_7_7_151_150_1,,No,,,steam_query_data_metaverse,Steam,,15,,,,,,,53%,,,,,,,,,,,,,
Parts Unknown 2024,,52,https://store.steampowered.com/app/2822630/Parts_Unknown_2024/?snr=1_7_7_151_150_2,https://store.steampowered.com/app/2822630/Parts_Unknown_2024/?snr=1_7_7_151_150_2,,No,,,steam_query_data_metaverse,Steam,,0,,,,,,,-,,,,,,,,,,,,,
Party Park Demo,,43,https://store.steampowered.com/app/2168430/Party_Park/?snr=1_7_7_151_150_1,https://store.steampowered.com/app/2168430/Party_Park/?snr=1_7_7_151_150_1,,No,,,steam_query_data_metaverse,Steam,,0,,,,,,,-,,,,,,,,,,,,,
PatchWorld - Multiplayer Music Maker,,87,https://www.meta.com/en-gb/experiences/patchworld-multiplayer-music-maker/3715150718552632/,https://www.meta.com/en-gb/experiences/patchworld-multiplayer-music-maker/3715150718552632/,Yes,Yes,,,quest_query_data_metaverse,Quest,29.99,225,,,,,,,94,,,,,,,,,,,,,
PAYDAY 2 VR,,52,https://www.paydaythegame.com/payday2/vr/,https://store.steampowered.com/app/826090/PAYDAY_2_VR/?snr=1_7_7_151_150_2,,No,,,steam_query_data_vr_multiplayer,Steam,,1255,,,,,,,71%,,,,,,,,,,,,,
Spatial,,33,https://www.spatial.io/,https://www.meta.com/en-gb/experiences/spatial/2927141310670477/,Yes,Yes,Yes,Yes,quest_query_data_social,Quest,Free,557,557,-0.255043952,1628000,-0.1916970275,-0.4467,A1,72,,https://toolkit.spatial.io/docs/installation,,,Game Engine + SDK,Unity + SDK,full code,full C# with blocked API calls ( e.g. networking),C#,Cloud,Hosted on cloud,Test Case,Automatically tested to check includ1ed package.
Penguin Paradise,,65,https://www.meta.com/en-gb/experiences/penguin-paradise/5817303821616533/,https://www.meta.com/en-gb/experiences/penguin-paradise/5817303821616533/,Yes,No,Yes,Yes,quest_query_data_metaverse,Quest,Free,4531,,,,,,,82,,,,,,,,,,,,,
Pickleball One,,40,https://www.meta.com/en-gb/experiences/pickleball-one/5276176159145627/,https://www.meta.com/en-gb/experiences/pickleball-one/5276176159145627/,Yes,No,,,quest_query_data_social,Quest,29.99,181,,,,,,,82,,,,,,,,,,,,,
Pillow,,30,https://www.meta.com/en-gb/experiences/pillow/5655932521164368/,https://www.meta.com/en-gb/experiences/pillow/5655932521164368/,Yes,No,,,quest_query_data_social,Quest,9.99,285,,,,,,,82,,,,,,,,,,,,,
PLANET THETA,,193,https://planet-theta.com/,https://store.steampowered.com/app/1840020/PLANET_THETA/?curator_clanid=4777282,No,Yes,,,SteamDB,Steam,Free,,,,,,,,,,,,,,,,,,,,,
Planet Theta,,86,https://planet-theta.com/,https://store.steampowered.com/app/1840020/PLANET_THETA/,No,Yes,,,Google search,Steam,Free,,,,,,,,,,,,,,,,,,,,,
Planet-A,,17,https://store.steampowered.com/app/1918590/PlanetA/?snr=1_7_7_151_150_1,https://store.steampowered.com/app/1918590/PlanetA/?snr=1_7_7_151_150_1,,No,,,steam_query_data_metaverse,Steam,,12,,,,,,,83%,,,,,,,,,,,,,
Pluto,,100,https://www.pluto.app/,https://store.steampowered.com/app/389980/Pluto/?snr=1_7_7_151_150_2,Yes,Yes,Yes,No,steam_query_data_vr_multiplayer,Steam,Free,75,,,,,,,40%,,,,,,,,,,,,,
Pluto,,41,https://www.pluto.app/,https://store.steampowered.com/app/389980/Pluto/?curator_clanid=4777282,Yes,Yes,Yes,No,SteamDB,Steam,Free,75,,,,,,,,,,,,,,,,,,,,
Pluto VR,,87,https://www.pluto.app/,"https://store.steampowered.com/app/389980/Pluto/?snr=1_7_7_151_150_2
https://store.steampowered.com/app/389980/Pluto/?curator_clanid=4777282",Yes,Yes,Yes,No,Google search,,Free,,,,,,,,,,,,,,,,,,,,,
PokerVR - Pure simple Poker,,18,https://www.meta.com/en-gb/experiences/pokervr-pure-simple-poker/2257223740990488/,https://www.meta.com/en-gb/experiences/pokervr-pure-simple-poker/2257223740990488/,Yes,No,,,quest_query_data_social,Quest,0,7683,,,,,,,86,,,,,,,,,,,,,
PoligonVR,,130,https://poligonvr.com/,https://store.steampowered.com/app/2336430/PoligonVR/?curator_clanid=4777282,No,Yes,,,SteamDB,Steam,Free,,,,,,,,,,,,,,,,,,,,,
Press Lex to Metaverx Demo,,55,https://store.steampowered.com/app/2091740/Press_Lex_to_Metaverx/?snr=1_7_7_151_150_2,https://store.steampowered.com/app/2091740/Press_Lex_to_Metaverx/?snr=1_7_7_151_150_2,,No,,,steam_query_data_metaverse,Steam,,0,,,,,,,-,,,,,,,,,,,,,
Primal Reign,,80,-,https://store.steampowered.com/app/636580/Primal_Reign/?snr=1_7_7_151_150_2,,No,,,steam_query_data_vr_multiplayer,Steam,,55,,,,,,,70%,,,,,,,,,,,,,
Propagation VR,,14,-,https://store.steampowered.com/app/1363430/Propagation_VR/?snr=1_7_7_151_150_1,,No,,,steam_query_data_vr_multiplayer,Steam,,5343,,,,,,,94%,,,,,,,,,,,,,
Prospect,,89,https://irisvr.com/,,,No,,,Google search,,,,,,,,,,,,,,,,,,,,,,,
Protonwar,,44,-,https://store.steampowered.com/app/461410/Protonwar/?snr=1_7_7_151_150_1,,No,,,steam_query_data_vr_multiplayer,Steam,,104,,,,,,,80%,,,,,,,,,,,,,
Puzzle Pirates,,16,-,#N/A,Yes,No,,,Google search,#N/A,#N/A,,,,,,,,,,,,,,,,,,,,,
RaceRoom Racing Experience,,7,https://game.raceroom.com/,https://store.steampowered.com/app/211500/RaceRoom_Racing_Experience/?snr=1_7_7_151_150_1,,No,,,steam_query_data_vr_multiplayer,Steam,,21607,,,,,,,74%,,,,,,,,,,,,,
RaceTrap,,94,-,https://store.steampowered.com/app/2668330/RaceTrap/?snr=1_7_7_151_150_2,,No,,,steam_query_data_vr_multiplayer,Steam,,13,,,,,,,92%,,,,,,,,,,,,,
Racket Club,,54,https://www.meta.com/en-gb/experiences/racket-club/6022041731249559/,https://www.meta.com/en-gb/experiences/racket-club/6022041731249559/,Yes,No,,,quest_query_data_social,Quest,24.99,599,,,,,,,90,,,,,,,,,,,,,
Raspberry Dream Land,,90,-,#N/A,No,#N/A,,,Google search,#N/A,#N/A,,,,,,,,,,,,,,,,,,,,,
Ready Player One: OASIS beta,,62,-,https://store.steampowered.com/app/779650/Ready_Player_One_OASIS_beta/?snr=1_7_7_151_150_2,,Yes,,,steam_query_data_vr_multiplayer,Steam,,519,,,,,,,58%,,,,,,,,,,,,,
Real Pool 3D - Poolians,,6,https://www.poolians.com/,https://store.steampowered.com/app/670290/Real_Pool_3D__Poolians/?snr=1_7_7_151_150_1,,No,,,steam_query_data_vr_multiplayer,Steam,,13824,,,,,,,77%,,,,,,,,,,,,,
Real VR Fishing,,70,https://www.meta.com/en-gb/experiences/real-vr-fishing/2582932495064035/,https://www.meta.com/en-gb/experiences/real-vr-fishing/2582932495064035/,Yes,No,,,quest_query_data_social,Quest,19.99,7134,,,,,,,92,,,,,,,,,,,,,
Reborn,,125,-,https://www.oculus.com/experiences/quest/9100500193300999/,Yes,Yes,,,QuestDB,Quest,Free,156,,,,,,,,,,,,,,,,,,,,
Sansar,,33,https://www.sansar.com/,https://store.steampowered.com/app/586110/Sansar/?snr=1_7_7_151_150_1,Yes,Yes,Yes,Yes,steam_query_data_metaverse,Steam,Free,615,615,-0.2535061724,65619,-0.194413127,-0.4479,A2,52%,,https://docs.sansar.com/untitled,https://github.com/Wookey-Technologies/sansar-script,https://www.youtube.com/watch?v=iYDsM7xYdDc,Game Engine + SDK,In-app custom editor,full code,Allows adding scripts to objects using C# inside the editor.,C#,Cloud,The worlds and scenes are published from the editor or application to Atlas.,No peer review,No review before publishing but users can report worlds or scenes for violations.
Rec Room,,4,https://recroom.com/,"https://store.steampowered.com/app/471710/Rec_Room/?snr=1_7_7_151_150_1
https://www.meta.com/en-gb/experiences/rec-room/2173678582678296/
https://store.steampowered.com/app/471710/Rec_Room/",Yes,Yes,Yes,Yes,Google search,"Steam, SteamVR, Pico, Meta, Google Play, Rift,Viveport",Free,,,,,,,,,,,,,,,,,,,,,
Rec Room,,31,https://www.meta.com/en-gb/experiences/rec-room/2173678582678296/,https://www.meta.com/en-gb/experiences/rec-room/2173678582678296/,Yes,Yes,Yes,Yes,quest_query_data_social,Quest,Free,32073,,,,,,,84,,,,,,,,,,,,,
Rec Room,,3,https://recroom.com/,https://www.oculus.com/experiences/quest/2173678582678296/,Yes,Yes,Yes,Yes,QuestDB,Quest,Free,31771,,,,,,,,,,,,,,,,,,,,
Rec Room,,6,https://recroom.com/,https://store.steampowered.com/app/471710/Rec_Room/,Yes,Yes,Yes,Yes,SteamDB,Steam,Free,,,,,,,,,,,,,,,,,,,,,
Red Matter,,35,https://www.meta.com/en-gb/experiences/red-matter/2180753588712484/,https://www.meta.com/en-gb/experiences/red-matter/2180753588712484/,Yes,No,,,quest_query_data_metaverse,Quest,24.99,4524,,,,,,,92,,,,,,,,,,,,,
Redpill VR,,92,https://www.redpillvr.com/,https://www.redpillvr.com/en/,No,,,,Google search,,Free,N/A,,,,,,,,,,,,,,,,,,,,
Derby,,27,https://throwback.studio/,https://www.meta.com/en-gb/experiences/derby/5981971501867491/,Yes,Yes,Yes,Yes,quest_query_data_social,Quest,Free,454,454,-0.2577748364,0,-0.1945272015,-0.4523,A1,84,Could not find a way to create a room. Also Paid,,,,,,,,,,,,
REMIO,,93,https://www.remiovr.com/,https://www.meta.com/en-gb/experiences/remio/5120897861344596/?click_session_id=1516346529000935&utm_source=www.remiovr.com&utm_medium=oculusredirect,Yes,Yes,Yes,Yes,Google search,Meta,Free,,,,,,,,,,,,,,,,,,,,,
Remio,,25,https://www.remiovr.com/,https://www.oculus.com/experiences/quest/5120897861344596/,Yes,Yes,Yes,Yes,QuestDB,Quest,Free,3143,,,,,,,,,,,,,,,,,,,,
Resolve,,25,https://www.meta.com/en-gb/experiences/resolve/7860400317363640/,https://www.meta.com/en-gb/experiences/resolve/7860400317363640/,Yes,Yes,Yes,No,quest_query_data_metaverse,Quest,0,15,,,,,,,86,,,,,,,,,,,,,
Viveport Verse,,113,https://www.viverse.com/,https://www.viveport.com/apps/2e307556-9387-42e0-9c39-fa472758c410?hl=en-US,Yes,Yes,Yes,Yes,Google search,Main page,Free,N/A,285,-0.2622556079,173418,-0.1942257254,-0.4565,A2,,,https://docs.viverse.com/docs/viverse-create,-,https://www.youtube.com/playlist?app=desktop&list=PLGVnmfrayaVY5x-kM6VZOjvnBLbsfnJKA,Game Engine + SDK,Uses Playcanvas Editor. It also allows exporting from Unity projects.,full code,Uses JavaScript inside the Playcanvas Editor. It might allows scripting with C# when using Unity,JS,Cloud,The worlds and scenes are directly accesible via URL after publishing.,No peer review,No information about review.
Retreat,,20,https://www.meta.com/en-gb/experiences/retreat/6514531415240007/,https://www.meta.com/en-gb/experiences/retreat/6514531415240007/,Yes,No,,,quest_query_data_social,Quest,0,55,,,,,,,62,,,,,,,,,,,,,
Retreat,,84,https://www.meta.com/en-gb/experiences/retreat/6514531415240007/,https://www.meta.com/en-gb/experiences/retreat/6514531415240007/,Yes,No,,,quest_query_data_metaverse,Quest,0,55,,,,,,,62,,,,,,,,,,,,,
RhyVerse,,175,-,https://store.steampowered.com/app/1954260/RhyVerse/?curator_clanid=4777282,Book,Yes,,,SteamDB,Steam,Free,,,,,,,,,,,,,,,,,,,,,
Riff XR,,32,https://store.steampowered.com/app/2182790/Riff_XR/?snr=1_7_7_151_150_1,https://store.steampowered.com/app/2182790/Riff_XR/?snr=1_7_7_151_150_1,Yes,Yes,Yes,No,steam_query_data_metaverse,Steam,Free,124,,,,,,,67%,,,,,,,,,,,,,
Riff XR,,94,https://riffxr.com/,https://store.steampowered.com/app/2182790/Riff_XR/,Yes,Yes,Yes,No,Google search,Steam,Free,,,,,,,,,,,,,,,,,,,,,
Rise of Flight United,,19,https://riseofflight.com/,https://store.steampowered.com/app/244050/Rise_of_Flight_United/?snr=1_7_7_151_150_1,,No,,,steam_query_data_vr_multiplayer,Steam,,2467,,,,,,,55%,,,,,,,,,,,,,
FRAME,First,49,https://framevr.io/,https://framevr.io/,Yes,Yes,Yes,Yes,Google search,Online,Free,N/A,285,-0.2622556079,34281,-0.1944676061,-0.4567,A2,,,https://support.framevr.io/framevr/Frame-Knowledge-Base-cfc4bc81aa1442a9a2dd9e995dbaeab0,-,https://www.youtube.com/watch?v=IP_dpyjyJKg,"Custom, In-app",Uses 3D tools to create objects that can be imported. Custom editor is removed,no-code,Action triggers. Full code scripting was removed.,Js,Cloud,The worlds and scenes are directly accesible via URL.,No peer review,No review.
Roblox,First,2,https://www.meta.com/en-gb/experiences/roblox/5804350719675181/,https://www.meta.com/en-gb/experiences/roblox/5804350719675181/,Yes,Yes,Yes,Yes,quest_query_data_social,Quest,Free,7029,,,,,,,76,,,,,,,,,,,,,
Roblox,,95,https://www.roblox.com/,https://www.meta.com/en-gb/experiences/5804350719675181/,Yes,Yes,Yes,Yes,Google search,Meta,Free,,,,,,,,,,,,,,,,,,,,,
Roblox,,14,https://www.roblox.com/,https://www.oculus.com/experiences/quest/5804350719675181/,Yes,Yes,Yes,Yes,QuestDB,Quest,Free,6657,,,,,,,,,,,,,,,,,,,,
Robot Tag,First,70,https://sites.google.com/view/robot-tag-official/home?authuser=0,https://www.oculus.com/experiences/quest/5918504334849265/,Yes,Yes,Yes,No,QuestDB,Quest,Free,629,,,,,,,,,,,,,,,,,,,,
Rumii,First,96,-,https://store.steampowered.com/app/872440/rumii/,Yes,No,,,Google search,Steam,Free,24,,,,,,,,,,,,,,,,,,,,
Sail,First,46,https://www.sail-vr.com/,https://www.oculus.com/experiences/quest/4861702420530349/,Yes,Yes,Yes,No,QuestDB,Quest,Free,1552,,,,,,,,,,,,,,,,,,,,
Sail Single Player,First,16,https://www.meta.com/en-gb/experiences/sail-single-player/4092537967425323/,https://www.meta.com/en-gb/experiences/sail-single-player/4092537967425323/,Yes,No,,,quest_query_data_metaverse,Quest,0,605,,,,,,,80,,,,,,,,,,,,,
Sam & Dan: Floaty Flatmates,First,41,https://floatyflatmates.com/,https://store.steampowered.com/app/978270/Sam__Dan_Floaty_Flatmates/?snr=1_7_7_151_150_1,,No,,,steam_query_data_vr_multiplayer,Steam,,691,,,,,,,92%,,,,,,,,,,,,,
Somnium Space,First,124,https://somniumspace.com/,https://somniumspace.com/,Yes,Yes,Yes,Yes,Google search,,Free,N/A,285,-0.2622556079,25677,-0.1944825637,-0.4567,A2,,Paid for creating worlds (Need to buy a plot before editing the plot),https://somniumspace.com/documentation,-,,Game Engine + SDK,Uses Unity or PlayCanvas with Somnium SDK.,full code,,,,,No peer review,
Sansar,First,50,https://www.sansar.com/,https://store.steampowered.com/app/586110/Sansar/?curator_clanid=4777282,Yes,Yes,Yes,Yes,SteamDB,Steam,Free,,,,,,,,,,,,,,,,,,,,,
Sansar,,91,https://www.sansar.com/,https://store.steampowered.com/app/586110/Sansar/?snr=1_7_7_151_150_2,Yes,Yes,Yes,Yes,steam_query_data_vr_multiplayer,Steam,Free,615,,,,,,,52%,,,,,,,,,,,,,
Sansar,,97,https://www.sansar.com/,"https://www.sansar.com/
https://store.steampowered.com/app/586110/Sansar/",Yes,Yes,Yes,Yes,Google search,"Main page
Steam","Free
Free",,,,,,,,,,,,,,,,,,,,,
SapphireXR,First,98,-,,No,,,,Google search,,,,,,,,,,,,,,,,,,,,,,,
Scary Buddies,First,60,-,https://store.steampowered.com/app/1552210/Scary_Buddies/?snr=1_7_7_151_150_2,,No,,,steam_query_data_vr_multiplayer,Steam,,19,,,,,,,78%,,,,,,,,,,,,,
Scary Ghost VR Demo: Multiplayer,First,5,-,https://store.steampowered.com/app/3063780/Scary_Ghost_VR_Multiplayer/?snr=1_7_7_151_150_1,,No,,,steam_query_data_vr_multiplayer,Steam,,0,,,,,,,-,,,,,,,,,,,,,
Scenez,First,129,https://scenez.io/,https://store.steampowered.com/app/2154520/Scenez/?curator_clanid=4777282,No,Yes,,,SteamDB,Steam,Free,,,,,,,,,,,,,,,,,,,,,
Scenez,,49,https://store.steampowered.com/app/2154520/Scenez/?snr=1_7_7_151_150_1,https://store.steampowered.com/app/2154520/Scenez/?snr=1_7_7_151_150_1,No,Yes,,,steam_query_data_metaverse,Steam,Free,0,,,,,,,-,,,,,,,,,,,,,
ScienceVR,First,99,https://www.sciencevr.com/,,,No,,,Google search,,,,,,,,,,,,,,,,,,,,,,,
SCP: Blackout,First,45,-,https://store.steampowered.com/app/963400/SCP_Blackout/?snr=1_7_7_151_150_1,,No,,,steam_query_data_vr_multiplayer,Steam,,298,,,,,,,68%,,,,,,,,,,,,,
SCP: Labrat,First,12,-,https://store.steampowered.com/app/1402020/SCP_Labrat/?snr=1_7_7_151_150_1,,No,,,steam_query_data_vr_multiplayer,Steam,,3646,,,,,,,82%,,,,,,,,,,,,,
SculptrVR,First,100,https://www.sculptrvr.com/,https://www.meta.com/en-gb/experiences/sculptrvr/1978992975501648/?utm_source=www.sculptrvr.com&utm_medium=oculusredirect,Yes,Yes,,,Google search,Meta,19.99,,,,,,,,,,,,,,,,,,,,,
Sensorium Galaxy,First,24,https://store.steampowered.com/app/1803610/Sensorium_Galaxy/?snr=1_7_7_151_150_1,https://store.steampowered.com/app/1803610/Sensorium_Galaxy/?snr=1_7_7_151_150_1,,Yes,No,No,steam_query_data_metaverse,Steam,,18,,,,,,,50%,,,,,,,,,,,,,
ShapesXR,First,60,https://www.meta.com/en-gb/experiences/shapesxr/3899112273551602/,https://www.meta.com/en-gb/experiences/shapesxr/3899112273551602/,Yes,No,,,quest_query_data_metaverse,Quest,Free,326,,,,,,,82,,,,,,,,,,,,,
ShapesXR,,93,https://www.shapesxr.com/,https://www.oculus.com/experiences/quest/3899112273551602/,Yes,Yes,,,QuestDB,Quest,Free,318,,,,,,,,,,,,,,,,,,,,
Shattered Lights,First,39,-,https://store.steampowered.com/app/1057720/Shattered_Lights/?snr=1_7_7_151_150_1,,No,,,steam_query_data_vr_multiplayer,Steam,,415,,,,,,,87%,,,,,,,,,,,,,
Ship Ahoy Open BETA,First,46,-,https://store.steampowered.com/app/757380/Ship_Ahoy_Open_BETA/?snr=1_7_7_151_150_1,,No,,,steam_query_data_vr_multiplayer,Steam,,49,,,,,,,83%,,,,,,,,,,,,,
SHOOTOUT,First,17,https://www.meta.com/en-gb/experiences/shootout/5555992527808989/,https://www.meta.com/en-gb/experiences/shootout/5555992527808989/,Yes,No,,,quest_query_data_social,Quest,0,736,,,,,,,82,,,,,,,,,,,,,
SHOOTOUT,,61,https://www.meta.com/en-gb/experiences/shootout/5555992527808989/,https://www.meta.com/en-gb/experiences/shootout/5555992527808989/,Yes,No,,,quest_query_data_metaverse,Quest,0,736,,,,,,,82,,,,,,,,,,,,,
Sinespace,First,101,https://sine.space/,https://sine.space/vr,Yes,Yes,Yes,Yes,Google search,,Free,N/A,285,-0.2622556079,4242,-0.194519827,-0.4568,A2,,,https://docs.sine.space/,https://trilo.org/2019/06/06/how-to-create-regions/,"https://www.youtube.com/c/SineWave
https://www.youtube.com/watch?v=Lmh5VWBsJB8",Game Engine + SDK,Uses Unity with SDK or in-app editor.,full code,Uses Lua,Lua,Cloud,Hosted on cloud.,No peer review,No information about review.
SinVR,First,42,https://sinvr.com/,https://store.steampowered.com/app/966870/SinVR/?curator_clanid=4777282,Yes,No,,,SteamDB,Steam,Free,,,,,,,,,,,,,,,,,,,,,
SinVR,,22,https://sinvr.com/,https://store.steampowered.com/app/966870/SinVR/?snr=1_7_7_151_150_1,Yes,No,,,steam_query_data_vr_multiplayer,Steam,Free,1255,,,,,,,59%,,,,,,,,,,,,,
SIX 3D: Metaverse,First,153,https://www.six3d.com/2023/,https://store.steampowered.com/app/2177350/SIX_3D_Metaverse/?curator_clanid=4777282,No,Yes,,,SteamDB,Steam,Free,,,,,,,,,,,,,,,,,,,,,
SIX 3D: Metaverse,,4,https://store.steampowered.com/app/2177350/SIX_3D_Metaverse/?snr=1_7_7_151_150_1,https://store.steampowered.com/app/2177350/SIX_3D_Metaverse/?snr=1_7_7_151_150_1,No,Yes,,,steam_query_data_metaverse,Steam,,0,,,,,,,-,,,,,,,,,,,,,
SketchUp Viewer,First,23,https://www.meta.com/en-gb/experiences/sketchup-viewer/9874528232572675/,https://www.meta.com/en-gb/experiences/sketchup-viewer/9874528232572675/,Yes,No,,,quest_query_data_metaverse,Quest,0,64,,,,,,,76,,,,,,,,,,,,,
Sky Climb,First,38,https://www.meta.com/en-gb/experiences/sky-climb/6439300372853604/,https://www.meta.com/en-gb/experiences/sky-climb/6439300372853604/,Yes,No,,,quest_query_data_social,Quest,14.99,191,,,,,,,90,,,,,,,,,,,,,
Sky Strikers VR,First,92,https://www.chamber8.gg/,https://store.steampowered.com/app/2250690/Sky_Strikers_VR/?snr=1_7_7_151_150_2,,No,,,steam_query_data_vr_multiplayer,Steam,,40,,,,,,,92%,,,,,,,,,,,,,
Snow Wars,First,71,https://www.meta.com/en-gb/experiences/snow-wars/4886562978130328/,https://www.meta.com/en-gb/experiences/snow-wars/4886562978130328/,Yes,No,,,quest_query_data_social,Quest,12.99,38,,,,,,,74,,,,,,,,,,,,,
Snowday,First,57,-,https://store.steampowered.com/app/515700/Snowday/?snr=1_7_7_151_150_2,,No,,,steam_query_data_vr_multiplayer,Steam,,20,,,,,,,85%,,,,,,,,,,,,,
Softspace,First,3,https://www.meta.com/en-gb/experiences/softspace/4586808061416562/,https://www.meta.com/en-gb/experiences/softspace/4586808061416562/,Yes,No,,,quest_query_data_metaverse,Quest,0,74,,,,,,,68,,,,,,,,,,,,,
Overte,First,83,https://overte.org/,https://overte.org/index.html,Yes,Yes,Yes,Yes,Google search,,Free,N/A,285,-0.2622556079,1683,-0.1945242757,-0.4568,A1,,,,,,Custom,,full code,,JS,Self-hosted,,No peer review,
Sophie's Guardian,First,55,-,https://store.steampowered.com/app/530830/Sophies_Guardian/?snr=1_7_7_151_150_2,,No,,,steam_query_data_vr_multiplayer,Steam,,72,,,,,,,73%,,,,,,,,,,,,,
Soundscape VR: 2017,First,18,https://store.steampowered.com/app/636930/Soundscape_VR_2017/?snr=1_7_7_151_150_1,https://store.steampowered.com/app/636930/Soundscape_VR_2017/?snr=1_7_7_151_150_1,,Yes,Yes,No,steam_query_data_metaverse,Steam,,110,,,,,,,70%,,,,,,,,,,,,,
Spaceteam VR,First,57,https://www.meta.com/en-gb/experiences/spaceteam-vr/2531338473623578/,https://www.meta.com/en-gb/experiences/spaceteam-vr/2531338473623578/,Yes,No,,,quest_query_data_social,Quest,12.99,126,,,,,,,60,,,,,,,,,,,,,
Third Room,First,75,https://thirdroom.io/landing,thirdroom.io,Yes,Yes,Yes,Yes,Google search,,Free,N/A,285,-0.2622556079,1183,-0.1945251449,-0.4568,A1,,,,,,Custom,,full code,,C#,Self-hosted,,No peer review,
Spatial,First,30,https://www.meta.com/en-gb/experiences/spatial/2927141310670477/,https://www.meta.com/en-gb/experiences/spatial/2927141310670477/,Yes,Yes,Yes,Yes,quest_query_data_metaverse,Quest,Free,557,,,,,,,72,,,,,,,,,,,,,
spatial,,10,https://www.spatial.io/,"https://apps.apple.com/us/app/spatial/id1528403747
https://play.google.com/store/apps/details?id=io.spatial.spatial&pli=1
https://www.meta.com/en-gb/experiences/2927141310670477/",Yes,,Yes,Yes,Google search,"App Store
Google Play
Meta","Free
Free
Free",557,,,,,,,,,,,,,,,,,,,,
Spatial,,71,https://www.spatial.io/,https://www.oculus.com/experiences/quest/2927141310670477/,Yes,Yes,Yes,Yes,QuestDB,Quest,Free,555,,,,,,,,,,,,,,,,,,,,
Spatiate,First,102,-,#N/A,#N/A,No,,,Google search,#N/A,#N/A,,,,,,,,,,,,,,,,,,,,,
Spherum 3D,First,51,https://store.steampowered.com/app/2223230/Spherum_3D/?snr=1_7_7_151_150_2,https://store.steampowered.com/app/2223230/Spherum_3D/?snr=1_7_7_151_150_2,,No,No,,steam_query_data_metaverse,Steam,,0,,,,,,,-,,,,,,,,,,,,,
STAGE,First,103,-,#N/A,No,#N/A,,,Google search,#N/A,#N/A,,,,,,,,,,,,,,,,,,,,,
Stageverse,First,104,-,,No,,,,Google search,,,,,,,,,,,,,,,,,,,,,,,
Star Renegades: Guardian of the Metaverse,First,7,https://store.steampowered.com/app/1677780/Star_Renegades_Guardian_of_the_Metaverse/?snr=1_7_7_151_150_1,https://store.steampowered.com/app/1677780/Star_Renegades_Guardian_of_the_Metaverse/?snr=1_7_7_151_150_1,,No,,,steam_query_data_metaverse,Steam,,0,,,,,,,-,,,,,,,,,,,,,
Star Trek: Bridge Crew,First,79,https://www.meta.com/en-gb/experiences/star-trek-bridge-crew/2507216576060698/,https://www.meta.com/en-gb/experiences/star-trek-bridge-crew/2507216576060698/,Yes,No,,,quest_query_data_social,Quest,29.99,2177,,,,,,,58,,,,,,,,,,,,,
Star Wars: Droid Repair Bay,First,36,-,https://store.steampowered.com/app/726910/Star_Wars_Droid_Repair_Bay/?snr=1_7_7_151_150_1,,No,,,steam_query_data_vr_multiplayer,Steam,,504,,,,,,,89%,,,,,,,,,,,,,
Steam Link,First,39,https://www.meta.com/en-gb/experiences/steam-link/5841245619310585/,https://www.meta.com/en-gb/experiences/steam-link/5841245619310585/,Yes,No,,,quest_query_data_metaverse,Quest,0,2017,,,,,,,70,,,,,,,,,,,,,
STYLY,First,105,https://gallery.styly.cc/about/en,,,No,,,Google search,,,,,,,,,,,,,,,,,,,,,,,
Sultan Of Egypt Trailer Demo,First,59,https://store.steampowered.com/app/1911200/Sultan_Of_Egypt/?snr=1_7_7_151_150_2,https://store.steampowered.com/app/1911200/Sultan_Of_Egypt/?snr=1_7_7_151_150_2,,No,,,steam_query_data_metaverse,Steam,,0,,,,,,,-,,,,,,,,,,,,,
Surgeon Simulator VR: Meet The Medic,First,31,-,https://store.steampowered.com/app/457420/Surgeon_Simulator_VR_Meet_The_Medic/?snr=1_7_7_151_150_1,,No,,,steam_query_data_vr_multiplayer,Steam,,518,,,,,,,76%,,,,,,,,,,,,,
SurrealVR,First,76,https://surrealvr.com/,https://store.steampowered.com/app/461180/SurrealVR/?snr=1_7_7_151_150_2,Yes,Yes,Yes,No,steam_query_data_vr_multiplayer,Steam,Free,75,,,,,,,61%,,,,,,,,,,,,,
SurrealVR,,106,https://www.surrealvr.com/,"https://store.steampowered.com/app/461180/SurrealVR/
https://www.viveport.com/apps/8168e41c-b1af-41cf-9906-4e1858226f2b?hl=en-US",Yes,Yes,Yes,No,Google search,"Steam
Viveport",Free,,,,,,,,,,,,,,,,,,,,,
Survival Nation,First,55,https://www.meta.com/en-gb/experiences/survival-nation/6198564290223186/,https://www.meta.com/en-gb/experiences/survival-nation/6198564290223186/,Yes,No,,,quest_query_data_social,Quest,29.99,625,,,,,,,82,,,,,,,,,,,,,
Swarm,First,34,https://www.meta.com/en-gb/experiences/swarm/2236053486488156/,https://www.meta.com/en-gb/experiences/swarm/2236053486488156/,Yes,No,,,quest_query_data_social,Quest,24.99,2813,,,,,,,96,,,,,,,,,,,,,
Tabletopia,First,24,https://tabletopia.com/,https://store.steampowered.com/app/402560/Tabletopia/?snr=1_7_7_151_150_1,,No,,,steam_query_data_vr_multiplayer,Steam,,1577,,,,,,,63%,,,,,,,,,,,,,
Tales of Escape,First,17,https://onskull.com/talesofescape/,https://store.steampowered.com/app/587860/Tales_of_Escape/?snr=1_7_7_151_150_1,,No,,,steam_query_data_vr_multiplayer,Steam,,2034,,,,,,,62%,,,,,,,,,,,,,
Talespin,First,38,https://www.meta.com/en-gb/experiences/talespin/9658050154267722/,https://www.meta.com/en-gb/experiences/talespin/9658050154267722/,Yes,No,,,quest_query_data_metaverse,Quest,0,53,,,,,,,64,,,,,,,,,,,,,
Tank Arena: Ultimate League,First,64,https://www.meta.com/en-gb/experiences/tank-arena-ultimate-league/23911676798446391/,https://www.meta.com/en-gb/experiences/tank-arena-ultimate-league/23911676798446391/,Yes,No,,,quest_query_data_social,Quest,5.99,54,,,,,,,82,,,,,,,,,,,,,
Tank Arena: Ultimate League,,72,https://www.meta.com/en-gb/experiences/tank-arena-ultimate-league/23911676798446391/,https://www.meta.com/en-gb/experiences/tank-arena-ultimate-league/23911676798446391/,Yes,No,,,quest_query_data_metaverse,Quest,5.99,54,,,,,,,82,,,,,,,,,,,,,
Teleporter,First,107,https://teleporter.gg/,https://store.steampowered.com/app/1232510/Teleporter_World_of_Gamers_Alpha/?snr=1_7_7_151_150_2,No,,,,Google search,,,,,,,,,,,,,,,,,,,,,,,
Vircadia,First,112,https://vircadia.com/,https://app.vircadia.com/#/,Yes,Yes,Yes,Yes,Google search,,Free,N/A,285,-0.2622556079,899,-0.1945256386,-0.4568,A2,,,,,,Game Engine + SDK,,full code,,,Self-hosted,,No peer review,
Test Subject 901,First,58,-,https://store.steampowered.com/app/914450/Test_Subject_901/?snr=1_7_7_151_150_2,,No,,,steam_query_data_vr_multiplayer,Steam,,46,,,,,,,80%,,,,,,,,,,,,,
The Art of Fight | 4vs4 Fast-Paced FPS,First,68,-,https://store.steampowered.com/app/531270/The_Art_of_Fight__4vs4_FastPaced_FPS/?snr=1_7_7_151_150_2,,No,,,steam_query_data_vr_multiplayer,Steam,,359,,,,,,,67%,,,,,,,,,,,,,
The Expanse,First,45,https://expansevr.netlify.app/,https://store.steampowered.com/app/1490550/The_Expanse/,Yes,,,,Google search,Steam,€5.89,1,,,,,,,,,,,,,,,,,,,,
The Flip,First,82,https://www.meta.com/en-gb/experiences/the-flip/5419048904872022/,https://www.meta.com/en-gb/experiences/the-flip/5419048904872022/,Yes,No,,,quest_query_data_social,Quest,24.99,73,,,,,,,90,,,,,,,,,,,,,
The Ranger: Lost Tribe,First,51,-,https://store.steampowered.com/app/673070/The_Ranger_Lost_Tribe/?snr=1_7_7_151_150_2,,No,,,steam_query_data_vr_multiplayer,Steam,,362,,,,,,,80%,,,,,,,,,,,,,
The Tavern of Magic,First,82,-,https://store.steampowered.com/app/777250/The_Tavern_of_Magic/?snr=1_7_7_151_150_2,,No,,,steam_query_data_vr_multiplayer,Steam,,13,,,,,,,46%,,,,,,,,,,,,,
The Under Presents,First,41,https://tenderclaws.com/,https://www.oculus.com/experiences/quest/1917371471713228/,Yes,Yes,Yes,No,QuestDB,Quest,Free,1797,,,,,,,,,,,,,,,,,,,,
The Vortex,First,23,-,https://store.steampowered.com/app/1852490/The_Vortex/?snr=1_7_7_151_150_1,,Yes,Yes,Yes,steam_query_data_metaverse,Steam,,11,,,,,,,90%,,,,,,,,,,,,,
The Wild,First,122,https://thewild.com/,,No,,,,Google search,,,,,,,,,,,,,,,,,,,,,,,
VRLand,First,119,https://vrland.io/,https://vrland.io/,Yes,Yes,Yes,Yes,Google search,,Free,N/A,285,-0.2622556079,789,-0.1945258299,-0.4568,A1,,,,,,,,,,,,,,
Tiger Blade,First,76,https://www.meta.com/en-gb/experiences/tiger-blade/4741795092599205/,https://www.meta.com/en-gb/experiences/tiger-blade/4741795092599205/,Yes,No,,,quest_query_data_metaverse,Quest,18.99,51,,,,,,,90,,,,,,,,,,,,,
Neo Art Space,First,213,https://www.neoartspace.com/,https://store.steampowered.com/app/1714400/Neo_Art_Space/?curator_clanid=4777282,Yes,Yes,Yes,Yes,SteamDB,Steam,Free,N/A,285,-0.2622556079,235,-0.1945267929,-0.4568,A2,,,,,,,,,,,,,,
Topik,First,109,https://www.inforemix.com/workv1-2/topik,,No,,,,Google search,,,,,,,,,,,,,,,,,,,,,,,
TOTALLY BASEBALL,First,50,https://www.meta.com/en-gb/experiences/totally-baseball/3256881337690839/,https://www.meta.com/en-gb/experiences/totally-baseball/3256881337690839/,Yes,No,,,quest_query_data_social,Quest,19.99,2004,,,,,,,78,,,,,,,,,,,,,
ToyPark - physics-based social VR platform,First,212,https://www.toyparkvr.com/,https://store.steampowered.com/app/1723460/ToyPark__physicsbased_social_VR_platform/?curator_clanid=4777282,No,Yes,,,SteamDB,Steam,Free,,,,,,,,,,,,,,,,,,,,,
ToyPark - physics-based social VR platform,,48,https://store.steampowered.com/app/1723460/ToyPark__physicsbased_social_VR_platform/?snr=1_7_7_151_150_1,https://store.steampowered.com/app/1723460/ToyPark__physicsbased_social_VR_platform/?snr=1_7_7_151_150_1,No,Yes,,,steam_query_data_metaverse,Steam,Free,0,,,,,,,-,,,,,,,,,,,,,
Tribe XR | DJ Academy,First,26,https://www.tribexr.com/,https://store.steampowered.com/app/877850/Tribe_XR__DJ_Academy/?snr=1_7_7_151_150_1,Yes,No,,,steam_query_data_vr_multiplayer,Steam,Free,272,,,,,,,83%,,,,,,,,,,,,,
Tribe XR | DJ Academy,,24,https://www.meta.com/en-gb/experiences/tribe-xr-dj-academy/2055718171162796/,https://www.meta.com/en-gb/experiences/tribe-xr-dj-academy/2055718171162796/,Yes,No,,,quest_query_data_metaverse,Quest,Free,1229,,,,,,,84,,,,,,,,,,,,,
Trivia Crack World,First,105,https://www.etermax.com/,https://steamdb.info/app/2690890/,No,Yes,,,SteamDB,Steam,Free,,,,,,,,,,,,,,,,,,,,,
Ultimechs,First,89,https://www.meta.com/en-gb/experiences/ultimechs/5118731164870081/,https://www.meta.com/en-gb/experiences/ultimechs/5118731164870081/,Yes,No,,,quest_query_data_metaverse,Quest,0,698,,,,,,,84,,,,,,,,,,,,,
Undefeated Samurai,First,34,https://store.steampowered.com/app/1795030/Undefeated_Samurai/?snr=1_7_7_151_150_1,https://store.steampowered.com/app/1795030/Undefeated_Samurai/?snr=1_7_7_151_150_1,,No,,,steam_query_data_metaverse,Steam,,0,,,,,,,-,,,,,,,,,,,,,
Under Pressure,First,72,https://www.powerwashvr.com/,https://store.steampowered.com/app/2524980/Under_Pressure/?snr=1_7_7_151_150_2,,No,,,steam_query_data_vr_multiplayer,Steam,,71,,,,,,,94%,,,,,,,,,,,,,
UNDERDOGS,First,59,https://www.meta.com/en-gb/experiences/underdogs/5302178529865980/,https://www.meta.com/en-gb/experiences/underdogs/5302178529865980/,Yes,No,,,quest_query_data_metaverse,Quest,20.99,1223,,,,,,,98,,,,,,,,,,,,,
Unreal Kingdoms,First,39,https://store.steampowered.com/app/2691250/Unreal_Kingdoms/?snr=1_7_7_151_150_1,https://store.steampowered.com/app/2691250/Unreal_Kingdoms/?snr=1_7_7_151_150_1,No,,No,,steam_query_data_metaverse,Steam,,0,,,,,,,-,,,,,,,,,,,,,
UXR.ZONE,First,110,-,,No,,,,Google search,,,,,,,,,,,,,,,,,,,,,,,
Vegas Infinite,First,44,https://www.meta.com/en-gb/experiences/vegas-infinite/2370815932930055/,https://www.meta.com/en-gb/experiences/vegas-infinite/2370815932930055/,Yes,No,No,,quest_query_data_social,Quest,Free,28061,,,,,,,78,,,,,,,,,,,,,
Vegas Infinite by PokerStars,First,9,https://www.vegasinfinite.com/,https://store.steampowered.com/app/886250/Vegas_Infinite_by_PokerStars/?snr=1_7_7_151_150_1,Yes,Yes,No,,steam_query_data_vr_multiplayer,Steam,Free,5852,,,,,,,81%,,,,,,,,,,,,,
Vegas Infinite by PokerStars,,88,https://www.pokerstars.com/poker/learn/category/pokerstars-vr/,https://store.steampowered.com/app/886250/Vegas_Infinite_by_PokerStars/,Yes,Yes,No,,Google search,Steam,Free,5910,,,,,,,,,,,,,,,,,,,,
Tivoli Cloud VR,First,108,https://tivolicloud.github.io/,https://tivolicloud.github.io/,Yes,Yes,Yes,Yes,Google search,Main page,Free,N/A,285,-0.2622556079,157,-0.1945269285,-0.4568,A1,,,,,,,,,,,,,,
Villa: AI Creation & Collaboration,First,37,https://www.meta.com/en-gb/experiences/villa-ai-creation-collaboration/4784171281624823/,https://www.meta.com/en-gb/experiences/villa-ai-creation-collaboration/4784171281624823/,Yes,Yes,Yes,Yes,quest_query_data_social,Quest,Free,2280,,,,,,,74,,,,,,,,,,,,,
VirBELA,First,111,https://www.virbela.com/,,No,,,,Google search,,,,,,,,,,,,,,,,,,,,,,,
Arkio,First,6,https://www.arkio.is/,https://www.meta.com/en-gb/experiences/arkio/2280319701979278/,Yes,Yes,Yes,Yes,quest_query_data_metaverse,Quest,Free,204,204,-0.2644031966,31159,-0.1944730335,-0.4589,A2,76,,,,,,,,,,,,,
Virtex Stadium,First,134,-,https://store.steampowered.com/app/1690050/Virtex_Stadium/?curator_clanid=4777282,Book,Yes,,,SteamDB,Steam,Free,,,,,,,,,,,,,,,,,,,,,
Virtual Tokyo Tower,First,177,-,https://store.steampowered.com/app/1959860/Virtual_Tokyo_Tower/?curator_clanid=4777282,No,Yes,,,SteamDB,Steam,Free,,,,,,,,,,,,,,,,,,,,,
Virtual Virtual Reality 2,First,55,https://www.meta.com/en-gb/experiences/virtual-virtual-reality-2/2731491443600205/,https://www.meta.com/en-gb/experiences/virtual-virtual-reality-2/2731491443600205/,Yes,No,,,quest_query_data_metaverse,Quest,17.99,317,,,,,,,76,,,,,,,,,,,,,
VirtualCast,First,37,https://virtualcast.jp/en,https://store.steampowered.com/app/947890/VirtualCast/?curator_clanid=4777282,Yes,Yes,Yes,Yes,SteamDB,Steam,Free,,,,,,,,,,,,,,,,,,,,,
Cluster,First,31,https://cluster.mu/,https://www.meta.com/en-gb/experiences/cluster/4178943235565629/,Yes,Yes,Yes,Yes,Google search,Meta,Free,95,95,-0.2672931617,924660,-0.1929197391,-0.4602,A1,,,,,,,,,,,,,,
VirtualCast,,11,https://store.steampowered.com/app/947890/VirtualCast/?snr=1_7_7_151_150_1,https://store.steampowered.com/app/947890/VirtualCast/?snr=1_7_7_151_150_1,Yes,Yes,Yes,Yes,steam_query_data_metaverse,Steam,Free,99,,,,,,,78%,,,,,,,,,,,,,
VirtualSpeech,First,29,https://www.meta.com/en-gb/experiences/virtualspeech/3973230756042512/,https://www.meta.com/en-gb/experiences/virtualspeech/3973230756042512/,Yes,No,,,quest_query_data_metaverse,Quest,0,73,,,,,,,74,,,,,,,,,,,,,
VirZOOM Arcade,First,83,https://virzoom.com/,https://store.steampowered.com/app/448710/VirZOOM_Arcade/?snr=1_7_7_151_150_2,,No,,,steam_query_data_vr_multiplayer,Steam,,33,,,,,,,78%,,,,,,,,,,,,,
ENGAGE,First,42,https://engagevr.io/,"https://www.meta.com/en-gb/experiences/3092079454190601/
https://store.steampowered.com/app/449130/ENGAGE/",Yes,Yes,Yes,Yes,Google search,"Meta
Steam","Free
Free",140,140,-0.2661000568,87196,-0.1943756168,-0.4605,A2,,,,,,,,,,,,,,
Vizible,First,114,https://www.worldviz.com/virtual-reality-collaboration-software,,No,,,,Google search,,,,,,,,,,,,,,,,,,,,,,,
Voyage Senki VR 海洋传说 VR,First,99,-,https://store.steampowered.com/app/747210/Voyage_Senki_VR__VR/?snr=1_7_7_151_150_2,,No,,,steam_query_data_vr_multiplayer,Steam,,42,,,,,,,47%,,,,,,,,,,,,,
VR Conference,First,115,-,,No,,,,Google search,,,,,,,,,,,,,,,,,,,,,,,
VR Hockey Reborn,First,50,https://www.meta.com/en-gb/experiences/vr-hockey-reborn/5307901462582204/,https://www.meta.com/en-gb/experiences/vr-hockey-reborn/5307901462582204/,Yes,No,,,quest_query_data_metaverse,Quest,0,208,,,,,,,84,,,,,,,,,,,,,
VR Triber,First,116,-,https://store.steampowered.com/app/680170/VR_Triber/,Yes,Yes,,,Google search,Steam,Free,24,,,,,,,,,,,,,,,,,,,,
VR Triber,,278,-,https://store.steampowered.com/app/680170/VR_Triber/?curator_clanid=4777282,Yes,Yes,,,SteamDB,Steam,Free,,,,,,,,,,,,,,,,,,,,,
VR TRIBES,First,64,https://framelocker.games/vrtribes/,https://store.steampowered.com/app/1927440/VR_TRIBES/?snr=1_7_7_151_150_2,,No,,,steam_query_data_vr_multiplayer,Steam,,10,,,,,,,50%,,,,,,,,,,,,,
VR Trivia Battle,First,117,-,"https://www.meta.com/en-gb/experiences/pcvr/1961025013964962/
https://store.steampowered.com/app/670830/VR_Trivia_Battle/",Yes,,,,Google search,"Meta
Steam","Not downloadable
Free",0,,,,,,,,,,,,,,,,,,,,
VRAVO!,First,118,-,,No,,,,Google search,,,,,,,,,,,,,,,,,,,,,,,
VirtualCast,,28,https://virtualcast.jp/,https://store.steampowered.com/app/947890/VirtualCast/?snr=1_7_7_151_150_1,Yes,Yes,Yes,Yes,steam_query_data_vr_multiplayer,Steam,Free,99,99,-0.2671871079,143247,-0.1942781757,-0.4615,A1,78%,,,,,,,,,,,,,
VRChat,First,3,https://hello.vrchat.com/,"https://store.steampowered.com/app/438100/VRChat/?snr=1_7_7_151_150_1
https://www.meta.com/en-gb/experiences/vrchat/1856672347794301/
https://www.oculus.com/experiences/quest/1856672347794301/",Yes,Yes,Yes,Yes,Google search,"Steam, SteamVR, Pico, Meta, Google Play, Rift,Viveport",Free,,,,,,,,,,,,,,,,,,,,,
VRChat,,2,https://hello.vrchat.com/,https://store.steampowered.com/app/438100/VRChat/?snr=1_7_7_151_150_1,Yes,Yes,Yes,Yes,steam_query_data_vr_multiplayer,Steam,Free,223785,,,,,,,74%,,,,,,,,,,,,,
VRChat,,10,https://www.meta.com/en-gb/experiences/vrchat/1856672347794301/,https://www.meta.com/en-gb/experiences/vrchat/1856672347794301/,Yes,Yes,Yes,Yes,quest_query_data_social,Quest,Free,27507,,,,,,,74,,,,,,,,,,,,,
VRChat,,49,https://www.meta.com/en-gb/experiences/vrchat/1856672347794301/,https://www.meta.com/en-gb/experiences/vrchat/1856672347794301/,Yes,Yes,Yes,Yes,quest_query_data_metaverse,Quest,Free,27507,,,,,,,74,,,,,,,,,,,,,
VRChat,,2,https://hello.vrchat.com/,https://store.steampowered.com/app/438100/VRChat/?curator_clanid=4777282,Yes,Yes,Yes,Yes,SteamDB,Steam,Free,"224,520",,,,,,,,,,,,,,,,,,,,
VRChat,,5,https://hello.vrchat.com/,https://www.oculus.com/experiences/quest/1856672347794301/,Yes,Yes,Yes,Yes,QuestDB,Quest,Free,27170,,,,,,,,,,,,,,,,,,,,
Zoe,First,22,https://zoeimmersive.com/,https://www.meta.com/en-gb/experiences/zoe/5464660053555314/,Yes,Yes,Yes,Yes,quest_query_data_social,Quest,Free,102,102,-0.2671075676,13448,-0.194503823,-0.4616,A2,72,,,,,,,,,,,,,
Vroom Kaboom,First,84,https://ratloopgamescanada.com/vroom-kaboom,https://store.steampowered.com/app/620070/Vroom_Kaboom/?snr=1_7_7_151_150_2,,No,,,steam_query_data_vr_multiplayer,Steam,,115,,,,,,,54%,,,,,,,,,,,,,
VRROOM,First,285,https://vrroom.studio/,https://store.steampowered.com/app/2166320/VRROOM/?curator_clanid=4777282,Yes,Yes,Yes,Yes,SteamDB,Steam,Free,,,,,,,,,,,,,,,,,,,,,
Arthur,First,74,https://www.arthur.digital/,https://www.meta.com/en-gb/experiences/arthur/2108767382537806/,Yes,Yes,Yes,Yes,quest_query_data_social,Quest,Free,56,56,-0.2683271859,11723,-0.1945068218,-0.4628,A1,74,,,,,,,,,,,,,
Teleporter: World of Gamers (Alpha),First,53,https://teleporter.gg/,https://store.steampowered.com/app/1232510/Teleporter_World_of_Gamers_Alpha/?snr=1_7_7_151_150_2,Yes,Yes,Yes,Yes,steam_query_data_vr_multiplayer,Steam,Free,56,56,-0.2683271859,968,-0.1945255187,-0.4629,A2,83%,,,,,,,,,,,,,
vSpatial,First,98,https://www.vspatial.com/,https://www.oculus.com/experiences/quest/2540393919317658/,Yes,No,,,QuestDB,Quest,Free,267,,,,,,,,,,,,,,,,,,,,
vSpatial,,120,https://www.vspatial.com/,"https://www.meta.com/en-gb/experiences/2540393919317658/
https://store.steampowered.com/app/858900/vSpatial/",Yes,No,,,Google search,"Meta
Steam","Free
Not downloadable",,,,,,,,,,,,,,,,,,,,,
vTime XR,First,7,https://vtime.net/,https://www.meta.com/en-gb/experiences/vtime-xr/1961984627245151/,Yes,Yes,Yes,No,Google search,Meta,Free,148,,,,,,,,,,,,,,,,,,,,
vTime XR,,47,https://www.meta.com/en-gb/experiences/vtime-xr/1961984627245151/,https://www.meta.com/en-gb/experiences/vtime-xr/1961984627245151/,Yes,Yes,Yes,No,quest_query_data_social,Quest,Free,147,,,,,,,70,,,,,,,,,,,,,
vTime XR,,130,https://vtime.net/,https://www.oculus.com/experiences/quest/1961984627245151/,Yes,Yes,Yes,No,QuestDB,Quest,Free,147,,,,,,,,,,,,,,,,,,,,
War Online: Pacific,First,71,https://waronline.com/,https://store.steampowered.com/app/990060/War_Online_Pacific/?snr=1_7_7_151_150_2,,No,,,steam_query_data_vr_multiplayer,Steam,,70,,,,,,,48%,,,,,,,,,,,,,
War Robots VR: The Skirmish,First,85,-,https://store.steampowered.com/app/672640/War_Robots_VR_The_Skirmish/?snr=1_7_7_151_150_2,,No,,,steam_query_data_vr_multiplayer,Steam,,775,,,,,,,79%,,,,,,,,,,,,,
War Thunder,First,1,https://warthunder.com/en,https://store.steampowered.com/app/236390/War_Thunder/?snr=1_7_7_151_150_1,,No,,,steam_query_data_vr_multiplayer,Steam,,529170,,,,,,,73%,,,,,,,,,,,,,
Warplanes: Air Corp,First,91,https://www.meta.com/en-gb/experiences/warplanes-air-corp/5014131998634540/,https://www.meta.com/en-gb/experiences/warplanes-air-corp/5014131998634540/,Yes,No,,,quest_query_data_metaverse,Quest,19.99,396,,,,,,,84,,,,,,,,,,,,,
Wave,First,121,https://wavexr.com/,#N/A,No,#N/A,,,Google search,#N/A,#N/A,,,,,,,,,,,,,,,,,,,,,
WGT Golf,First,10,https://www.wgt.com/,https://store.steampowered.com/app/1182020/WGT_Golf/?snr=1_7_7_151_150_1,,,Yes,No,steam_query_data_vr_multiplayer,Steam,,2611,,,,,,,62%,,,,,,,,,,,,,
WIN Reality Baseball,First,43,https://www.meta.com/en-gb/experiences/win-reality-baseball/3172399986210688/,https://www.meta.com/en-gb/experiences/win-reality-baseball/3172399986210688/,Yes,No,,,quest_query_data_metaverse,Quest,0,2948,,,,,,,78,,,,,,,,,,,,,
Windfall,First,262,http://sailwindfall.com/,https://store.steampowered.com/app/841290/Windfall/?curator_clanid=4777282,No,Yes,,,SteamDB,Steam,Free,,,,,,,,,,,,,,,,,,,,,
Windlands 2,First,51,https://www.meta.com/en-gb/experiences/windlands-2/5418402731545943/,https://www.meta.com/en-gb/experiences/windlands-2/5418402731545943/,Yes,No,,,quest_query_data_social,Quest,24.99,130,,,,,,,88,,,,,,,,,,,,,
Wings VR,First,245,-,https://store.steampowered.com/app/1204900/Wings_VR/?curator_clanid=4777282,No,Yes,,,SteamDB,Steam,Free,,,,,,,,,,,,,,,,,,,,,
Witchblood,First,80,https://www.meta.com/en-gb/experiences/witchblood/7221491444554579/,https://www.meta.com/en-gb/experiences/witchblood/7221491444554579/,Yes,No,,,quest_query_data_metaverse,Quest,11.99,272,,,,,,,88,,,,,,,,,,,,,
Wolvic,First,6,https://www.meta.com/en-gb/experiences/wolvic/5917120145021341/,https://www.meta.com/en-gb/experiences/wolvic/5917120145021341/,Yes,No,,,quest_query_data_social,Quest,0,195,,,,,,,72,,,,,,,,,,,,,
Wolvic,,45,https://www.meta.com/en-gb/experiences/wolvic/5917120145021341/,https://www.meta.com/en-gb/experiences/wolvic/5917120145021341/,Yes,No,,,quest_query_data_metaverse,Quest,0,195,,,,,,,72,,,,,,,,,,,,,
Wonda VR,First,123,https://www.wondavr.com/,,No,,,,Google search,,,,,,,,,,,,,,,,,,,,,,,
WoofChat,First,45,https://store.steampowered.com/app/2518520/WoofChat/?snr=1_7_7_151_150_1,https://store.steampowered.com/app/2518520/WoofChat/?snr=1_7_7_151_150_1,,No,,,steam_query_data_metaverse,Steam,,0,,,,,,,-,,,,,,,,,,,,,
Wooorld,First,75,https://www.meta.com/en-gb/experiences/wooorld/4360608937312293/,https://www.meta.com/en-gb/experiences/wooorld/4360608937312293/,Yes,Yes,Yes,No,quest_query_data_social,Quest,Free,455,,,,,,,70,,,,,,,,,,,,,
Wooorld,,82,https://www.wooorld.io/,https://www.oculus.com/experiences/quest/4360608937312293/,Yes,Yes,Yes,No,QuestDB,Quest,Free,445,,,,,,,,,,,,,,,,,,,,
Wooorld,,95,https://www.meta.com/en-gb/experiences/wooorld/4360608937312293/,https://www.meta.com/en-gb/experiences/wooorld/4360608937312293/,Yes,Yes,Yes,No,quest_query_data_metaverse,Quest,Free,455,,,,,,,70,,,,,,,,,,,,,
World Xplore,First,96,-,https://store.steampowered.com/app/2708960/World_Xplore/?curator_clanid=4777282,No,Yes,,,SteamDB,Steam,Free,,,,,,,,,,,,,,,,,,,,,
WWII Online,First,10,https://store.steampowered.com/app/251950/WWII_Online/?snr=1_7_7_151_150_1,https://store.steampowered.com/app/251950/WWII_Online/?snr=1_7_7_151_150_1,,No,,,steam_query_data_metaverse,Steam,,3638,,,,,,,49%,,,,,,,,,,,,,
X8,First,43,https://playx8vr.com/en/,https://store.steampowered.com/app/1763510/X8/?snr=1_7_7_151_150_1,Yes,No,,,steam_query_data_vr_multiplayer,Steam,Free,173,,,,,,,83%,,,,,,,,,,,,,
X8,,67,https://www.meta.com/en-gb/experiences/x8/4518172508241377/,https://www.meta.com/en-gb/experiences/x8/4518172508241377/,Yes,No,,,quest_query_data_metaverse,Quest,Free,2827,,,,,,,96,,,,,,,,,,,,,
Xbox Cloud Gaming (Beta),First,33,https://www.meta.com/en-gb/experiences/xbox-cloud-gaming-beta/6096836170400630/,https://www.meta.com/en-gb/experiences/xbox-cloud-gaming-beta/6096836170400630/,Yes,No,,,quest_query_data_metaverse,Quest,0,843,,,,,,,62,,,,,,,,,,,,,
XRWorkout,First,63,https://www.meta.com/en-gb/experiences/xrworkout/8266372770101746/,https://www.meta.com/en-gb/experiences/xrworkout/8266372770101746/,Yes,Yes,Yes,No,quest_query_data_metaverse,Quest,0,246,,,,,,,78,,,,,,,,,,,,,
VRROOM,,19,https://vrroom.world/,https://store.steampowered.com/app/2166320/VRROOM/?snr=1_7_7_151_150_1,Yes,Yes,Yes,Yes,steam_query_data_metaverse,Steam,Free,17,17,-0.2693612101,2758,-0.1945224069,-0.4639,A1,41%,,,,,,,,,,,,,
Yeeps: Hide and Seek,First,23,https://www.meta.com/en-gb/experiences/yeeps-hide-and-seek/7276525889052788/,https://www.meta.com/en-gb/experiences/yeeps-hide-and-seek/7276525889052788/,Yes,Yes,Yes,Yes,quest_query_data_social,Quest,Free,53273,,,,,,,98,,,,,,,,,,,,,
Yeeps: Hide and Seek,,73,https://www.meta.com/en-gb/experiences/yeeps-hide-and-seek/7276525889052788/,https://www.meta.com/en-gb/experiences/yeeps-hide-and-seek/7276525889052788/,Yes,Yes,Yes,Yes,quest_query_data_metaverse,Quest,Free,53273,,,,,,,98,,,,,,,,,,,,,
Yep!,First,73,-,https://store.steampowered.com/app/3058320/Yep/?curator_clanid=4777282,No,Yes,,,SteamDB,Steam,Free,,,,,,,,,,,,,,,,,,,,,
Yupitergrad 2: The Lost Station,First,83,https://www.meta.com/en-gb/experiences/yupitergrad-2-the-lost-station/4446075785447064/,https://www.meta.com/en-gb/experiences/yupitergrad-2-the-lost-station/4446075785447064/,Yes,No,,,quest_query_data_metaverse,Quest,17.99,66,,,,,,,84,,,,,,,,,,,,,
Zaccaria Pinball,First,21,-,https://store.steampowered.com/app/444930/Zaccaria_Pinball/?snr=1_7_7_151_150_1,,No,,,steam_query_data_vr_multiplayer,Steam,,1475,,,,,,,83%,,,,,,,,,,,,,
Zenith: Nexus,First,34,https://zenithmmo.com/,https://store.steampowered.com/app/1403370/Zenith_Nexus/?snr=1_7_7_151_150_1,Yes,Yes,No,,steam_query_data_vr_multiplayer,Steam,Free,4393,,,,,,,69%,,,,,,,,,,,,,
Zenith: Nexus,,51,https://www.meta.com/en-gb/experiences/zenith-nexus/3594982710558708/,https://www.meta.com/en-gb/experiences/zenith-nexus/3594982710558708/,Yes,No,No,,quest_query_data_metaverse,Quest,Free,7201,,,,,,,84,,,,,,,,,,,,,
Zero Caliber 2,First,86,https://www.meta.com/en-gb/experiences/zero-caliber-2/6072194326150034/,https://www.meta.com/en-gb/experiences/zero-caliber-2/6072194326150034/,Yes,No,,,quest_query_data_metaverse,Quest,27.99,492,,,,,,,88,,,,,,,,,,,,,
Zoe,,17,https://www.meta.com/en-gb/experiences/zoe/5464660053555314/,https://www.meta.com/en-gb/experiences/zoe/5464660053555314/,Yes,Yes,Yes,Yes,quest_query_data_metaverse,Quest,Free,102,,,,,,,72,,,,,,,,,,,,,
vrzone,First,9,https://vrzone.io/,https://sidequestvr.com/app/429,Yes,Yes,Yes,Yes,Google search,"Meta, PC, MacOs",Free,3,3,-0.2697323982,2314,-0.1945231787,-0.4643,A2,,,,,,,,,,,,,,
Zoe,,160,https://zoeimmersive.com/,https://www.oculus.com/experiences/quest/5464660053555314/,Yes,Yes,Yes,Yes,QuestDB,Quest,Free,101,,,,,,,,,,,,,,,,,,,,
ZuseRunners,First,12,https://www.meta.com/en-gb/experiences/zuserunners/6289885221105652/,https://www.meta.com/en-gb/experiences/zuserunners/6289885221105652/,Yes,Yes,No,No,quest_query_data_social,Quest,Free,409,,,,,,,82,,,,,,,,,,,,,
ZuseRunners,,36,https://www.meta.com/en-gb/experiences/zuserunners/6289885221105652/,https://www.meta.com/en-gb/experiences/zuserunners/6289885221105652/,Yes,No,No,No,quest_query_data_metaverse,Quest,Free,409,,,,,,,82,,,,,,,,,,,,,
ZuseRunners,,85,https://zuserunners.com/,https://www.oculus.com/experiences/quest/6289885221105652/,Yes,Yes,No,No,QuestDB,Quest,Free,380,,,,,,,,,,,,,,,,,,,,
大千 VAST,First,37,https://store.steampowered.com/app/2562450/_VAST/?snr=1_7_7_151_150_1,https://store.steampowered.com/app/2562450/_VAST/?snr=1_7_7_151_150_1,Book,Yes,,,steam_query_data_metaverse,Steam,Free,0,,,,,,,-,,,,,,,,,,,,,
大千 VAST,,117,-,https://store.steampowered.com/app/2562450/_VAST/?curator_clanid=4777282,Book,Yes,,,SteamDB,Steam,Free,,,,,,,,,,,,,,,,,,,,,