bib,test title,Title,Topic,Topic-code,Topic-code,Description,Methodology,Attacker,Attacker-code,Attacker-code,Attacker,use-case,Abstract,conference,year,URL,PDF,Presentation,Attacker,Attack Group,Selected Attack
Denning_Dehlawi_Kohno_2014,In Situ with Bystanders of Augmented Reality Glasses: Perspectives on Recording and Privacy-Mediating Technologies,In Situ with Bystanders of Augmented Reality Glasses: Perspectives on Recording and Privacy-Mediating Technologies,Users concerns,user_concerns,user_concerns,"Participant feels observed when being in the same sapce with user of AR devices (e.g. recording glassing, etc)",User Study with end user,malicious bystander,malicious_bystander,malicious_bystander,,user perceptions,"Augmented reality (AR) devices are poised to enter the market. It is unclear how the properties of these devices will affect individuals' privacy. In this study, we investigate the privacy perspectives of individuals when they are bystanders around AR devices. We conducted 12 field sessions in cafés and interviewed 31 bystanders regarding their reactions to a co-located AR device. Participants were predominantly split between having indifferent and negative reactions to the device. Participants who expressed that AR devices change the bystander experience attributed this difference to subtleness, ease of recording, and the technology's lack of prevalence. Additionally, participants surfaced a variety of factors that make recording more or less acceptable, including what they are doing when the recording is being taken. Participants expressed interest in being asked permission before being recorded and in recording-blocking devices. We use the interview results to guide an exploration of design directions for privacy-mediating technologies.",SIGCHI,2014,https://dl.acm.org/doi/10.1145/2556288.2557352,https://ar-sec.cs.washington.edu/files/ar-chi2014.pdf,,,,
Adams_Bah_Barwulor_Musaby_Pitkin_Redmiles_2018,Ethics Emerging: the Story of Privacy and Security Perceptions in Virtual Reality,Ethics Emerging: the Story of Privacy and Security Perceptions in Virtual Reality,USers and Deveoper Concerns,developer_concerns,developer_concerns,"Users concerns: harassment, security vulnerabilities, and potential misuse of data collected by always-on sensors like cameras and microphones. Developers: emphasized creating immersive experiences and ensuring user well-being but lacked a unified approach to handling privacy and security concerns. Authors created an ethic guide.","User study with end users and developers. Survey on VR privacy policies, and an ethics co-design study with VR developers and end-user.",N/A ( malicious VR spy user ),"N/A, malicious_bystander","N/A, malicious_bystander",,user and developer perceptions,"Virtual reality (VR) technology aims to transport the user to a virtual world, fully immersing them in an experience entirely separate from the real world. VR devices can use sensor data to draw deeply personal inferences, for example about medical conditions and emotions. Further, VR environments can enable virtual crimes (e.g., theft, assault on virtual representations of the user) from which users have been shown to experience emotional pain similar in magnitude to physical crimes. As such, VR may involve especially sensitive user data and interactions. To effectively mitigate such risks and design for safer experiences, we must understand end-user perceptions of VR risks and how, if at all, developers are considering and addressing those risks. In this paper, we present the first work on VR security and privacy perceptions: a mixed-methods study involving semi-structured interviews with 20 VR users and developers, a survey of VR privacy policies, and an ethics co-design study with VR developers. We establish a foundational understanding of users' concerns about privacy, security, and well-being (both physical and psychological) in VR; raise concerns about the state of VR privacy policies; and contribute a concrete VR developer ""code of ethics'', created by developers, for developers.",SOUPS,2018,https://www.usenix.org/conference/soups2018/presentation/adams,https://www.usenix.org/system/files/conference/soups2018/soups2018-adams.pdf,,,,
von_Willich_Funk_Müller_Marky_Riemann_Mühlhäuser_2019,You Invaded my Tracking Space! Using Augmented Virtuality for Spotting Passersby in Room-Scale Virtual Reality,You Invaded my Tracking Space! Using Augmented Virtuality for Spotting Passersby in Room-Scale Virtual Reality,spatial awarness,"spatial_awareness, bystander","spatial_awareness, bystander",Malicious bystand can spy on you. Authors proposed 3 methods to show in the VR the passerby.,Prototype implementatio for bystander problem.,malicious bystander,malicious_bystander,malicious_bystander,,Show passerby/malicious bystander,"With the proliferation of room-scale Virtual Reality (VR), more and more users install a VR system in their homes. When users are in VR, they are usually completely immersed in their application. However, sometimes passersby invade these tracking spaces and walk up to users that are currently immersed in VR to try and interact with them. As this either scares the user in VR or breaks the user's immersion, research has yet to find a way to seamlessly represent physical passersby in virtual worlds. In this paper, we propose and evaluate three different ways to represent physical passersby in a Virtual Environment using Augmented Virtuality. The representations encompass showing a Pointcloud, showing a 3D-Model, and showing an Image Overlay of the passerby. Our results show that while an Image Overlay and a 3D-Model are the fastest representations to spot passersby, the 3D-Model and the Pointcloud representations were the most accurate.",DIS,2019,https://dl.acm.org/doi/10.1145/3322276.3322334,https://sci-hub.se/10.1145/3322276.3322334,,,,
Gopal_Shukla_Wheelock_Saxena_2023,"Hidden Reality: Caution, Your Hand Gesture Inputs in the Immersive Virtual World are Visible to All","Hidden Reality: Caution, Your Hand Gesture Inputs in the Immersive Virtual World are Visible to All","attack, keylogging, bystander","keylogging, bystander","keylogging, bystander",Bystander record the hands movement and use computer vision to infer what you type.,"They record video, create a dataset and then test it with unlabeled video.",malicious bystander,malicious_bystander,malicious_bystander,,Attack: keylogging,"Text entry is an inevitable task while using Virtual Reality (VR) devices in a wide range of applications such as remote learning, gaming, and virtual meeting. VR users enter passwords/pins to log in to their user accounts in various applications and type regular text to compose emails or browse the internet. The typing activity on VR devices is believed to be resistant to direct observation attacks as the virtual screen in an immersive environment is not directly visible to others present in physical proximity. This paper presents a video-based side-channel attack, Hidden Reality (HR), that shows – although the virtual screen in VR devices is not in direct sight of adversaries, the indirect observations might get exploited to steal the user’s private information. The Hidden Reality (HR) attack utilizes video clips of the user’s hand gestures while they type on the virtual screen to decipher the typed text in various key entry scenarios on VR devices including typed pins and passwords. Experimental analysis performed on a large corpus of 368 video clips show that the Hidden Reality model can successfully decipher an average of over 75% of the text inputs. The high success rate of our attack model led us to conduct a user study to understand the user’s behavior and perception of security in virtual reality. The analysis showed that over 95% of users were not aware of any security threats on VR devices and believed the immersive environments to be secure from digital attacks. Our attack model challenges users’ false sense of security in immersive environments and emphasizes the need for more stringent security solutions in VR space.",USENIX,2023,https://www.usenix.org/conference/usenixsecurity23/presentation/gopal,https://www.usenix.org/system/files/usenixsecurity23-gopal.pdf,,,,
Arafat_Guo_Awad_2021,VR-Spy: A Side-Channel Attack on Virtual Key-Logging in VR Headsets,VR-Spy: A Side-Channel Attack on Virtual Key-Logging in VR Headsets,"bystander, side-channel, attack, keylogging, wifi","bystander, side_channel, wifi","bystander, side_channel, wifi",An attacker can place wi-fi recording device in the victim room to infer what the victim is typing.,They record lot of keystroke wi-fi amplitudes oscillation to create a dataset. Then they show an attacker can infer from the change of the wi-fi signal the keystroke.,malicious bystander,malicious_bystander,malicious_bystander,,Attack: keylogging,"In Virtual Reality (VR), users typically interact with the virtual world using virtual keyboard to insert keywords, surfing the webpages, or typing passwords to access online accounts. Hence, it becomes imperative to understand the security of virtual keystrokes. In this paper, we present VR-Spy, a virtual keystrokes recognition method using channel state information (CSI) of WiFi signals. To the best of our knowledge, this is the first work that uses WiFi signals to recognize virtual keystrokes in VR headsets. The key idea behind VR -Spy is that the side-channel information of fine-granular hand movements associated with each virtual keystroke has a unique gesture pattern in the CSI waveforms. Our novel pattern extraction algorithm leverages signal processing techniques to extract the patterns from the variations of CSI. We implement VR-Spy using two Commercially Off-The-Shelf (COTS) devices, a transmitter (WAVLINK router), and a receiver (Intel NUC with an IWL 5300 NIC). Finally, VR-Spy achieves a virtual keystrokes recognition accuracy of 69.75% in comparison to techniques that assume very advanced adversary models with vision and motion sensors near the victim",IEEE VR,2021,https://ieeexplore.ieee.org/document/9417659,https://zguo32.wordpress.ncsu.edu/files/2023/04/Arafat-et-al.-2021-VR-Spy-A-Side-Channel-Attack-on-Virtual-Key-Loggi.pdf,,,,
ndss_eaves,Eavesdropping on Controller Acoustic Emanation for Keystroke Inference Attack in Virtual Reality,Eavesdropping on Controller Acoustic Emanation for Keystroke Inference Attack in Virtual Reality,"bystander, side-channel, attack, keylogging, acoustic ,audio","audio, side_channel, keylogging, bystander","audio, side_channel, keylogging, bystander",An attacker can listen to 2 microphone and infer what are the position of the joystick to infer what you type.,They record lot of click sounds and infer the position with a model trained on that dataset.,"malicious bystander, wi-fi, hardware, side-channel",malicious_bystander,malicious_bystander,,Attack: keylogging,"Understanding the vulnerability of virtual reality (VR) is crucial for protecting sensitive data and building user trust in VR ecosystems. Previous attacks have demonstrated the feasibility of inferring VR keystrokes inside head-mounted displays (HMDs) by recording side-channel signals generated during user-HMD interactions. However, these attacks are heavily constrained by the physical layout or victim pose in the attack scenario since the recording device must be strictly positioned and oriented in a particular way with respect to the victim. In this paper, we unveil a placement-flexible keystroke inference attack in VR by eavesdropping the clicking sounds of the moving hand controller during keystrokes. The malicious recording smartphone can be placed anywhere surrounding the victim, making the attack more flexible and practical to deploy in VR environments. As the first acoustic attack in VR, our system, Heimdall, overcomes unique challenges unaddressed by previous acoustic attacks on physical keyboards and touchscreens. These challenges include differentiating sounds in a 3D space, adaptive mapping between keystroke sound and key in varying recording placement, and handling occasional hand rotations. Experiments with 30 participants show that Heimdall achieves key inference accuracy of 96.51% and top-5 accuracy of 85.14%-91.22% for inferring passwords with 4-8 characters. Heimdall is also robust under various practical impacts such as smartphone-user placement, attack environments, hardware models, and victim conditions.",NDSS,2024,https://www.ndss-symposium.org/ndss-paper/eavesdropping-on-controller-acoustic-emanation-for-keystroke-inference-attack-in-virtual-reality/,https://www.ndss-symposium.org/wp-content/uploads/2024-100-paper.pdf,,,,
PlaceAvoider,PlaceAvoider: Steering First-Person Cameras away from Sensitive Spaces,PlaceAvoider: Steering First-Person Cameras away from Sensitive Spaces,"input, raw sensor data, recognizer, privacy, spying","raw_sensor_data, recognizer, privacy_spying","raw_sensor_data, recognizer, privacy_spying",Wearable cameras can record possible sensitive data. The author technique use an image classifier to find private spaces.,Machine Learning model trained to find private spaces.,malicious VR spy user,malicious_bystander,malicious_bystander,,Attack: AR spying on private spaces,"Wearable camera products (Glass, Autographer, and Narrative among others) will inevitably collect images in sensitive spaces. We introduce PlaceAvoider, a technique to identify the fine-grained location of photo content to inform access policies. PlaceAvoider performs image analysis with local and global features along with a temporal analysis for photo streams.",NDSS,2014,https://www.ndss-symposium.org/ndss2014/ndss-2014-programme/placeavoider-steering-first-person-cameras-away-sensitive-spaces/,https://www.ndss-symposium.org/wp-content/uploads/2017/09/09_1_1.pdf,,,,
Jana_Molnar_Moshchuk_Dunn_Livshits_Wang_Ofek_2013,Enabling Fine-Grained Permissions for Augmented Reality Applications with Recognizer,Enabling Fine-Grained Permissions for Augmented Reality Applications with Recognizer,"raw sensor, data, OS, input module, recognizer, permission, privacy, spying","permissions, input_module, output_module, recognizer, privacy_spying, OS","permissions, input_module, output_module, recognizer, privacy_spying, OS",Apps should no access raw sensors since they contain privacy sensistive information. The OS give abstraction to the app with the use of recognizers. Those abtraction access can be given to apps like permission.,Authors implement in Kinect an OS-like module that manage the input ( take raw data and abstract it),malicious application,malicious_application,malicious_application,app,Attack: Application collecting personal data,"Augmented reality (AR) applications sense the environment, then render virtual objects on human senses. Examples include smartphone applications that annotate storefronts with reviews and XBox Kinect games that show ""avatars"" mimicking human movements. No current OS has special support for such applications. As a result, permissions for AR applications are necessarily coarse-grained: applications must ask for access to raw sensor feeds, such as video and audio. These raw feeds expose significant additional information beyond what applications need, including sensitive information such as the user’s location, face, or surroundings. Instead of exposing raw sensor data to applications directly, we introduce a new OS abstraction: the recognizer. A recognizer takes raw sensor data as input and exposes higher-level objects, such as a skeleton or a face, to applications. We propose a fine-grained permission system where applications request permissions at the granularity of recognizer objects. We analyze 87 shipping AR applications and find that a set of four core recognizers covers almost all current apps. We also introduce privacy goggles, a visualization of sensitive data exposed to an application. Surveys of 962 people establish a clear ""privacy ordering"" over recognizers and demonstrate that privacy goggles are effective at communicating application capabilities. We build a prototype on Windows that exposes nine recognizers to applications, including the Kinect skeleton tracker. Our prototype incurs negligible overhead for single applications, while improving performance of concurrent applications and enabling secure offloading of heavyweight recognizer computation.",USENIX,2013,https://www.usenix.org/conference/usenixsecurity13/technical-sessions/presentation/jana,https://www.usenix.org/system/files/conference/usenixsecurity13/sec13-paper_jana.pdf,,app,Data collection,Position Logging
Roesner_Molnar_Moshchuk_Kohno_Wang_2014,World-Driven Access Control for Continuous Sensing,World-Driven Access Control for Continuous Sensing,"input, raw sensor data, recognizer, privacy, spying, input module, OS","raw_sensor_data, recognizer,input_module, output_module, privacy_spying, OS","raw_sensor_data, recognizer,input_module, output_module, privacy_spying, OS","Device with wearable cameras could record in places you would not want to record ( bathroom ). Authors propose recognizers for recording/camera usage to make the app not access sopecific content. They also create ""permission"" for app with recognizers.",Authors implement recognizers with QR-code and other techniques,Malicious application,malicious_application,malicious_application,app,Attack: Application collecting personal data,"Modern applications increasingly rely on continuous monitoring of video, audio, or other sensor data to provide their functionality, particularly in platforms such as the Microsoft Kinect and Google Glass. Continuous sensing by untrusted applications poses significant privacy challenges for both device users and bystanders. Even honest users will struggle to manage application permissions using existing approaches. We propose a general, extensible framework for controlling access to sensor data on multi-application continuous sensing platforms. Our approach, world-driven access control, allows real-world objects to explicitly specify access policies. This approach relieves the user's permission management burden while mediating access at the granularity of objects rather than full sensor streams. A trusted policy module on the platform senses policies in the world and modifies applications' ""views"" accordingly. For example, world-driven access control allows the system to automatically stop recording in bathrooms or remove bystanders from video frames,without the user prompted to specify or activate such policies. To convey and authenticate policies, we introduce passports, a new kind of certificate that includes both a policy and optionally the code for recognizing a real-world object. We implement a prototype system and use it to study the feasibility of world-driven access control in practice. Our evaluation suggests that world-driven access control can effectively reduce the user's permission management burden in emerging continuous sensing systems. Our investigation also surfaces key challenges for future access control mechanisms for continuous sensing applications.",CCS,2013,https://dl.acm.org/doi/10.1145/2660267.2660319,https://www.microsoft.com/en-us/research/wp-content/uploads/2016/02/wdac-tr.pdf,,app,Data collection,Position Logging
Vilk_Molnar_Livshits_Ofek_Rossbach_Moshchuk_Wang_Gal_2015,SurroundWeb: Mitigating Privacy Concerns in a 3D Web Browse,SurroundWeb: Mitigating Privacy Concerns in a 3D Web Browse,"3D Web Browsers, Privacy, Abstractions, raw sensor data, input module, output module","web_browsers, privacy, input_module, output_module","web_browsers, privacy, input_module, output_module","3D web browser designed to project content onto room surfaces while protecting privacy using three abstractions: room skeleton, detection sandbox, and satellite screens. Limits exposure of sensitive information to applications.","Prototype implementation, user surveys to assess privacy perceptions",Malicious application,malicious_application,malicious_application,app,Attack: Application reading more than it should.,"Immersive experiences that mix digital and real-world objects are becoming reality, but they raise serious privacy concerns as they require real-time sensor input. These experiences are already present on smartphones and game consoles via Kinect, and will eventually emerge on the web platform. However, browsers do not expose the display interfaces needed to render immersive experiences. Previous security research focuses on controlling application access to sensor input alone, and do not deal with display interfaces. Recent research in human computer interactions has explored a variety of high-level rendering interfaces for immersive experiences, but these interfaces reveal sensitive data to the application. Bringing immersive experiences to the web requires a high-level interface that mitigates privacy concerns. This paper presents Surround Web, the first 3D web browser, which provides the novel functionality of rendering web content onto a room while tackling many of the inherent privacy challenges. Following the principle of least privilege, we propose three abstractions for immersive rendering: 1) the room skeleton lets applications place content in response to the physical dimensions and locations of render able surfaces in a room, 2) the detection sandbox lets applications declaratively place content near recognized objects in the room without revealing if the object is present, and 3) satellite screens let applications display content across devices registered with Surround Web. Through user surveys, we validate that these abstractions limit the amount of revealed information to an acceptable degree. In addition, we show that a wide range of immersive experiences can be implemented with acceptable performance",IEEE SP,2015,https://ieeexplore.ieee.org/document/7163040,https://ieeexplore.ieee.org/stamp/stamp.jsp?tp=&arnumber=7163040,,app,Data collection,Position Logging
Kim_Goutam_Rahmati_Kaufman_2023,Erebus: Access Control for Augmented Reality Systems,Erebus: Access Control for Augmented Reality Systems,"Access Control, Privacy, AR Permissions","access_control, permissions","access_control, permissions","Erebus framework introduces fine-grained access control for AR applications, enabling users to limit sensor data exposure based on specific rules using a domain-specific language (when, where, what, etc). Enforces ""least privilege"" by allowing permissions only under defined conditions.",Implemented on Google ARCore SDK; evaluated across five AR applications with policy enforcement,Malicious application,malicious_application,malicious_application,app,Attack: Application getting more data,"Augmented Reality (AR) is widely considered the next evolution in personal devices, enabling seamless integration of the digital world into our reality. Such integration, however, often requires unfettered access to sensor data, causing significant overprivilege for applications that run on these platforms. Through analysis of 17 AR systems and 45 popular AR applications, we explore existing mechanisms for access control in AR platforms, identify key trends in how AR applications use sensor data, and pinpoint unique threats users face in AR environments. Using these findings, we design and implement Erebus, an access control framework for AR platforms that enables fine-grained control over data used by AR applications. Erebus achieves the principle of least privileged through creation of a domain-specific language (DSL) for permission control in AR platforms, allowing applications to specify data needed for their functionality. Using this DSL, Erebus further enables users to customize app permissions to apply under specific user conditions. We implement Erebus on Google's ARCore SDK and port five existing AR applications to demonstrate Erebus capability to secure various classes of apps. Performance results using these applications and various microbenchmarks show that Erebus achieves its security goals while being practical, introducing negligible performance overhead to the AR system.",USENIX,2023,https://www.usenix.org/conference/usenixsecurity23/presentation/kim-yoonsang,https://www.usenix.org/system/files/usenixsecurity23-kim-yoonsang.pdf,,app,Data collection,Position Logging
Munilla_Garrido_Nair_Song_2024,SoK: Data Privacy in Virtual Reality,SoK: Data Privacy in Virtual Reality,"Privacy, Data Attributes, VR","data_attributes, VR_privacy, fingerprinting","data_attributes, VR_privacy, fingerprinting","Taxonomy of data attributes, threats, and defenses in VR, examining privacy risks associated with VR telemetry data. Analyzes privacy breaches and identifies opportunities for privacy-preserving methods in VR contexts.",Systematic review and taxonomy development based on 75 papers.,Malicious application/ Malicious Server,"malicious_application, malicious_server","malicious_application, malicious_server",app,"Attack: Privacy data leakage, fingerprinting","The adoption of virtual reality (VR) technologies has rapidly gained momentum in recent years as companies around the world begin to position the so-called ""metaverse"" as the next major medium for accessing and interacting with the internet. While consumers have become accustomed to a degree of data harvesting on the web, the real-time nature of data sharing in the metaverse indicates that privacy concerns are likely to be even more prevalent in the new ""Web 3.0."" Research into VR privacy has demonstrated that a plethora of sensitive personal information is observable by various would-be adversaries from just a few minutes of telemetry data. On the other hand, we have yet to see VR parallels for many privacy-preserving tools aimed at mitigating threats on conventional platforms. This paper aims to systematize knowledge on the landscape of VR privacy threats and countermeasures by proposing a comprehensive taxonomy of data attributes, protections, and adversaries based on the study of 68 collected publications. We complement our qualitative discussion with a statistical analysis of the risk associated with various data sources inherent to VR in consideration of the known attacks and defenses. By focusing on highlighting the clear outstanding opportunities, we hope to motivate and guide further research into this increasingly important field.",PETS,2024,,https://petsymposium.org/popets/2024/popets-2024-0003.pdf,https://www.youtube.com/watch?v=Eq9rsLhM3Bs,app,Fingerprinting,fingeprinting user
Lim_Yun_Ham_Kim_2022,Mine Yourself!: A Role-playing Privacy Tutorial in Virtual Reality Environment,Mine Yourself!: A Role-playing Privacy Tutorial in Virtual Reality Environment,"Users concerns, data collection, privacy policies","user_concerns, data_collection, policy","user_concerns, data_collection, policy","Proposes a role-playing privacy tutorial within VR to increase user awareness of data collection and privacy policies, enhancing satisfaction and engagement compared to traditional Privacy Policy formats.","Study with interviews and drawing sessions, followed by a role-playing tutorial implementation and user study for efficacy evaluation",N/A ( Application asking to many/unclear permission? ),"N/A, malicious_application","N/A, malicious_application",app,Defense: User awarness forming ( like phishing training ),"Virtual Reality (VR) has potential vulnerabilities in privacy risks from collecting a wide range of data with higher density. Various designs to provide information on Privacy Policy (PP) have improved the awareness and motivation towards privacy risks. However, most of them have focused on desktop environments, not utilizing the full potential of VR's immersive interactivity. Therefore, we proposed a role-playing mechanism to provide an immersive experience of interacting with PP's key entities. First, our formative study found insights for PP where VR users had limited awareness of what data to be collected and how to control them. Following this, we implemented a VR privacy tutorial based on our role-playing mechanism and PP from off-the-shelf VR devices. Our privacy tutorial increased a similar amount of privacy awareness with significantly higher satisfaction (p=0.007) than conventional PP. Our tutorial also showed marginally higher usability (p=0.11).",CHI EA,2022,https://dl.acm.org/doi/fullHtml/10.1145/3491101.3519773,http://kuaa.net/publications/2022-Mine_Yourself_A.pdf,https://www.youtube.com/watch?v=IdMeJU986bU,,,
Nair_Munilla_Garrido_Song_OBrien_2023,Exploring the Privacy Risks of Adversarial VR Game Design	,Exploring the Privacy Risks of Adversarial VR Game Design	,"Privacy Risks, Adversarial VR Design, Malicious App, Privacy","privacy_risks, malicious_app","privacy_risks, malicious_app","Investigates how adversarially-designed VR games can covertly harvest over 25 personal data attributes from users through gameplay. Demonstrates that user interactions and motion in response to game elements can be exploited to infer demographics, biometrics, and other sensitive data.",Case study with a VR escape room game; user study involving 50 participants to measure data inference accuracy	,Malicious application,malicious_application,malicious_application,app,Attack: Application harvesting Data,"Thirty study participants playtested an innocent-looking ""escape room"" game in virtual reality (VR). Behind the scenes, an adversarial program had accurately inferred over 25 personal data attributes, from anthropometrics like height and wingspan to demographics like age and gender, within just a few minutes of gameplay. As notoriously data-hungry companies become increasingly involved in VR development, this experimental scenario may soon represent a typical VR user experience. While virtual telepresence applications (and the so-called ""metaverse"") have recently received increased attention and investment from major tech firms, these environments remain relatively under-studied from a security and privacy standpoint. In this work, we illustrate how VR attackers can covertly ascertain dozens of personal data attributes from seemingly-anonymous users of popular metaverse applications like VRChat. These attackers can be as simple as other VR users without special privilege, and the potential scale and scope of this data collection far exceed what is feasible within traditional mobile and web applications. We aim to shed light on the unique privacy risks of the metaverse, and provide the first holistic framework for understanding intrusive data harvesting attacks in these emerging VR ecosystems.",PETS,2024,,https://petsymposium.org/popets/2023/popets-2023-0108.pdf,,app,Data collection,Position Logging
Nair_Rack_Guo_Wang_Li_Huang_Cull_OBrien_Latoschik_Rosenberg_et,Inferring Private Personal Attributes of Virtual Reality Users from Ecologically Valid Head and Hand Motion Data,Inferring Private Personal Attributes of Virtual Reality Users from Ecologically Valid Head and Hand Motion Data,"Privacy risks, fingerpriting, de-anonymization","privacy_risks, fingerprinting_deanonymization, PII","privacy_risks, fingerprinting_deanonymization, PII","Demonstrates how head and hand motion data in VR (from a non-adversarial game or adversial game or server) can reveal private information, such as demographics, health, and behavioral attributes","Machine learning classification on head/hand motion data, survey with VR users",Malicious server or application,"malicious_application, malicious_server","malicious_application, malicious_server",app,Attack: Profiling users,"Motion tracking “telemetry” data lies at the core of nearly all modern virtual reality (VR) and metaverse experiences. While generally presumed innocuous, recent studies have demonstrated that motion data actually has the potential to uniquely identify VR users. In this study, we go a step further, showing that a variety of private user information can be inferred just by analyzing motion data recorded from VR devices. We conducted a large-scale survey of VR users (N=1,006) with dozens of questions ranging from background and demographics to behavioral patterns and health information. We then obtained VR motion samples of each user playing the game “Beat Saber,” and attempted to infer their survey responses using just their head and hand motion patterns. Using simple machine learning models, over 40 personal attributes could be accurately and consistently inferred from VR motion data alone. Despite this significant observed leakage, there remains limited awareness of the privacy implications of VR motion data, highlighting the pressing need for privacy-preserving mechanisms in multi-user VR applications",VRW,2024,https://www.computer.org/csdl/proceedings-article/vrw/2024/744900a477/1XldjInXPVe,http://graphics.berkeley.edu/papers/Nair-IPP-2024-03/Nair-IPP-2024-03.pdf,,app,Fingerprinting,fingeprinting user
Nair_Guo_Mattern_Wang_OBrien_Rosenberg_Song_2023,"Unique Identification of 50, 000+ Virtual Reality Users from Head & Hand Motion Dat","Unique Identification of 50, 000+ Virtual Reality Users from Head & Hand Motion Dat","Privacy risks, fingerprinting, de-anonymization","privacy_risks, fingerprinting_deanonymization, PII","privacy_risks, fingerprinting_deanonymization, PII","Demonstrates that VR head and hand motion data from popular games (like ""Beat Saber"") can uniquely identify users, achieving 94% accuracy with just 100 seconds of data	",Machine learning model on large VR motion dataset,Malicious server or application,"malicious_application, malicious_server","malicious_application, malicious_server",app,Attack: Profiling users,"With the recent explosive growth of interest and investment in virtual reality (VR) and the so-called ""metaverse,"" public attention has rightly shifted toward the unique security and privacy threats that these platforms may pose. While it has long been known that people reveal information about themselves via their motion, the extent to which this makes an individual globally identifiable within virtual reality has not yet been widely understood. In this study, we show that a large number of real VR users (N=55,541) can be uniquely and reliably identified across multiple sessions using just their head and hand motion relative to virtual objects. After training a classification model on 5 minutes of data per person, a user can be uniquely identified amongst the entire pool of 50,000+ with 94.33% accuracy from 100 seconds of motion, and with 73.20% accuracy from just 10 seconds of motion. This work is the first to truly demonstrate the extent to which biomechanics may serve as a unique identifier in VR, on par with widely used biometrics such as facial or fingerprint recognition.",USENIX,2023,https://dl.acm.org/doi/10.5555/3620237.3620288,https://www.usenix.org/system/files/usenixsecurity23-nair-identification.pdf,,app,Fingerprinting,fingeprinting user
Wu_Shi_Zhang_Walker_Liu_Saxena_Chen_2023,Privacy Leakage via Unrestricted Motion-Position Sensors in the Age of Virtual Reality: A Study of Snooping Typed Input on Virtual Keyboards,Privacy Leakage via Unrestricted Motion-Position Sensors in the Age of Virtual Reality: A Study of Snooping Typed Input on Virtual Keyboards,"Privacy risks, keystroke snooping, side-channel attack, sensor, raw data","privacy_risks, keylogging, side_channel, raw_sensor_data","privacy_risks, keylogging, side_channel, raw_sensor_data",Shows how unrestricted access to VR motion and position sensors can allow attackers to infer keystrokes typed on a virtual keyboard.,"PoC app/website and experiments with VR systems, data collection and analysis on typing using sensors data available with no permission.",Malicious application or website,"malicious_application, malicious_server","malicious_application, malicious_server",app,Attack: Keylogging,"Virtual Reality (VR) has gained popularity in numerous fields, including gaming, social interactions, shopping, and education. In this paper, we conduct a comprehensive study to assess the trustworthiness of the embedded sensors on VR, which embed various forms of sensitive data that may put users’ privacy at risk. We find that accessing most on-board sensors (e.g., motion, position, and button sensors) on VR SDKs/APIs, such as OpenVR, Oculus Platform, and WebXR, requires no security permission, exposing a huge attack surface for an adversary to steal the user’s privacy. We validate this vulnerability through developing malware programs and malicious websites and specifically explore to what extent it exposes the user’s information in the context of keystroke snooping. To examine its actual threat in practice, the adversary in the considered attack model doesn’t possess any labeled data from the user nor knowledge about the user’s VR settings. Extensive experiments, involving two mainstream VR systems and four keyboards with different typing mechanisms, demonstrate that our proof-of-concept attack can recognize the user’s virtual typing with over 89.7% accuracy. The attack can recover the user’s passwords with up to 84.9% recognition accuracy if three attempts are allowed and achieve an average of 87.1% word recognition rate for paragraph inference. We hope this study will help the community gain awareness of the vulnerability in the sensor management of current VR systems and provide insights to facilitate the future design of more comprehensive and restricted sensor access control mechanisms.",IEEE SP,2023,,https://www.winlab.rutgers.edu/~yychen/papers/Privacy%20Leakage%20via%20Unrestricted%20Motion-Position%20Sensors%20in%20the%20Age%20of%20Virtual%20Reality.pdf,,app,Keylogging,fake keylogging
Tricomi_Nenna_Pajola_Conti_Gamberini_2023,You Can’t Hide Behind Your Headset: User Profiling in Augmented and Virtual Reality,You Can’t Hide Behind Your Headset: User Profiling in Augmented and Virtual Reality,"Privacy risks, user profiling, de-anonymization","privacy_risks, user_profiling, fingerprinting, deanonymization, PII","privacy_risks, user_profiling, fingerprinting, deanonymization, PII","Examines how behavioral data from AR and VR (e.g., head, controller, eye data) can be used for user profiling, including age and gender inference.",Machine learning on behavioral data from AR/VR tasks with varying workloads.,Malicious application or server.,"malicious_application, malicious_server","malicious_application, malicious_server",app,Attack: Profiling users,"Augmented and Virtual Reality (AR and VR), collectively known as Extended Reality (XR), are increasingly gaining traction thanks to their technical advancement and the need for remote connections, recently accentuated by the pandemic. Remote surgery, telerobotics, and virtual offices are only some examples of their successes. As users interact with XR, they generate extensive behavioral data usually leveraged for measuring human activity, which could be used for profiling users’ identities or personal information (e.g., gender). However, several factors affect the efficiency of profiling, such as the technology employed, the action taken, the mental workload, the presence of bias, and the sensors available. To date, no study has considered all of these factors together and in their entirety, limiting the current understanding of XR profiling. In this work, we provide a comprehensive study on user profiling in virtual technologies (i.e., AR, VR). Specifically, we employ machine learning on behavioral data (i.e., head, controllers, and eye data) to identify users and infer their individual attributes (i.e., age, gender). Toward this end, we propose a general framework that can potentially infer any personal information from any virtual scenarios. We test our framework on eleven generic actions (e.g., walking, searching, pointing) involving low and high mental loads, derived from two distinct use cases: an AR everyday application (34 participants) and VR robot teleoperation (35 participants). Our framework limits the burden of creating technology- and action-dependent algorithms, also reducing the experimental bias evidenced in previous work, providing a simple (yet effective) baseline for future works. We identified users up to 97% F1-score in VR and 80% in AR. Gender and Age inference was also facilitated in VR, reaching up to 82% and 90% F1-score, respectively. Through an in-depth analysis of sensors’ impact, we found VR profiling resulting more effective than AR ma...",IEEE Access,2022,,https://ieeexplore.ieee.org/stamp/stamp.jsp?tp=&arnumber=10027854,,app,Fingerprinting,fingeprinting user
Trimananda_Le_Cui_Ho_Shuba_Markopoulou_2022,OVRseen: Auditing Network Traffic and Privacy Policies in Oculus VR,OVRseen: Auditing Network Traffic and Privacy Policies in Oculus VR,"Privacy risks, data flow analysis, policy audit","privacy_risks, data_flow, policy","privacy_risks, data_flow, policy","Analyzes personal data exposure by Oculus VR apps through network traffic and privacy policies, highlighting discrepancies in data practices and policy statements.","Network traffic capture, decryption, dynamic hooking, frida, and NLP-based policy analysis on Quest 2	",Malicious server,malicious_server,malicious_server,,"Attack: Data collection for tracking, analytics, and profiling","Virtual reality (VR) is an emerging technology that enables new applications but also introduces privacy risks. In this paper, we focus on Oculus VR (OVR), the leading platform in the VR space and we provide the first comprehensive analysis of personal data exposed by OVR apps and the platform itself, from a combined networking and privacy policy perspective. We experimented with the Quest 2 headset and tested the most popular VR apps available on the official Oculus and the SideQuest app stores. We developed OVRseen, a methodology and system for collecting, analyzing, and comparing network traffic and privacy policies on OVR. On the networking side, we captured and decrypted network traffic of VR apps, which was previously not possible on OVR, and we extracted data flows, defined as〈app, data type, destination〉. Compared to the mobile and other app ecosystems, we found OVR to be more centralized and driven by tracking and analytics, rather than by third-party advertising. We show that the data types exposed by VR apps include personally identifiable information (PII), device information that can be used for fingerprinting, and VR-specific data types. By comparing the data flows found in the network traffic with statements made in the apps' privacy policies, we found that approximately 70% of OVR data flows were not properly disclosed. Furthermore, we extracted additional context from the privacy policies, and we observed that 69% of the data flows were used for purposes unrelated to the core functionality of apps.",USENIX,2022,https://www.usenix.org/conference/usenixsecurity22/presentation/trimananda,https://www.usenix.org/system/files/sec22-trimananda.pdf,,,,
Guo_Dai_Luo_Zheng_Xu_He_2024,An Empirical Study on Oculus Virtual Reality Applications: Security and Privacy Perspectives,An Empirical Study on Oculus Virtual Reality Applications: Security and Privacy Perspectives,"Privacy risks, policy audit, PII leakage, fingerprinting, de-anonymization","privacy_risks, policy, PII, fingerprinting_deanonymization","privacy_risks, policy, PII, fingerprinting_deanonymization","Examines privacy and security risks in VR apps, revealing high rates of vulnerabilities like PII leakage and inconsistencies in privacy policies with actual app behaviors.",VR-SP detector tool: static code and privacy policy analysis of 500 VR apps.,Malicious server or application.,"malicious_application, malicious_server","malicious_application, malicious_server",app,"Attack: data collection, privacy policy inconsistencies	","Although Virtual Reality (VR) has accelerated its prevalent adoption in emerging metaverse applications, it is not a fundamentally new technology. On one hand, most VR operating systems (OS) are based on off-the-shelf mobile OS (e.g., Android). As a result, VR apps also inherit privacy and security deficiencies from conventional mobile apps. On the other hand, in contrast to conventional mobile apps, VR apps can achieve immersive experience via diverse VR devices, such as head-mounted displays, body sensors, and controllers though achieving this requires the extensive collection of privacy-sensitive human biometrics (e.g., hand-tracking and face-tracking data). Moreover, VR apps have been typically implemented by 3D gaming engines (e.g., Unity), which also contain intrinsic security vulnerabilities. Inappropriate use of these technologies may incur privacy leaks and security vulnerabilities although these issues have not received significant attention compared to the proliferation of diverse VR apps. In this paper, we develop a security and privacy assessment tool, namely the VR-SP detector for VR apps. The VR-SP detector has integrated program static analysis tools and privacy-policy analysis methods. Using the VR-SP detector, we conduct a comprehensive empirical study on 500 popular VR apps. We obtain the original apps from the popular Oculus and SideQuest app stores and extract APK files via the Meta Oculus Quest 2 device. We evaluate security vulnerabilities and privacy data leaks of these VR apps by VR app analysis, taint analysis, and privacy-policy analysis. We find that a number of security vulnerabilities and privacy leaks widely exist in VR apps. Moreover, our results also reveal conflicting representations in the privacy policies of these apps and inconsistencies of the actual data collection with the privacy-policy statements of the apps. Based on these findings, we make suggestions for the future development of VR apps.",ICSE,2024,https://dl.acm.org/doi/10.1145/3597503.3639082,https://arxiv.org/pdf/2402.13815,,app,Data collection,Position Logging
Nair_MunillaGarrido_Song_2023,Going Incognito in the Metaverse: Achieving Theoretically Optimal Privacy-Usability Tradeoffs in VR,Going Incognito in the Metaverse: Achieving Theoretically Optimal Privacy-Usability Tradeoffs in VR,"Privacy defenses, differential privacy, fingerprinting, anonymization","privacy_defenses, differential_privacy, fingerprinting, deanonymization, anonymization, PII","privacy_defenses, differential_privacy, fingerprinting, deanonymization, anonymization, PII","Introduces ""incognito mode"" for VR using local differential privacy to obscure user attributes (height, arm span, etc), balancing privacy and usability through controlled noise	","Implementation as a Unity plugin, evaluated by replicating known VR privacy attacks.",Malicious server. ( if implemented in OS can defend against malicious applicatrions too),malicious_server,malicious_server,,Defense: Obscuring sensitive attributes like identity and physical traits.,"Virtual reality (VR) telepresence applications and the so-called “metaverse” promise to be the next major medium of human-computer interaction. However, with recent studies demonstrating the ease at which VR users can be profiled and deanonymized, metaverse platforms carry many of the privacy risks of the conventional internet (and more) while at present offering few of the defensive utilities that users are accustomed to having access to. To remedy this, we present the first known method of implementing an “incognito mode” for VR. Our technique leverages local ε-differential privacy to quantifiably obscure sensitive user data attributes, with a focus on intelligently adding noise when and where it is needed most to maximize privacy while minimizing usability impact. Our system is capable of flexibly adapting to the unique needs of each VR application to further optimize this trade-off. We implement our solution as a universal Unity (C#) plugin that we then evaluate using several popular VR applications. Upon faithfully replicating the most well-known VR privacy attack studies, we show a significant degradation of attacker capabilities when using our solution",UIST,2022,https://dl.acm.org/doi/10.1145/3586183.3606754,https://dl.acm.org/doi/pdf/10.1145/3586183.3606754,,,,
Steil_Hagestedt_Huang_Bulling_2019,Privacy-aware eye tracking using differential privacy,Privacy-aware eye tracking using differential privacy,"Privacy defenses, eye-tracking, data protection, differential privacy","privacy_defenses, eye_tracking, differential_privacy","privacy_defenses, eye_tracking, differential_privacy","Introduces a privacy-aware VR interface using differential privacy to prevent the inference of sensitive information (e.g., gender, re-identification) from eye-tracking data while maintaining utility for tasks like document classification.","Differential privacy mechanism applied to VR eye-tracking data, evaluated on 20-participant dataset.","Malicious Application, Third Parties","malicious_application, malicious_library","malicious_application, malicious_library",app,"Defense: Obscuring user attributes (e.g., gender) while preserving document-type classification.","With eye tracking being increasingly integrated into virtual and augmented reality (VR/AR) head-mounted displays, preserving users’ privacy is an ever more important, yet under-explored, topic in the eye tracking community. We report a large-scale online survey (N=124) on privacy aspects of eye tracking that provides the first comprehensive account of with whom, for which services, and to which extent users are willing to share their gaze data. Using these insights, we design a privacy-aware VR interface that uses differential privacy, which we evaluate on a new 20-participant dataset for two privacy sensitive tasks: We show that our method can prevent user re-identification and protect gender information while maintaining high performance for gaze-based document type classification. Our results highlight the privacy challenges particular to gaze data and demonstrate that differential privacy is a potential means to address them. Thus, this paper lays important foundations for future research on privacy-aware gaze interfaces.",ETRA,2019,https://dl.acm.org/doi/10.1145/3314111.3319915,https://perceptualui.org/publications/steil19_etra_2.pdf,,,,
Nair_Guo_OBrien_Rosenberg_Song_2023,"Deep Motion Masking for Secure, Usable, and Scalable Real-Time Anonymization of Virtual Reality Motion Data","Deep Motion Masking for Secure, Usable, and Scalable Real-Time Anonymization of Virtual Reality Motion Data","Privacy defense, motion data anonymization.","privacy_defenses, anonymization","privacy_defenses, anonymization","Proposes a deep learning approach called ""deep motion masking"" to anonymize VR motion data in real-time, preventing user re-identification and profiling. Data is ""anonymized before sent to the server.","Deep learning model trained on VR motion data, evaluated through user study (N=182) and simulation of anonymized interactions.",Malicious server or application (if in OS),"malicious_application, malicious_server","malicious_application, malicious_server",app,Defense: Anonymizing user motion to prevent re-identification and attribute inference	,"Virtual reality (VR) and ""metaverse"" systems have recently seen a resurgence in interest and investment as major technology companies continue to enter the space. However, recent studies have demonstrated that the motion tracking ""telemetry"" data used by nearly all VR applications is as uniquely identifiable as a fingerprint scan, raising significant privacy concerns surrounding metaverse technologies. Although previous attempts have been made to anonymize VR motion data, we present in this paper a state-of-the-art VR identification model that can convincingly bypass known defensive countermeasures. We then propose a new ""deep motion masking"" approach that scalably facilitates the real-time anonymization of VR telemetry data. Through a large-scale user study (N=182), we demonstrate that our method is significantly more usable and private than existing VR anonymity systems.",VRW,2024,,https://arxiv.org/pdf/2311.05090,,,,
MeterizYıldıran_Yıldıran_Awad_Mohaisen_2022,A Keylogging Inference Attack on Air-Tapping Keyboards in Virtual Environments,A Keylogging Inference Attack on Air-Tapping Keyboards in Virtual Environments,"Keylogging, privacy risks, side-channel","keylogging, privacy_risks, side_channel","keylogging, privacy_risks, side_channel",Describes a keylogging attack that infers typed input on in-air virtual keyboards by analyzing hand trace patterns in AR/VR environments. Achieved up to 87% accuracy in reconstructing user input through multiple attack scenarios.,"Five-step attack pipeline involving CNN for keystroke localization, pattern analysis, and keyboard reconstruction	","Malicious bystander, Malware, Camera in the scene","malicious_bystander, malicious_application","malicious_bystander, malicious_application",app,Attack: Keylogging,"Enabling users to push the physical world’s limits, augmented and virtual reality platforms opened a new chapter in perception. Novel immersive experiences resulted in the emergence of new interaction methods for virtual environments, which came with unprecedented security and privacy risks. This paper presents a keylogging inference attack to infer user inputs typed with in-air tapping keyboards. We observe that hands follow specific patterns when typing in the air and exploit this observation to carry out our attack. Starting with three plausible attack scenarios where the adversary obtains the hand trace patterns of the victim, we build a pipeline to reconstruct the user input. Our attack pipeline takes the hand traces of the victim as an input and outputs a set of input inferences ordered from the best to worst. Through various experiments, we showed that our inference attack achieves a pinpoint accuracy ranging from 40% to 87% within at most the top-500 candidate reconstructions. Finally, we discuss countermeasures, while the results presented provide a cautionary tale of the security and privacy risk of the immersive mobile technology.",IEEE VR,2022,https://ieeexplore.ieee.org/document/9756766,https://cs.ucf.edu/~mohaisen/doc/vr22.pdf,,app,Keylogging,fake keylogging
Ling_Li_Chen_Luo_Yu_Fu_2019,I Know What You Enter on Gear VR.,I Know What You Enter on Gear VR.,"Keylogging, side-channel attacks, privacy risks.","keylogging, side_channel, privacy_risks","keylogging, side_channel, privacy_risks","Demonstrates keystroke inference attacks in VR using computer vision and motion sensors to track input on a virtual keyboard, achieving high accuracy in password inference.","Stereo vision-based tracking and motion sensor-based orientation tracking, tested with Samsung Gear VR.",Malicious bystander or compromised application,"malicious_bystander, malicious_application","malicious_bystander, malicious_application",app,Attack: Keylogging,"Virtual reality (VR) techniques offer users immersive experiences in a virtual environment (VE) where they can enjoy gaming, training, shopping and social activities. However, security and privacy issues of VR are rarely investigated. In this paper, we introduce novel computer vision-based and motion sensor-based side channel attacks to infer keystrokes in a virtual environment. In the computer vision-based attack, a stereo camera records a user maneuvering a pointing device and inputting passwords. Various computer vision techniques are used to detect the touching frames in which the user taps a touchpad to enter keys on the virtual keyboard within the VE. We then estimate the pose of the headset and derive the orientation of the virtual pointing ray in each touching frame. In the motion sensor-based attack, we exploit sensors including accelerometer, gyroscope and magnetometer built inside the pointing device to retrieve orientation angles of the pointing device. With orientation angles of the pointing device, we can derive the empirical rotation angles and infer the clicked keys by assessing the similarity between the empirical rotation angles and the reference ones between keys. Extensive real-world experiments are performed to demonstrate the feasibility and effectiveness of these side channel attacks.",IEEE CNS,2019,https://ieeexplore.ieee.org/document/8802674,https://web.archive.org/web/20230423015857/https://www.cs.ucf.edu/~xinwenfu/paper/Conferences/19_CNS_I_know_what_you_enter_on_Gear_VR.pdf,,app,Keylogging,fake keylogging
Bonnail_Tseng_Mcgill_Lecolinet_Huron_Gugenheimer_2023,Memory Manipulations in Extended Reality,Memory Manipulations in Extended Reality,"Memory manipulation, ethical implications, privacy risks.","memory_manipulation, privacy_risks","memory_manipulation, privacy_risks","Explores how XR technology could manipulate memory by leveraging cognitive limitations, introducing a framework for XR Memory Manipulations (XRMMs) that can induce forgetting, distort memories, or reinforce them based on sensory inputs and immersion.",Speculative design workshops with XR and memory experts to create and analyze 48 XRMM scenarios	,Potentially malicious developers or applications.,malicious_application,malicious_application,app,"Attack: Manipulating user memories to affect behavior, self-perception.","Human memory has notable limitations (e.g., forgetting) which have necessitated a variety of memory aids (e.g., calendars). As we grow closer to mass adoption of everyday Extended Reality (XR), which is frequently leveraging perceptual limitations (e.g., redirected walking), it becomes pertinent to consider how XR could leverage memory limitations (forgetting, distorting, persistence) to induce memory manipulations. As memories highly impact our self-perception, social interactions, and behaviors, there is a pressing need to understand XR Memory Manipulations (XRMMs). We ran three speculative design workshops (n=12), with XR and memory researchers creating 48 XRMM scenarios. Through thematic analysis, we define XRMMs, present a framework of their core components and reveal three classes (at encoding, pre-retrieval, at retrieval). Each class differs in terms of technology (AR, VR) and impact on memory (influencing quality of memories, inducing forgetting, distorting memories). We raise ethical concerns and discuss opportunities of perceptual and memory manipulations in XR.",CHI,2023,https://dl.acm.org/doi/10.1145/3544548.3580988,https://arxiv.org/pdf/2304.02394,,app,Physical,human joystick
Ramirez_Spivack_DavidJohn_2024,Deceptive Patterns and Perceptual Risks in an Eye-Tracked Virtual Reality.,Deceptive Patterns and Perceptual Risks in an Eye-Tracked Virtual Reality.,"Deceptive patterns, gaze manipulation, privacy risks","deceptive_patterns, eye_tracking, privacy_risks","deceptive_patterns, eye_tracking, privacy_risks","Examines how eye-tracking and gaze guidance in VR can manipulate user perception and decision-making, raising ethical concerns about subtle and forced attention manipulation.","Position paper discussing gaze-based attention guidance, speculative ethical implications in VR based on literature review and prior VR research	",Malicious developers or applications.,malicious_application,malicious_application,app,Attack: Manipulating decisions and attention in VR through deceptive gaze patterns,"In the context of targeted advertisements and design, the line between nudging and manipulation is difficult to define, measure, and enforce. The discussion of what crosses the line between nudging users towards content they may find more enjoyable and what could manipulate them towards specific behaviors is common when defining deceptive or dark patterns. Dark patterns are increasingly present in both web and mobile contexts: producing interface designs that make it difficult to cancel subscriptions or make informed decisions that differ from default settings. In this position paper, we discuss behavior manipulation via eye tracking and the ethical implications of attention guidance in the context of virtual reality (VR) to highlight key challenges for an emerging technology in immersive spaces.",VRW,2024,https://ieeexplore.ieee.org/document/10536313,https://bmdj-vt.github.io/assets/pdfs/Deceptive_Patterns.pdf,,app,Physical,human joystick
Yang_Li_Bhalla_Zhao,Inception Attacks: Immersive Hijacking in Virtual Reality Systems,Inception Attacks: Immersive Hijacking in Virtual Reality Systems,"Security risks, immersive hijacking, privacy risks","security_risks, immersive_hijacking, privacy_risks","security_risks, immersive_hijacking, privacy_risks","Introduces ""Inception attacks,"" where an attacker traps (not actually) users in a simulated VR environment that appears genuine, allowing them to record, alter, and intercept sensitive interactions without detection. It is just an app simulating a vr environment like the one on the OS","Implementation of inception attack on Meta Quest headsets, user study with 27 participants to evaluate attack efficacy.",Malicious VR app,malicious_application,malicious_application,app,Attack: fake VR experience,"Today’s virtual reality (VR) systems provide immersive interactions that seamlessly connect users with online services and one another. However, these immersive interfaces also introduce new vulnerabilities, making it easier for users to fall prey to new attacks. In this work, we introduce the immersive hijacking attack, where a remote attacker takes control of a user’s interaction with their VR system, by trapping them inside a malicious app that masquerades as the full VR interface. Once trapped, all of the user’s interactions with apps, services and other users can be recorded and modified without their knowledge. This not only allows traditional privacy attacks but also introduces new interaction attacks, where two VR users encounter vastly different immersive experiences during their interaction. We present our implementation of the immersive hijacking attack on Meta Quest headsets and conduct IRB-approved user studies that validate its efficacy and stealthiness. Finally, we examine effectiveness and tradeoffs of various potential defenses, and propose a multifaceted defense pipeline. ",?,2023,,https://sandlab.cs.uchicago.edu/tmp/inception.pdf,,app,Phishing,fake login
Windl_Scheidle_George_Mayer_2023a,Investigating Security Indicators for Hyperlinking Within the Metaverse,Investigating Security Indicators for Hyperlinking Within the Metaverse,"Security indicators, hyperlinking, VR usability","security_indicators, hyperlinking, warning","security_indicators, hyperlinking, warning","Evaluates the effectiveness of various security indicators (e.g., visual, haptic, audio) for ensuring secure transitions in the metaverse, focusing on usability and user preference","Participatory design with domain experts, followed by user study (N=25) testing five security indicators in a VR maze",Malicious or misleading links/portals in VR environments,malicious_application,malicious_application,app,Defense: Warning,"Security indicators, such as the padlock icon indicating SSL encryption in browsers, are established mechanisms to convey secure connections. Currently, such indicators mainly exist for browsers and mobile environments. With the rise of the metaverse, we investigate how to mark secure transitions between applications in virtual reality to so-called sub-metaverses. For this, we first conducted in-depth interviews with domain experts (N=8) to understand the general design dimensions for security indicators in virtual reality (VR). Using these insights and considering additional design constraints, we implemented the five most promising indicators and evaluated them in a user study (N=25). While the visual blinking indicator placed in the periphery performed best regarding accuracy and task completion time, participants subjectively preferred the static visual indicator above the portal. Moreover, the latter received high scores regarding understandability while still being rated low regarding intrusiveness and disturbance. Our findings contribute to a more secure and enjoyable metaverse experience.",SOUPS,2023,https://www.usenix.org/conference/soups2023/presentation/windl,https://www.medien.ifi.lmu.de/pubdb/publications/pub/windl2023investigatingsecurity/windl2023investigatingsecurity.pdf,,,,
Valluripally_Gulhane_Hoque_Calyam_2022,Modeling and Defense of Social Virtual Reality Attacks Inducing Cybersickness,Modeling and Defense of Social Virtual Reality Attacks Inducing Cybersickness,"Cybersickness, security risks in VR, immersive attacks","cybersickness, immersive_attacks, physical_harm","cybersickness, immersive_attacks, physical_harm","Proposes a framework using attack-fault trees and statistical model checking to assess cybersickness risks due to security, privacy, and safety attacks in social VR environments.",Attack-fault trees (AFTs) and stochastic timed automata (STA) for modeling attack scenarios; applied to a VRLE case study,Malicious Application,malicious_application,malicious_application,app,Attack/Defense: Cybersickness reduction,"Social Virtual Reality Learning Environments (VRLE) offer a new medium for flexible and immersive learning environments with geo-distributed users. Ensuring user safety in VRLE application domains such as education, flight simulations, military training is of utmost importance. Specifically, there is a need to study the impact of “immersion attacks” (e.g., chaperone attack, occlusion) and other types of attacks/faults (e.g., unauthorized access, network congestion) that may cause user safety issues (i.e., inducing of cybersickness ). In this article, we present a novel framework to quantify the security, privacy issues triggered via immersion attacks and other types of attacks/faults. By using a real-world social VRLE viz., vSocial and creating a novel attack-fault tree model, we show that such attacks can induce undesirable levels of cybersickness. Next, we convert these attack-fault trees into stochastic timed automata (STA) representations to perform statistical model checking for a given attacker profile. Using this model checking approach, we determine the most vulnerable threat scenarios that can trigger high occurrence cases of cybersickness for VRLE users. Lastly, we show the effectiveness of our attack-fault tree modeling by incorporating suitable design principles such as hardening , diversity , redundancy and principle of least privilege to ensure user safety in a VRLE session.",TDSC,2021,https://www.usenix.org/conference/soups2023/presentation/windl,https://www.usenix.org/system/files/soups2023-windl.pdf,https://www.youtube.com/watch?v=Mjg0NguKJhw,app,Physical,human joystick
Casey_Baggili_Yarramreddy_2021,Immersive Virtual Reality Attacks and the Human Joystick,Immersive Virtual Reality Attacks and the Human Joystick,"Immersive attacks, user manipulation, privacy risks","immersive_attacks, user_manipulation, privacy_risks, physical_harm","immersive_attacks, user_manipulation, privacy_risks, physical_harm","Explores attacks that manipulate VR users by altering virtual environments, including the ""Human Joystick"" attack, which moves users physically without awareness. Theyr redirect the walking by slighlty adjusting the camera angle.","Proof-of-concept attacks on HTC Vive and Oculus Rift, deception study with human participants.",Malicious VR application,malicious_application,malicious_application,app,Attack: Manipulating user movement in real life and disorienting users in VR	,"This is one of the first accounts for the security analysis of consumer immersive Virtual Reality (VR) systems. This work breaks new ground, coins new terms, and constructs proof of concept implementations of attacks related to immersive VR. Our work used the two most widely adopted immersive VR systems, the HTC Vive, and the Oculus Rift. More specifically, we were able to create attacks that can potentially disorient users, turn their Head Mounted Display (HMD) camera on without their knowledge, overlay images in their field of vision, and modify VR environmental factors that force them into hitting physical objects and walls. Finally, we illustrate through a human participant deception study the success of being able to exploit VR systems to control immersed users and move them to a location in physical space without their knowledge. We term this the Human Joystick Attack. We conclude our work with future research directions and ways to enhance the security of these systems.",TDSC,2019,https://ieeexplore.ieee.org/document/8675340,https://par.nsf.gov/servlets/purl/10113849,,app,Physical,human joystick
Tseng_Bonnail_McGill_Khamis_Lecolinet_Huron_Gugenheimer_2022,The Dark Side of Perceptual Manipulations in Virtual Reality,The Dark Side of Perceptual Manipulations in Virtual Reality,"Perceptual manipulation, physical harm, VR security","perceptual_manipulation, physical_harm, VR_security","perceptual_manipulation, physical_harm, VR_security","Explores Virtual-Physical Perceptual Manipulations (VPPMs) like redirected walking, which can change users’ movements imperceptibly, potentially leading to physical harm when exploited","Speculative design workshops with VR experts, prototyped attacks (e.g., SteppingOn and HittingFace)",Malicious application,malicious_application,malicious_application,app,Attack: Manipualte movement through.,"""Virtual-Physical Perceptual Manipulations"" (VPPMs) such as redirected walking and haptics expand the user's capacity to interact with Virtual Reality (VR) beyond what would ordinarily physically be possible. VPPMs leverage knowledge of the limits of human perception to effect changes in the user's physical movements, becoming able to (perceptibly and imperceptibly) nudge their physical actions to enhance interactivity in VR. We explore the risks posed by the malicious use of VPPMs. First, we define, conceptualize and demonstrate the existence of VPPMs. Next, using speculative design workshops, we explore and characterize the threats/risks posed, proposing mitigations and preventative recommendations against the malicious use of VPPMs. Finally, we implement two sample applications to demonstrate how existing VPPMs could be trivially subverted to create the potential for physical harm. This paper aims to raise awareness that the current way we apply and publish VPPMs can lead to malicious exploits of our perceptual vulnerabilities.",CHI,2022,,https://arxiv.org/pdf/2202.13200,,app,Physical,human joystick
Lebeck_Ruth_Kohno_Roesner_2017,Securing Augmented Reality Output,Securing Augmented Reality Output,"AR output security, privacy, policy framework, multi-app, output module","privacy, policy, multi_app, output_module","privacy, policy, multi_app, output_module","First work exploring multi app, malicious app targeting other app or real world. Proposes Arya, a platform that secures AR output by enforcing policies that prevent apps from obscuring critical real-world elements (e.g., pedestrians, signs) and managing multiple apps' outputs without interference	","Prototype built on Unity with policy framework and case study applications (e.g., for HMD and AR windshield scenarios)",Malicious or buggy AR applications,malicious_application,malicious_application,app,Defense: Operating System Output Module,"Augmented reality (AR) technologies, such as Microsoft's HoloLens head-mounted display and AR-enabled car windshields, are rapidly emerging. AR applications provide users with immersive virtual experiences by capturing input from a user's surroundings and overlaying virtual output on the user's perception of the real world. These applications enable users to interact with and perceive virtual content in fundamentally new ways. However, the immersive nature of AR applications raises serious security and privacy concerns. Prior work has focused primarily on input privacy risks stemming from applications with unrestricted access to sensor data. However, the risks associated with malicious or buggy AR output remain largely unexplored. For example, an AR windshield application could intentionally or accidentally obscure oncoming vehicles or safety-critical output of other AR applications. In this work, we address the fundamental challenge of securing AR output in the face of malicious or buggy applications. We design, prototype, and evaluate Arya, an AR platform that controls application output according to policies specified in a constrained yet expressive policy framework. In doing so, we identify and overcome numerous challenges in securing AR output.",IEEE SP,2017,,https://ar-sec.cs.washington.edu/files/lebeck-sp17.pdf,,,,
Cheng_Tian_Kohno_Roesner_2023,Exploring User Reactions and Mental Models Towards Perceptual Manipulation Attacks in Mixed Reality,Exploring User Reactions and Mental Models Towards Perceptual Manipulation Attacks in Mixed Reality,"Perceptual manipulation, user mental models, privacy risks","perceptual_manipulation, mental_models, privacy_risks","perceptual_manipulation, mental_models, privacy_risks","Investigates how users react to perceptual manipulation attacks (PMA) that alter their sensory perceptions in MR environments, examining impacts on user behavior and defense strategies. Attacks in MR ( red on green, audio interrupting , etc)","In-lab study with 21 participants exposed to visual, auditory, and situational awareness PMAs; post-task interviews on defensive responses	",Malicious MR applications in a multi app,malicious_application,malicious_application,app,Attack: Disrupting user perception and situational awareness,"Perceptual Manipulation Attacks (PMA) involve manipulating users’ multi-sensory (e.g., visual, auditory, haptic) perceptions of the world through Mixed Reality (MR) content, in order to influence users' judgments and following actions. For example, a MR driving application that is expected to show safety-critical output might also (maliciously or unintentionally) overlay the wrong signal on a traffic sign, misleading the user into slamming on the brake. While current MR technology is sufficient to create such attacks, little research has been done to understand how users perceive, react to, and defend against such potential manipulations. To provide a foundation for understanding and addressing PMA in MR, we conducted an in-person study with 21 participants. We developed three PMA in which we focused on attacking three different perceptions: visual, auditory, and situational awareness. Our study first investigates how user reactions are affected by evaluating their performance on “microbenchmark'' tasks under benchmark and different attack conditions. We observe both primary and secondary impacts from attacks, later impacting participants' performance even under non-attack conditions. We follow up with interviews, surfacing a range of user reactions and interpretations of PMA. Through qualitative data analysis of our observations and interviews, we identify various defensive strategies participants developed, and we observe how these strategies sometimes backfire. We derive recommendations for future investigation and defensive directions based on our findings.",USENIX,2023,https://www.usenix.org/conference/usenixsecurity23/presentation/cheng-kaiming,https://www.usenix.org/system/files/usenixsecurity23-cheng-kaiming.pdf,,app,DOS,DOS ( movement )
Lebeck_Ruth_Kohno_Roesner_2018a,Arya: Operating System Support for Securely Augmenting Reality,Arya: Operating System Support for Securely Augmenting Reality,"AR security, privacy, output control, operatisng system, OS","AR_security, privacy, output_module, OS","AR_security, privacy, output_module, OS","Introduces Arya, an AR operating system designed to mitigate risks from malicious or buggy AR apps by enforcing output policies that prevent virtual content from obscuring critical real-world elements (e.g., pedestrians, road signs).","Prototype implemented on Unity, includes policy framework and case studies in automotive and HMD AR contexts.","Malicious or buggy AR applications, multi app systems.",malicious_application,malicious_application,app,Defense:restricting multi-app content that could endanger users,"Augmented reality (AR) applications capture sensor input from a user’s surroundings and overlay virtual output on their perception of the world, enabling new, immersive experiences. However, this technology raises serious security and privacy risks such as malicious or buggy AR output.",IEEE SP,2018,https://ieeexplore.ieee.org/document/8283492/,https://franziroesner.com/pdf/arsec-oakland17.pdf,,,,
Lebeck_Kohno_Roesner_2019,Enabling Multiple Applications to Simultaneously Augment Reality: Challenges and Directions,Enabling Multiple Applications to Simultaneously Augment Reality: Challenges and Directions,"Multi-app AR, visual conflicts, platform design","multi_app, visual_conflicts, platform_design","multi_app, visual_conflicts, platform_design","Explores challenges in supporting simultaneous multi-app AR experiences, focusing on visual conflicts like occlusion, placement denial, and content modification; proposes design approaches for conflict mediation.",Conceptual exploration of multi-app conflicts with case studies; analysis of current AR platforms.,Malicious applications,malicious_application,malicious_application,app,Defense: Mediating visual conflicts between simultaneous (possibly malicious) AR apps.,,HotMobile,2019,https://dl.acm.org/doi/10.1145/3301293.3302362,https://ar-sec.cs.washington.edu/files/lebeck-arsec-hotmobile19.pdf,,,,
Cheng_Bhattacharya_Lin_Lee_Kumar_Tian_Kohno_Roesner,When the User Is Inside the User Interface: An Empirical Study of UI Security Properties in Augmented Reality,When the User Is Inside the User Interface: An Empirical Study of UI Security Properties in Augmented Reality,"UI security, clickjacking, invisible input, output, libraries","UI_security, clickjacking, invisible_input, graphic_libraries, UI","UI_security, clickjacking, invisible_input, graphic_libraries, UI","Examines UI security properties (e.g., same space, invisibility, synthetic input) in AR systems, demonstrating attacks like clickjacking and input forgery that exploit these properties across AR SDKs","Empirical study on ARCore, ARKit, Hololens, Oculus, WebXR, with five proof-of-concept attacks","Malicious AR components, third-party libraries, AR application","malicious_application, malicious_library","malicious_application, malicious_library",app,Attack: Manipulating AR UI to disrupt user input or conceal objects.,"Augmented reality (AR) experiences place users inside the user interface (UI), where they can see and interact with three-dimensional virtual content. This paper explores UI security for AR platforms, for which we identify three UI security-related properties: Same Space (how does the platform handle virtual content placed at the same coordinates?), Invisibility (how does the platform handle invisible virtual content?), and Synthetic Input (how does the platform handle simulated user input?). We demonstrate the security implications of different instantiations of these properties through five proof-of-concept attacks between distrusting AR application components (i.e., a main app and an included library) — including a clickjacking attack and an object erasure attack. We then empirically investigate these UI security properties on five current AR platforms: ARCore (Google), ARKit (Apple), Hololens (Microsoft), Oculus (Meta), and WebXR (browser). We find that all platforms enable at least three of our proof-of-concept attacks to succeed. We discuss potential future defenses, including applying lessons from 2D UI security and identifying new directions for AR UI security.",USENIX,2024,,https://www.usenix.org/system/files/usenixsecurity24-cheng-kaiming.pdf,,app,"Phishing, DOS",fake login
Lee_Lee_Kim_Jana_Shin_Son_2021,AdCube: WebVR Ad Fraud and Practical Confinement of Third-Party Ads,AdCube: WebVR Ad Fraud and Practical Confinement of Third-Party Ads,"Ad fraud, WebVR, WebXR, sandboxing,Web, libraries, third party","ad_fraud, WebVR, WebXR, sandboxing, third_party_libraries","ad_fraud, WebVR, WebXR, sandboxing, third_party_libraries","Introduces AdCube, a system (like iframes) to mitigate WebVR ad fraud by confining third-party ads and preventing fraud techniques like gaze-jacking and blind-spot tracking","Prototype implementation of AdCube with user studies on WebVR ad fraud scenarios, testing effectiveness on real users with user study",Malicious ad service provider,malicious_library,malicious_library,app,"Attack: ad fraud, click-jacking, unauthorized data retrieval","Web technology has evolved to offer 360-degree immersive browsing experiences. This new technology, called WebVR, enables virtual reality by rendering a three-dimensional world on an HTML canvas. Unfortunately, there exists no browser-supported way of sharing this canvas between different parties. Assuming an abusive ad service provider who exploits this absence, we present four new ad fraud attack methods. Our user study demonstrates that the success rates of our attacks range from 88.23% to 100%, confirming their effectiveness. To mitigate the presented threats, we propose AdCube, which allows publishers to specify the behaviors of third-party ad code and enforce this specification. We show that AdCube is able to block the presented threats with a small page loading latency of 236 msec and a negligible frame-per-second (FPS) drop for nine WebVR official demo sites.",USENIX,2021,https://www.usenix.org/conference/usenixsecurity21/presentation/lee-hyunjoo,https://www.usenix.org/system/files/sec21-lee-hyunjoo.pdf,,app,ClickJacking,Ad Fraud
Ahn_Gorlatova_Naghizadeh_Chiang_Mittal_2018,Adaptive Fog-Based Output Security for Augmented Reality,Adaptive Fog-Based Output Security for Augmented Reality,"AR output security, reinforcement learning, operating sytstem, OS, multi-app	","output_security, reinforcement_learning, OS, multi_app","output_security, reinforcement_learning, OS, multi_app","Proposes an adaptive method for securing AR visual output by dynamically filtering content to reduce obstructions and distractions, using reinforcement learning.","Reinforcement learning on simulated AR environments, prototype tested on Unity",Malicious AR applications in multi-app scenario,malicious_application,malicious_application,app,Defense: Prevents distracting and harmful virtual content in AR,"Augmented reality (AR) technologies are rapidly being adopted across multiple sectors, but little work has been done to ensure the security of such systems against potentially harmful or distracting visual output produced by malicious or bug-ridden applications. Past research has proposed to incorporate manually specified policies into AR devices to constrain their visual output. However, these policies can be cumbersome to specify and implement, and may not generalize well to complex and unpredictable environmental conditions. We propose a method for generating adaptive policies to secure visual output in AR systems using deep reinforcement learning. This approach utilizes a local fog computing node, which runs training simulations to automatically learn an appropriate policy for filtering potentially malicious or distracting content produced by an application. Through empirical evaluations, we show that these policies are able to intelligently displace AR content to reduce obstruction of real-world objects, while maintaining a favorable user experience.",VR/AR Network,2018,https://dl.acm.org/doi/10.1145/3229625.3229626,https://www.princeton.edu/~pmittal/publications/ar-sigcomm18.pdf,,,,
Zhang_Slocum_Chen_AbuGhazaleh_2023,It's all in your head(set): Side-channel attacks on AR/VR systems,It's all in your head(set): Side-channel attacks on AR/VR systems,"Side-channel attacks, user privacy, environmental spying	","side_channel, user_privacy, privacy_spying","side_channel, user_privacy, privacy_spying","Demonstrates various side-channel attacks on AR/VR systems, including gesture, voice, and keystroke inference, and even detecting bystander distance, exploiting performance counters.","Developed attacks (side-channel to find app open, what is in real world, etc.) on Meta Quest 2 and Hololens 2, using performance counters and memory APIs.",Malicious single application.,malicious_application,malicious_application,app,"Attack: Inferring user interactions, tracking applications, spying on environment","With the increasing adoption of Augmented Reality/Virtual Reality (AR/VR) systems, security and privacy concerns attract attention from both academia and industry. This paper demonstrates that AR/VR systems are vulnerable to side-channel attacks launched from software; a malicious application without any special permissions can infer private information about user interactions, other concurrent applications, or even the surrounding world. We develop a number of side-channel attacks targeting different types of private information. Specifically, we demonstrate three attacks on the victim's interactions, successfully recovering hand gestures, voice commands made by victims, and keystrokes on a virtual keyboard, with accuracy exceeding 90%. We also demonstrate an application fingerprinting attack where the spy is able to identify an application being launched by the victim. The final attack demonstrates that the adversary can perceive a bystander in the real-world environment and estimate the bystander's distance with Mean Absolute Error (MAE) of 10.3 cm. We believe the threats presented by our attacks are pressing; they expand our understanding of the threat model faced by these emerging systems and inform the development of new AR/VR systems that are resistant to these threats.",USENIX,2023,https://www.usenix.org/conference/usenixsecurity23/presentation/zhang-yicheng,https://www.usenix.org/system/files/usenixsecurity23-zhang-yicheng.pdf,https://www.youtube.com/watch?v=ba9jdMkDOuM,app,Data collection,Position Logging
Slocum_Zhang_AbuGhazaleh_Chen_2023,Going through the motions: AR/VR keylogging from user head motions.,Going through the motions: AR/VR keylogging from user head motions.,"Keylogging, side-channel attack, privacy risks","keylogging, side_channel","keylogging, side_channel","Introduces TyPose, an attack that leverages subtle head movements during virtual typing to infer user-entered text on AR/VR keyboards.","Machine learning-based classification of head motion data, user study on Meta Quest 2	",Malicious single application.,malicious_application,malicious_application,app,Attack: Keylogging,"Augmented Reality/Virtual Reality (AR/VR) are the next step in the evolution of ubiquitous computing after personal computers to mobile devices. Applications of AR/VR continue to grow, including education and virtual workspaces, increasing opportunities for users to enter private text, such as passwords or sensitive corporate information. In this work, we show that there is a serious security risk of typed text in the foreground being inferred by a background application, without requiring any special permissions. The key insight is that a user’s head moves in subtle ways as she types on a virtual keyboard, and these motion signals are sufficient for inferring the text that a user types. We develop a system, TyPose, that extracts these signals and automatically infers words or characters that a victim is typing. Once the sensor signals are collected, TyPose uses machine learning to segment the motion signals in time to determine word/character boundaries, and also perform inference on the words/characters themselves. Our experimental evaluation on commercial AR/VR headsets demonstrate the feasibility of this attack, both in situations where multiple users’ data is used for training (82% top-5 word classification accuracy) or when the attack is personalized to a particular victim (92% top-5 word classification accuracy). We also show that first-line defenses of reducing the sampling rate or precision of head tracking are ineffective, suggesting that more sophisticated mitigations are needed.",USENIX,2023,https://www.usenix.org/conference/usenixsecurity23/presentation/slocum,https://www.usenix.org/system/files/usenixsecurity23-slocum.pdf,https://www.youtube.com/watch?v=aqAFB4zUWgU,app,Keylogging,fake keylogging
Luo_Hu_Yan_2022,HoloLogger: Keystroke Inference on Mixed Reality Head Mounted Displays,HoloLogger: Keystroke Inference on Mixed Reality Head Mounted Displays,"Keylogging, side-channel attacks","keylogging, side_channel","keylogging, side_channel",attack that leverages six degrees of freedom (6DoF) head motion tracking on HoloLens to infer typed input on a virtual keyboard,"Malware-based keystroke inference using HMD motion data, tested on HoloLens with 25 participants",Malicious Application,malicious_application,malicious_application,app,Attack: Keylogging,"When using personal computing services in mixed reality (MR) such as online payment and social media, sensitive information and account passwords must be typed in MR. To design secure MR systems and build up user trust, it is imperative to first understand the security threat to the sensitive MR input. Although keystroke inference attacks by analyzing human-computer interaction in videos or via wireless signals have been successful, they require placing extra hardware near the user which is easily noticeable in practice. In this paper, we expose a more dangerous malware-based attack through the vulnerability that no permission is required for accessing MR motion data. We aim to monitor MR headset motion and infer the user input through a benign App. Realizing the attack system requires addressing unique challenges in MR such as six-degree-of-freedom (6DoF) device motion and no explicit motion signal for keystroke identification. To this end, we present HoloLogger, the first malware-based keystroke inference attack system on HoloLens. HoloLogger is empowered by a 6DoF-head-motion-driven key tracking scheme and an air-tap-pattern-based keystroke inference framework. Extensive evaluations with 25 users and 750 inference trials of passwords consisting of 4–8 lowercase English letters demonstrate that HoloLogger successfully achieves a top-5 accuracy of 93%. HoloLogger is also robust in various environments such as different user positions and input categories",IEEE VR,2022,https://ieeexplore.ieee.org/document/9756771,https://mason.gmu.edu/~zyan4/papers/holologger_vr22.pdf,,app,Keylogging,fake keylogging
Cheng_Wu_Varvello_Chen_Han_2022,Are we ready for metaverse?: a measurement study of social virtual reality platforms,Are we ready for metaverse?: a measurement study of social virtual reality platforms,"Scalability, network performance, network","scalability, network_performance","scalability, network_performance","Evaluates five social VR platforms, analyzing network performance, latency, and resource utilization, revealing scalability issues and limitations in supporting a large user base","Measurement study on AltspaceVR, Horizon Worlds, Mozilla Hubs, Rec Room, and VRChat; network and device metrics collected across different usage scenarios",N/A,N/A,N/A,,Platform performance with high user load,"Social virtual reality (VR) has the potential to gradually replace traditional online social media, thanks to recent advances in consumer-grade VR devices and VR technology itself. As the vital foundation for building the Metaverse, social VR has been extensively examined by the computer graphics and HCI communities. However, there has been little systematic study dissecting the network performance of social VR, other than hype in the industry. To fill this critical gap, we conduct an in-depth measurement study of five popular social VR platforms: AltspaceVR, Horizon Worlds, Mozilla Hubs, Rec Room, and VRChat. Our experimental results reveal that all these platforms are still in their early stage and face fundamental technical challenges to realize the grand vision of Metaverse. For example, their throughput, end-to-end latency, and on-device computation resource utilization increase almost linearly with the number of users, leading to potential scalability issues. We identify the platform servers' direct forwarding of avatar data for embodying users without further processing as the main reason for the poor scalability and discuss potential solutions to address this problem. Moreover, while the visual quality of the current avatar embodiment is low and fails to provide a truly immersive experience, improving the avatar embodiment will consume more network bandwidth and further increase computation overhead and latency, making the scalability issues even more pressing.",IMC,2022,https://dl.acm.org/doi/10.1145/3517745.3561417,https://dl.acm.org/doi/pdf/10.1145/3517745.3561417,,,,
Lyu_Tripathi_Sivaraman_2023,MetaVRadar: Measuring Metaverse Virtual Reality Network Activity,MetaVRadar: Measuring Metaverse Virtual Reality Network Activity,"Network performance, user activity detection","network_performance, user_activity_detection","network_performance, user_activity_detection","Proposes MetaVRadar, a system to monitor and classify network traffic in VR metaverse sessions, enabling telecom operators to improve network provisioning for enhanced VR user experiences	","Empirical measurement of network traffic patterns across user activities in popular metaverse apps, implemented on Oculus Quest 2",N/A,N/A,N/A,,Network optimization and resource allocation based on user activity,"The ""metaverse"", wherein users can enter virtual worlds to work, study, play, shop, socialize, and entertain, is fast becoming a reality, attracting billions of dollars in investment from companies such as Meta, Microsoft, and Clipo Labs. Further, virtual reality (VR) headsets from entities like Oculus, HTC, and Microsoft are rapidly maturing to provide fully immersive experiences to metaverse users. However, little is known about the network dynamics of metaverse VR applications in terms of service domains, flow counts, traffic rates and volumes, content location and latency, etc., which are needed to make telecommunications network infrastructure ""metaverse ready"" to support superlative user experience in the coming future. This paper is an empirical measurement study of metaverse VR network behavior aimed at helping telecommunications network operators better provision and manage the network to ensure good user experience. Using illustrative hour-long network traces of metaverse sessions on the Oculus VR headset, we first develop a categorization of user activity into distinct states ranging from login home to streetwalking and event attendance to asset trading, and undertake a detailed analysis of network traffic per state, identifying unique service domains, protocols, flow profiles, and volumetric patterns, thereby highlighting the vastly more complex nature of a metaverse session compared to streaming video or gaming. Armed with the network behavioral profiles, our second contribution develops a real-time methodMetaVRadar to detect metaverse session and classify the user activity state leveraging formalized flow signatures and volumetric attributes. Our third contribution practically implementsMetaVRadar, evaluates its accuracy in our lab environment, and demonstrates its usability in a large university network so operators can better monitor and plan resources to support requisite metaverse user experience.",ACM MACS,2023,https://dl.acm.org/doi/10.1145/3626786,https://arxiv.org/pdf/2402.08286,,,,
Vondráček_Baggili_Casey_Mekni_2023,Rise of the Metaverse's Immersive Virtual Reality Malware and the Man-in-the-Room Attack & Defenses,Rise of the Metaverse's Immersive Virtual Reality Malware and the Man-in-the-Room Attack & Defenses,"privacy risks, man-in-the-room attack","privacy_risks, bystander","privacy_risks, bystander","Introduces the ""Man-in-the-Room"" (MitR) (Bystander) attack in VR, where attackers gain unauthorized access to virtual rooms, eavesdrop, and propagate malware as a worm across VR social spaces with normal vulnerabilities like XSS.","Security analysis and exploit development for VR social apps, using Bigscreen as a case study       .",Malicious VR apps or compromised network	,"malicious_application, malicious_bystander","malicious_application, malicious_bystander",app,"Attack: Unauthorized room entry, user eavesdropping, and malware spread in VR.","The allure of the metaverse along with Virtual Reality (VR) technologies and speed at which they are deployed may shift focus away from security and privacy fundamentals. In this work we employ classic exploitation techniques against cutting edge devices to obtain equally novel results. The unique features of the Virtual Reality landscape set the stage for our primary account of a new attack, the Man-in-the-Room (MitR). This attack, realized from a vulnerable social networking application led to both worming and botnet capabilities being adapted for VR with potential critical impacts affecting millions of users. Our work improves the state-of-the-art in Virtual Reality (VR) security and socio-technical research in VR. It shares several analytical and attacking tools, example exploits, evaluation dataset, and vulnerability signatures with the scientific and professional communities to ensure secure VR software development. The presented results demonstrate the detection and prevention of VR vulnerabilities, and raise questions in the law and policy domains pertaining to VR security and privacy.",Cose,2023,https://www.sciencedirect.com/science/article/abs/pii/S0167404822003157,https://repository.lsu.edu/cgi/viewcontent.cgi?article=3347&context=eecs_pubs,,app,"Data collection, Phishing","Position Logging, fake login"
Mengascini_Aurelio_Pellegrino_2024,The Big Brother's New Playground: Unmasking the Illusion of Privacy in Web Metaverses from a Malicious User's Perspective,The Big Brother's New Playground: Unmasking the Illusion of Privacy in Web Metaverses from a Malicious User's Perspective,"webXR, surveillance, network, client-side, anti-cheat	","WebXR, surveillance, network, client_side, anti_cheat","WebXR, surveillance, network, client_side, anti_cheat","Conducts a comprehensive security assessment of web metaverse clients, demonstrating attacks like audio/video surveillance and user position tracking, which exploit in-memory JavaScript data to breach user privacy.","Entity-attribute modeling (threrat modeling), memory diffing techniques, attack scenarios tested on three popular web metaverse platforms",Malicious online user,malicious_online_user,malicious_online_user,user,"Attack: bypassing virtual Surveillance, eavesdropping, continuous tracking",,CCS,2024,https://dl.acm.org/doi/10.1145/3658644.3690249,https://dl.acm.org/doi/10.1145/3658644.3690249,,user,"Data collection, Phishing, DOS","fake login, DOS ( movement )"
Wang_Zhan_Shan_Dai_Panoff_Wang_2024,GAZEploit: Remote Keystroke Inference Attack by Gaze Estimation from Avatar Views in VR/MR Devices,GAZEploit: Remote Keystroke Inference Attack by Gaze Estimation from Avatar Views in VR/MR Devices,"Gaze-based keystroke inference, keylogging, virtual avatar","eye_tracking, keylogging, virtual_avatar","eye_tracking, keylogging, virtual_avatar","Describes GAZEploit, a novel attack exploiting eye-tracking data shared through avatars to infer keystrokes with high accuracy, posing risks for passwords, URLs, and PINs",Eye-tracking and gaze estimation analysis on video recordings of avatars; evaluated on Apple Vision Pro with 30 participants,Malicious online user,malicious_online_user,malicious_online_user,user,Attack: Keylogging,"The advent and growing popularity of Virtual Reality (VR) and Mixed Reality (MR) solutions have revolutionized the way we interact with digital platforms. The cutting-edge gaze-controlled typing methods, now prevalent in high-end models of these devices, e.g., Apple Vision Pro, have not only improved user experience but also mitigated traditional keystroke inference attacks that relied on hand gestures, head movements and acoustic side-channels. However, this advancement has paradoxically given birth to a new, potentially more insidious cyber threat, GAZEploit. In this paper, we unveil GAZEploit, a novel eye-tracking based attack specifically designed to exploit these eye-tracking information by leveraging the common use of virtual appearances in VR applications. This widespread usage significantly enhances the practicality and feasibility of our attack compared to existing methods. GAZEploit takes advantage of this vulnerability to remotely extract gaze estimations and steal sensitive keystroke information across various typing scenarios-including messages, passwords, URLs, emails, and passcodes. Our research, involving 30 participants, achieved over 80% accuracy in keystroke inference. Alarmingly, our study also identified over 15 top-rated apps in the Apple Store as vulnerable to the GAZEploit attack, emphasizing the urgent need for bolstered security measures for this state-of-the-art VR/MR text entry method.",CCS,2024,https://arxiv.org/abs/2409.08122,https://arxiv.org/pdf/2409.08122,,user,Keylogging,fake keylogging
Yang_Bhaskar_Sarwar_Zhao_Hwang_Zheng,Can Virtual Reality Protect Users from Keystroke Inference Attacks?,Can Virtual Reality Protect Users from Keystroke Inference Attacks?,"Keystroke inference, side-channel attack","keystroke_inference, side_channel","keystroke_inference, side_channel","Investigates keystroke inference attacks in shared VR environments, where an attacker can deduce typed content by observing avatar movements, achieving high accuracy without physical proximity",Self-supervised learning pipeline with componentized DNN classifiers; evaluated with 15 users in VR typing scenarios,Malicious online user,malicious_online_user,malicious_online_user,user,Attack: Keylogging,"Virtual Reality (VR) has gained popularity by providing immersive and interactive experiences without geographical limitations. It also provides a sense of personal privacy through physical separation. In this paper, we show that despite assumptions of enhanced privacy, VR is unable to shield its users from side-channel attacks that steal private information. Ironically, this vulnerability arises from VR's greatest strength, its immersive and interactive nature. We demonstrate this by designing and implementing a new set of keystroke inference attacks in shared virtual environments, where an attacker (VR user) can recover the content typed by another VR user by observing their avatar. While the avatar displays noisy telemetry of the user's hand motion, an intelligent attacker can use that data to recognize typed keys and reconstruct typed content, without knowing the keyboard layout or gathering labeled data. We evaluate the proposed attacks using IRB-approved user studies across multiple VR scenarios. For 13 out of 15 tested users, our attacks accurately recognize 86%-98% of typed keys, and the recovered content retains up to 98% of the meaning of the original typed content. We also discuss potential defenses.",USENIX,2023,,https://www.usenix.org/system/files/sec23winter-prepub-116-yang-zhuolin.pdf,,user,Keylogging,fake keylogging
Su_Cai_Beeler_Dresel_Garcia_Grishchenko_Tian_Kruegel_Vigna,Remote Keylogging Attacks in Multi-user VR Applications,Remote Keylogging Attacks in Multi-user VR Applications,"Keylogging, side-channel attacks","keylogging, side_channel","keylogging, side_channel","Proposes a remote keylogging attack in multi-user VR environments by intercepting avatar motion data from network packets, achieving 97.62% accuracy in keystroke inference without direct access to the user’s device",Packet analysis of motion data in multi-user VR settings; validated on Rec Room and other VR apps,Malicious online user,malicious_online_user,malicious_online_user,user,Attack: Keylogging,"As Virtual Reality (VR) applications grow in popularity, they have bridged distances and brought users closer together. However, with this growth, there have been increasing concerns about security and privacy, especially related to the motion data used to create immersive experiences. In this study, we highlight a significant security threat in multi-user VR applications, which are applications that allow multiple users to interact with each other in the same virtual space. Specifically, we propose a remote attack that utilizes the avatar rendering information collected from an adversary's game clients to extract user-typed secrets like credit card information, passwords, or private conversations. We do this by (1) extracting motion data from network packets, and (2) mapping motion data to keystroke entries. We conducted a user study to verify the attack's effectiveness, in which our attack successfully inferred 97.62% of the keystrokes. Besides, we performed an additional experiment to underline that our attack is practical, confirming its effectiveness even when (1) there are multiple users in a room, and (2) the attacker cannot see the victims. Moreover, we replicated our proposed attack on four applications to demonstrate the generalizability of the attack. These results underscore the severity of the vulnerability and its potential impact on millions of VR social platform users.",USENIX,2024,,https://www.usenix.org/system/files/usenixsecurity24-su-zihao.pdf,,user,Keylogging,fake keylogging
Slocum_Zhang_Shayegani_Zaree_AbuGhazaleh_Chen,That Doesn't Go There: Attacks on Shared State in Multi-User Augmented Reality Applications,That Doesn't Go There: Attacks on Shared State in Multi-User Augmented Reality Applications,"Shared state security, data poisoning","shared_state, data_poisoning","shared_state, data_poisoning","Examines vulnerabilities in shared state AR applications, where attackers manipulate virtual object placement, leading to misaligned or malicious holograms that deceive users and impact actions based on AR overlays","Attacks (data poisoning and unrightful retrivial) demonstrated on Google Cloud Anchor API, ARCore Geospatial API, and Meta’s Mapillary using spoofed GPS, camera, and IMU data","Malicious online user, malicious application","malicious_online_user, malicious_application","malicious_online_user, malicious_application","user, app",Attack: Poisoning shared AR space by altering virtual object placements,"Augmented Reality (AR) is expected to become a pervasive component in enabling shared virtual experiences. In order to facilitate collaboration among multiple users, it is crucial for multi-user AR applications to establish a consensus on the ""shared state"" of the virtual world and its augmentations, through which they interact within augmented reality spaces. Current methods to create and access shared state collect sensor data from devices (e.g., camera images), process them, and integrate them into the shared state. However, this process introduces new vulnerabilities and opportunities for attacks. Maliciously writing false data to ""poison"" the shared state is a major concern for the security of the downstream victims that depend on it. Another type of vulnerability arises when reading the shared state; by providing false inputs, an attacker can view hologram augmentations at locations they are not allowed to access. In this work, we demonstrate a series of novel attacks on multiple AR frameworks with shared states, focusing on three publicly-accessible frameworks. We show that these frameworks, while using different underlying implementations, scopes, and mechanisms to read from and write to the shared state, have shared vulnerability to a unified threat model. Our evaluation of these state-of-art AR applications demonstrates reliable attacks both on updating and accessing shared state across the different systems. To defend against such threats, we discuss a number of potential mitigation strategies that can help enhance the security of multi-user AR applications.",USENIX,2024,,https://www.usenix.org/system/files/sec24summer-prepub-218-slocum.pdf,,,,
Claramunt_RubioMedrano_Baek_Ahn_2023,SpaceMediator: Leveraging Authorization Policies to Prevent Spatial and Privacy Attacks in Mobile Augmented Reality,SpaceMediator: Leveraging Authorization Policies to Prevent Spatial and Privacy Attacks in Mobile Augmented Reality,"Spatial attacks, policy enforcement","spatial_attacks, policy","spatial_attacks, policy","Introduces SpaceMediator, a policy-governed AR application to protect sensitive spaces from spatial and privacy invasions, allowing users to set content restrictions in augmented environments	",Proof-of-concept app tested with 40 participants for user understanding and regulation efficacy,Malicious Application,malicious_application,malicious_application,app,Defense: Preventing content intrusions in sensitive spaces,"Mobile Augmented Reality (MAR) is a portable, powerful, and suitable technology that integrates digital content, e.g., 3D virtual objects, into the physical world, which not only has been implemented for multiple intents such as shopping, entertainment, gaming, etc., but it is also expected to grow at a tremendous rate in the upcoming years. Unfortunately, the applications that implement MAR, hereby referred to as MAR-Apps, bear security issues, which have been imaged in worldwide incidents such as robberies, which has led authorities to ban MAR-Apps at specific locations. Existing problems with MAR-Apps can be classified into three categories: first, Space Invasion, which implies the intrusive modification through MAR of sensitive spaces, e.g., hospitals, memorials, etc. Second, Space Affectation, which involves the degradation of users' experience via interaction with undesirable MAR or malicious entities. Finally, MAR-Apps mishandling sensitive data leads to Privacy Leaks",SACMAT,2023,https://dl.acm.org/doi/10.1145/3589608.3593839,,,,,
Shang_Chen_Wu_Yin_2022,ARSpy: Breaking Location-Based Multi-Player Augmented Reality Application for User Location Tracking,ARSpy: Breaking Location-Based Multi-Player Augmented Reality Application for User Location Tracking,"Location tracking, side-channel attack, privacy","location_tracking, side_channel, privacy","location_tracking, side_channel, privacy","Develops ARSpy, a location-tracking system that exploits network traffic in multiplayer AR to infer user locations with high accuracy, without location permissions.","Network traffic analysis, fake AR content deployment, tested on Android with WallaMe.","Malicious online user, malicious application","malicious_online_user, malicious_application","malicious_online_user, malicious_application",user,Attack: Tracking user location by monitoring network traffic patterns.,"Augmented reality (AR) applications that overlay the perception of the real world with digitally generated information are on the cusp of commercial viability. AR has appeared in several commercial platforms like Microsoft HoloLens and smartphones. They extend the user experience beyond two dimensions and supplement the normal 3D world of a user. A typical location-based multi-player AR application works through a three-step process, wherein the system collects sensory data from the real world, identifies objects based on their context, and finally, renders information on top of senses of a user. However, because these AR applications frequently exchange data with users, they have exposed new individual and public safety issues. In this paper, we develop ARSpy, a user location tracking system solely based on network traffic information of the user, and we test it on location-based multi-player AR applications. We demonstrate the effectiveness and efficiency of the proposed scheme via real-world experiments on 12 volunteers and show that we could obtain the geolocation of any target with high accuracy. We also propose three mitigation methods to mitigate these side channel attacks. Our results reveal a potential security threat in current location-based multi-player AR applications and serve as a critical security reminder to a vast number of AR users",IEEE TMC,2022,,https://www.researchgate.net/publication/342760159_ARSpy_Breaking_Location-based_Multi-player_Augmented_Reality_Application_for_User_Location_Tracking,https://www.caecommunity.org/sites/default/files/ARSpy_0.pdf,user,Data collection,Position Logging
RubioMedrano_Jogani_Leitner_Zhao_Ahn_2019,Effectively Enforcing Authorization Constraints for Emerging Space-Sensitive Technologies,Effectively Enforcing Authorization Constraints for Emerging Space-Sensitive Technologies,"Access control, policy enforcement","access_control, policy","access_control, policy","Proposes space-sensitive access control (SSAC) for regulating AR functionality in specific physical spaces, allowing space owners to restrict app features based on user location and device attributes","Theoretical model for SSAC, proof-of-concept app, API framework, and user study assessing policy understanding and enforcement","Malicious app, malicious user","malicious_application, malicious_online_user","malicious_application, malicious_online_user","user, app",Defense: Enforcing space-sensitive access restrictions,,SACMAT,2019,https://dl.acm.org/doi/10.1145/3322431.3325109,https://carlosrubiomedrano.com/publications/enforcing-space-sensitive-sacmat2019.pdf,,,,
Lebeck_Ruth_Kohno_Roesner_2018b,Towards Security and Privacy for Multi-user Augmented Reality: Foundations with End Users,Towards Security and Privacy for Multi-user Augmented Reality: Foundations with End Users,"Multi-user, shared space","multi_user, shared_space","multi_user, shared_space","Conducted a qualitative study on multi-user AR experiences using HoloLens, exploring security and privacy challenges in shared AR environments, such as object control and inter-user conflicts","Qualitative in-lab user study with 22 participants (11 pairs), semi-structured interviews, real AR interaction",Maliscious present attacker ( in the same physical room and in the same virtual space),"malicious_bystander, malicious_online_user","malicious_bystander, malicious_online_user",user,"Defense: Managing shared AR space, controlling user interactions        ","Immersive augmented reality (AR) technologies are becoming a reality. Prior works have identified security and privacy risks raised by these technologies, primarily considering individual users or AR devices. However, we make two key observations: (1) users will not always use AR in isolation, but also in ecosystems of other users, and (2) since immersive AR devices have only recently become available, the risks of AR have been largely hypothetical to date. To provide a foundation for understanding and addressing the security and privacy challenges of emerging AR technologies, grounded in the experiences of real users, we conduct a qualitative lab study with an immersive AR headset, the Microsoft HoloLens. We conduct our study in pairs - 22 participants across 11 pairs - wherein participants engage in paired and individual (but physically co-located) HoloLens activities. Through semi-structured interviews, we explore participants' security, privacy, and other concerns, raising key findings. For example, we find that despite the HoloLens's limitations, participants were easily immersed, treating virtual objects as real (e.g., stepping around them for fear of tripping). We also uncover numerous security, privacy, and safety concerns unique to AR (e.g., deceptive virtual objects misleading users about the real world), and a need for access control among users to manage shared physical spaces and virtual content embedded in those spaces. Our findings give us the opportunity to identify broader lessons and key challenges to inform the design of emerging single-and multi-user AR technologies.",IEEE SP,2018,,https://ar-sec.cs.washington.edu/files/arsec-lebeck-sp18.pdf,,,,
Ruth_Kohno_Roesner_2019,Secure Multi-User Content Sharing for Augmented Reality Applications,Secure Multi-User Content Sharing for Augmented Reality Applications,"Multi-user AR, secure content sharing","multi_user, secure_content_sharing","multi_user, secure_content_sharing","Proposes a secure content sharing module (ShareAR) for multi-user AR applications to control content visibility, prevent spam, and manage shared AR space.","Prototype implementation (ShareAR) on Microsoft HoloLens, user studies for evaluation of access controls.",Malicious online user,malicious_online_user,malicious_online_user,user,Defense: Controlling AR content visibility and interaction permissions,"Augmented reality (AR), which overlays virtual content on top of the user's perception of the real world, has now begun to enter the consumer market. Besides smartphone platforms, early-stage head-mounted displays such as the Microsoft HoloLens are under active development. Many compelling uses of these technologies are multi-user: e.g., in-person collaborative tools, multiplayer gaming, and telepresence. While prior work on AR security and privacy has studied potential risks from AR applications, new risks will also arise among multiple human users. In this work, we explore the challenges that arise in designing secure and private content sharing for multi-user AR. We analyze representative application case studies and systematize design goals for security and functionality that a multi-user AR platform should support. We design an AR content sharing control module that achieves these goals and build a prototype implementation (ShareAR) for the HoloLens. This work builds foundations for secure and private multi-user AR interactions.",USENIX,2019,https://www.usenix.org/conference/usenixsecurity19/presentation/ruth,https://www.usenix.org/system/files/sec19-ruth.pdf,,,,
Wang_Liu_Liu_Argyriou_Wang_Xu_2021,Output Security for Multi-user Augmented Reality using Federated Reinforcement Learning,Output Security for Multi-user Augmented Reality using Federated Reinforcement Learning,"Multi-user AR, output security, federated learning","multi_user, output_security, federated_learning","multi_user, output_security, federated_learning",Proposes a federated reinforcement learning (FRL) framework to secure AR output in multi-user environments by minimizing risks like occlusion and unauthorized content display across distributed AR devices,"Device-fog-cloud hierarchical model, reinforcement learning trained on AR devices, evaluated on Unity AR simulations",Malicious online user,malicious_online_user,malicious_online_user,user,Defense: Ensuring secure output in multi-user AR by learning adaptive output policies,,IEEE,2021,https://ieeexplore.ieee.org/document/9631507,https://www.researchgate.net/publication/360667263_Output_Security_for_Multi-user_Augmented_Reality_using_Federated_Reinforcement_Learning,,,,
Zhan_Meng_Zhou_Xiong_Zhang_Ma_Chen_Pei_Zhu_2024,VPVet: Vetting Privacy Policies of Virtual Reality Apps,"Privacy policy compliance, VR data security, user transparency",,"Privacy policy compliance, VR data security, user transparency","policy, VR_data_security, user_transparency",,"Introduces VPVet, a system to vet VR app privacy policies for compliance with availability, completeness, granularity, minimization, and consistency of CUS (collection/use/sharing) statements","Automated analysis of privacy policies for 11,923 VR apps across 10 platforms; policy and behavioral consistency check",Malicious VR app,malicious_application,app,"Defense: Ensuring VR apps meet privacy standards, reducing user privacy risks","Virtual reality (VR) apps can harvest a wider range of user data than web/mobile apps running on personal computers or smartphones. Existing law and privacy regulations emphasize that VR developers should inform users of what data are collected/used/shared (CUS) through privacy policies. However, privacy policies in the VR ecosystem are still in their early stages, and many developers fail to write appropriate privacy policies that comply with regulations and meet user expectations. In this paper, we propose VPVet to automatically vet privacy policy compliance issues for VR apps. VPVet first analyzes the availability and completeness of a VR privacy policy and then refines its analysis based on three key criteria: granularity, minimization, and consistency of CUS statements. Our study establishes the first and currently largest VR privacy policy dataset named VRPP, consisting of privacy policies of 11,923 different VR apps from 10 mainstream platforms. Our vetting results reveal severe privacy issues within the VR ecosystem, including the limited availability and poor quality of privacy policies, along with their coarse granularity, lack of adaptation to VR traits and the inconsistency between CUS statements in privacy policies and their actual behaviors. We open-source VPVet system along with our findings at repository this https URL, aiming to raise awareness within the VR community and pave the way for further research in this field.",CCS,2024,https://arxiv.org/abs/2409.00740,https://arxiv.org/pdf/2409.00740,,,,
Jarin_Duan_Trimananda_Cui_Elmalaki_Markopoulou_2024,BehaVR: User Identification Based on VR Sensor Data,BehaVR: User Identification Based on VR Sensor Data,"Privacy risks, fingerprinting, user identification","privacy_risks, malicious_app","privacy_risks, malicious_app","Colelct data from real world app, create a ml model, fingerprint users.","BehaVR tool to collect data from real users that interact with 20 popular real-world apps. Data used to  build machine learning models for user identification within and across apps, with features extracted from available sensor data. These models can identify users with an accuracy of up to 100%",Malicious VR app,malicious_application,malicious_application,app,Attack: Profiling users,"Virtual reality (VR) platforms enable a wide range of applications, however, pose unique privacy risks. In particular, VR devices are equipped with a rich set of sensors that collect personal and sensitive information (e.g., body motion, eye gaze, hand joints, and facial expression). The data from these newly available sensors can be used to uniquely identify a user, even in the absence of explicit identifiers. In this paper, we seek to understand the extent to which a user can be identified based solely on VR sensor data, within and across real-world apps from diverse genres. We consider adversaries with capabilities that range from observing APIs available within a single app (app adversary) to observing all or selected sensor measurements across multiple apps on the VR device (device adversary). To that end, we introduce BehaVR, a framework for collecting and analyzing data from all sensor groups collected by multiple apps running on a VR device. We use BehaVR to collect data from real users that interact with 20 popular real-world apps. We use that data to build machine learning models for user identification within and across apps, with features extracted from available sensor data. We show that these models can identify users with an accuracy of up to 100%, and we reveal the most important features and sensor groups, depending on the functionality of the app and the adversary. To the best of our knowledge, BehaVR is the first to analyze user identification in VR comprehensively, i.e., considering all sensor measurements available on consumer VR devices, collected by multiple real-world, as opposed to custom-made, apps.",PETS,2025,,https://petsymposium.org/popets/2025/popets-2025-0022.pdf,,app,Fingerprinting,fingeprinting user
SB2025WhatAT,"What are they gonna do with my data?: Privacy Expectations, Concerns, and Behaviors in Virtual Reality","What are they gonna do with my data?: Privacy Expectations, Concerns, and Behaviors in Virtual Reality","Privacy perceptions, user concerns",user_concerns,user_concerns,"Interview VR users to understand privacy expectations, concerns, and protective behaviors.","Conduct semi-structured interviews with 20 active VR users to study their expectations of VR data practices, privacy concerns, and privacy-protective behaviors",Malicious VR app,malicious_application,malicious_application,app,Measure: Profiling users,"Virtual reality (VR) platforms enable immersive experiences but pose unique privacy risks due to fine-grained sensor data collection. Through semi-structured interviews with 20 VR users, we examine users’ privacy expectations, concerns, and behaviors. Participants express institutional, social, and device-specific concerns, including surveillance, data sharing, impersonation, and misuse of biometric data. We identify gaps between users’ expectations and actual VR data practices, leading to underestimated privacy risks. We further document privacy-protective strategies and provide recommendations for VR platforms, developers, and regulators to improve transparency and support privacy-conscious behavior.",PETS,2025,,https://petsymposium.org/popets/2025/popets-2025-0005.pdf,,,,
Warin2025PrivacyPA,User Privacy Perceptions Across the XR Spectrum: An Extended Reality Cross-Platform Comparative Analysis of A Virtual House Tour,User Privacy Perceptions Across the XR Spectrum: An Extended Reality Cross-Platform Comparative Analysis of A Virtual House Tour,"Privacy perceptions, user concerns",user_concerns,user_concerns,"Study user privacy perceptions and awareness across MAR, MR, and VR platforms in a cross-platform XR scenario.","Qualitative lab study with 20 participants using a cross-platform XR application on MAR (Android), MR (HoloLens 2), and VR (Meta Quest 2), followed by semi-structured interviews comparing permission requests, sensor data awareness, and privacy perceptions across devices.",Malicious VR app,malicious_application,malicious_application,app,Measure: Profiling users,"Extended Reality (XR) devices rely on a wide range of sensors that collect sensitive user and environmental data, raising privacy concerns. This paper analyzes privacy perceptions across Mobile Augmented Reality (MAR), Mixed Reality (MR), and Virtual Reality (VR) through a cross-platform user study. Participants experienced a virtual house tour using two different XR devices and took part in semi-structured interviews focusing on permission requests, data collection awareness, and privacy concerns. Results show higher concern for MAR and MR than VR, low awareness of biometric and spatial data sensitivity, and frequent misunderstanding of XR permission mechanisms. The findings highlight the need for XR-specific permission models, improved transparency, and user education to support privacy-aware XR use.",PETS,2025,,https://petsymposium.org/popets/2025/popets-2025-0009.pdf,,,,